Entity,Code,Year,GDP_capita
Albania,ALB,2000,5315.43
Albania,ALB,2001,5525.691
Albania,ALB,2002,5636.1846
Albania,ALB,2003,5861.1265
Albania,ALB,2004,6038.8965
Albania,ALB,2005,6531.797
Albania,ALB,2006,7108.6143
Albania,ALB,2007,7666.5283
Albania,ALB,2008,8615.24
Albania,ALB,2009,9320.368
Albania,ALB,2010,10522.667
Albania,ALB,2011,10711.467
Albania,ALB,2012,11106.769
Albania,ALB,2013,10646.325
Albania,ALB,2014,11079.809
Albania,ALB,2015,11644.792
Albania,ALB,2016,11674.589
Albania,ALB,2017,12126.523
Albania,ALB,2018,12267.312
Albania,ALB,2019,12531.788
Algeria,DZA,2000,9704.585
Algeria,DZA,2001,9655.797
Algeria,DZA,2002,9881.31
Algeria,DZA,2003,10634.918
Algeria,DZA,2004,11033.535
Algeria,DZA,2005,12356.633
Algeria,DZA,2006,13424.695
Algeria,DZA,2007,13692.437
Algeria,DZA,2008,14433.803
Algeria,DZA,2009,13045.797
Algeria,DZA,2010,14808.767
Algeria,DZA,2011,15523.892
Algeria,DZA,2012,14968.809
Algeria,DZA,2013,14278.215
Algeria,DZA,2014,13804.14
Algeria,DZA,2015,12512.007
Algeria,DZA,2016,11854.604
Algeria,DZA,2017,11408.486
Algeria,DZA,2018,11773.642
Algeria,DZA,2019,11787.492
Angola,AGO,2000,2228.5913
Angola,AGO,2001,2334.3542
Angola,AGO,2002,2533.5806
Angola,AGO,2003,2682.5945
Angola,AGO,2004,3131.4824
Angola,AGO,2005,4116.556
Angola,AGO,2006,5289.559
Angola,AGO,2007,5809.966
Angola,AGO,2008,6923.387
Angola,AGO,2009,5130.315
Angola,AGO,2010,6834.37
Angola,AGO,2011,8334.11
Angola,AGO,2012,9143.057
Angola,AGO,2013,9320.892
Angola,AGO,2014,9460.202
Angola,AGO,2015,8058.727
Angola,AGO,2016,7581.5454
Angola,AGO,2017,7718.8564
Angola,AGO,2018,7588.662
Angola,AGO,2019,7159.579
Armenia,ARM,2000,3798.6646
Armenia,ARM,2001,4040.34
Armenia,ARM,2002,4396.316
Armenia,ARM,2003,5031.019
Armenia,ARM,2004,5389.253
Armenia,ARM,2005,6023.9185
Armenia,ARM,2006,6901.371
Armenia,ARM,2007,7882.088
Armenia,ARM,2008,8643.752
Armenia,ARM,2009,8038.7026
Armenia,ARM,2010,8880.064
Armenia,ARM,2011,9795.726
Armenia,ARM,2012,11476.973
Armenia,ARM,2013,11309.393
Armenia,ARM,2014,10791.942
Armenia,ARM,2015,11156.541
Armenia,ARM,2016,11325.965
Armenia,ARM,2017,12979.432
Armenia,ARM,2018,13588.856
Armenia,ARM,2019,14735.138
Australia,AUS,2000,39331.9
Australia,AUS,2001,40172.168
Australia,AUS,2002,40712.246
Australia,AUS,2003,41971.69
Australia,AUS,2004,42933.586
Australia,AUS,2005,45488.26
Australia,AUS,2006,45679.094
Australia,AUS,2007,46090.77
Australia,AUS,2008,47621.637
Australia,AUS,2009,46605.594
Australia,AUS,2010,50222.52
Australia,AUS,2011,52136.227
Australia,AUS,2012,51097.926
Australia,AUS,2013,52768.6
Australia,AUS,2014,51919.355
Australia,AUS,2015,48712.19
Australia,AUS,2016,51497.21
Australia,AUS,2017,52536.19
Australia,AUS,2018,54236.766
Australia,AUS,2019,54147.008
Austria,AUT,2000,38036.566
Austria,AUT,2001,37042.785
Austria,AUT,2002,37653.426
Austria,AUT,2003,38394.566
Austria,AUT,2004,39732.598
Austria,AUT,2005,43298.79
Austria,AUT,2006,43980.133
Austria,AUT,2007,45328.258
Austria,AUT,2008,46818.812
Austria,AUT,2009,44564.95
Austria,AUT,2010,45806.348
Austria,AUT,2011,47593.11
Austria,AUT,2012,48182.363
Austria,AUT,2013,47261.83
Austria,AUT,2014,49125.188
Austria,AUT,2015,49618.703
Austria,AUT,2016,49865.79
Austria,AUT,2017,51954.277
Austria,AUT,2018,52968.19
Austria,AUT,2019,53344.508
Azerbaijan,AZE,2000,2816.3289
Azerbaijan,AZE,2001,3176.2764
Azerbaijan,AZE,2002,3260.5984
Azerbaijan,AZE,2003,3405.857
Azerbaijan,AZE,2004,3566.5247
Azerbaijan,AZE,2005,5500.5513
Azerbaijan,AZE,2006,7976.9453
Azerbaijan,AZE,2007,10800.024
Azerbaijan,AZE,2008,11934.759
Azerbaijan,AZE,2009,12098.649
Azerbaijan,AZE,2010,14367.471
Azerbaijan,AZE,2011,18106.38
Azerbaijan,AZE,2012,19267.303
Azerbaijan,AZE,2013,17494.54
Azerbaijan,AZE,2014,18844.375
Azerbaijan,AZE,2015,14581.192
Azerbaijan,AZE,2016,13778.009
Azerbaijan,AZE,2017,14091.36
Azerbaijan,AZE,2018,15542.556
Azerbaijan,AZE,2019,15858.924
Bangladesh,BGD,2000,1520.2449
Bangladesh,BGD,2001,1535.8394
Bangladesh,BGD,2002,1588.2731
Bangladesh,BGD,2003,1606.8379
Bangladesh,BGD,2004,1621.7179
Bangladesh,BGD,2005,1666.4171
Bangladesh,BGD,2006,1793.9163
Bangladesh,BGD,2007,1978.3098
Bangladesh,BGD,2008,2193.2632
Bangladesh,BGD,2009,2353.637
Bangladesh,BGD,2010,2650.6636
Bangladesh,BGD,2011,3030.0151
Bangladesh,BGD,2012,3113.8965
Bangladesh,BGD,2013,3260.8838
Bangladesh,BGD,2014,3453.2925
Bangladesh,BGD,2015,3714.8008
Bangladesh,BGD,2016,3833.7283
Bangladesh,BGD,2017,4112.704
Bangladesh,BGD,2018,4428.1455
Bangladesh,BGD,2019,4658.01
Belarus,BLR,2001,9692.305
Belarus,BLR,2002,9920.514
Belarus,BLR,2003,10457.991
Belarus,BLR,2004,11319.383
Belarus,BLR,2005,12043.056
Belarus,BLR,2006,13609.858
Belarus,BLR,2007,15058.907
Belarus,BLR,2008,17549.406
Belarus,BLR,2009,17012.016
Belarus,BLR,2010,18824.506
Belarus,BLR,2011,21223.59
Belarus,BLR,2012,20276.56
Belarus,BLR,2013,19838.09
Belarus,BLR,2014,20188.39
Belarus,BLR,2015,19728.426
Belarus,BLR,2016,18609.34
Belarus,BLR,2017,20307.428
Belarus,BLR,2018,21174.275
Belarus,BLR,2019,21665.938
Belgium,BEL,2000,33739.33
Belgium,BEL,2001,33801.445
Belgium,BEL,2002,34587.23
Belgium,BEL,2003,35921.406
Belgium,BEL,2004,36637.98
Belgium,BEL,2005,40701.17
Belgium,BEL,2006,39286.82
Belgium,BEL,2007,40197.406
Belgium,BEL,2008,43370.99
Belgium,BEL,2009,41608.61
Belgium,BEL,2010,44733.914
Belgium,BEL,2011,44285.63
Belgium,BEL,2012,44366.01
Belgium,BEL,2013,43980.91
Belgium,BEL,2014,43960.465
Belgium,BEL,2015,42891.355
Belgium,BEL,2016,43413.094
Belgium,BEL,2017,45150.195
Belgium,BEL,2018,44205.297
Belgium,BEL,2019,44839.68
Belize,BLZ,2000,6530.451
Belize,BLZ,2001,6299.567
Belize,BLZ,2002,6895.2183
Belize,BLZ,2003,7420.105
Belize,BLZ,2004,7606.347
Belize,BLZ,2005,7805.492
Belize,BLZ,2006,8127.245
Belize,BLZ,2007,8185.3877
Belize,BLZ,2008,7690.259
Belize,BLZ,2009,7087.6943
Belize,BLZ,2010,7784.203
Belize,BLZ,2011,8055.136
Belize,BLZ,2012,8062.7334
Belize,BLZ,2013,7291.5586
Belize,BLZ,2014,7270.5225
Belize,BLZ,2015,6594.8223
Belize,BLZ,2016,6321.782
Belize,BLZ,2017,6199.1445
Belize,BLZ,2018,5793.2246
Belize,BLZ,2019,5602.4204
Bhutan,BTN,2000,4428.868
Bhutan,BTN,2001,4585.326
Bhutan,BTN,2002,5162.9624
Bhutan,BTN,2003,5553.9844
Bhutan,BTN,2004,6377.2344
Bhutan,BTN,2005,6264.4834
Bhutan,BTN,2006,6182.142
Bhutan,BTN,2007,6538.2363
Bhutan,BTN,2008,7184.4434
Bhutan,BTN,2009,7688.8325
Bhutan,BTN,2010,8901.771
Bhutan,BTN,2011,9147.525
Bhutan,BTN,2012,9464.409
Bhutan,BTN,2013,8591.17
Bhutan,BTN,2014,8779.765
Bhutan,BTN,2015,9778.855
Bhutan,BTN,2016,10569.886
Bhutan,BTN,2017,11190.055
Bhutan,BTN,2018,11457.6455
Bhutan,BTN,2019,11778.3955
"Bolivia, Plurinational State of",BOL,2000,3264.6858
"Bolivia, Plurinational State of",BOL,2001,3341.6895
"Bolivia, Plurinational State of",BOL,2002,3441.554
"Bolivia, Plurinational State of",BOL,2003,3547.0254
"Bolivia, Plurinational State of",BOL,2004,3703.2166
"Bolivia, Plurinational State of",BOL,2005,3896.6584
"Bolivia, Plurinational State of",BOL,2006,4040.7559
"Bolivia, Plurinational State of",BOL,2007,4219.324
"Bolivia, Plurinational State of",BOL,2008,4686.3604
"Bolivia, Plurinational State of",BOL,2009,4799.179
"Bolivia, Plurinational State of",BOL,2010,5248.621
"Bolivia, Plurinational State of",BOL,2011,5819.723
"Bolivia, Plurinational State of",BOL,2012,6424.1636
"Bolivia, Plurinational State of",BOL,2013,7039.8984
"Bolivia, Plurinational State of",BOL,2014,7257.5317
"Bolivia, Plurinational State of",BOL,2015,7336.2764
"Bolivia, Plurinational State of",BOL,2016,7606.1006
"Bolivia, Plurinational State of",BOL,2017,8176.8667
"Bolivia, Plurinational State of",BOL,2018,8489.708
"Bolivia, Plurinational State of",BOL,2019,8584.631
Botswana,BWA,2000,11064.159
Botswana,BWA,2001,10805.393
Botswana,BWA,2002,12533.8545
Botswana,BWA,2003,12158.926
Botswana,BWA,2004,12506.996
Botswana,BWA,2005,14003.922
Botswana,BWA,2006,14303.025
Botswana,BWA,2007,14592.438
Botswana,BWA,2008,14481.412
Botswana,BWA,2009,13197.055
Botswana,BWA,2010,14527.12
Botswana,BWA,2011,15922.705
Botswana,BWA,2012,14734.384
Botswana,BWA,2013,14868.127
Botswana,BWA,2014,16191.077
Botswana,BWA,2015,15194.871
Botswana,BWA,2016,15642.398
Botswana,BWA,2017,16208.257
Botswana,BWA,2018,16123.994
Botswana,BWA,2019,16484.375
Brazil,BRA,2000,9460.318
Brazil,BRA,2001,9288.298
Brazil,BRA,2002,9232.4375
Brazil,BRA,2003,9082.942
Brazil,BRA,2004,9449.636
Brazil,BRA,2005,9686.668
Brazil,BRA,2006,10455.969
Brazil,BRA,2007,11527.026
Brazil,BRA,2008,12705.692
Brazil,BRA,2009,13057.089
Brazil,BRA,2010,15012.523
Brazil,BRA,2011,16611.414
Brazil,BRA,2012,16416.596
Brazil,BRA,2013,16445.102
Brazil,BRA,2014,16262.959
Brazil,BRA,2015,15077.577
Brazil,BRA,2016,14219.3955
Brazil,BRA,2017,14284.612
Brazil,BRA,2018,14522.992
Brazil,BRA,2019,14593.961
Bulgaria,BGR,2000,9956.198
Bulgaria,BGR,2001,10270.034
Bulgaria,BGR,2002,10737.501
Bulgaria,BGR,2003,11144.845
Bulgaria,BGR,2004,11735.487
Bulgaria,BGR,2005,13120.203
Bulgaria,BGR,2006,13993.135
Bulgaria,BGR,2007,15213.048
Bulgaria,BGR,2008,16406.996
Bulgaria,BGR,2009,15935.777
Bulgaria,BGR,2010,16649.312
Bulgaria,BGR,2011,16569.482
Bulgaria,BGR,2012,17080.576
Bulgaria,BGR,2013,16343.87
Bulgaria,BGR,2014,16967.645
Bulgaria,BGR,2015,17693.727
Bulgaria,BGR,2016,18665.13
Bulgaria,BGR,2017,19579.834
Bulgaria,BGR,2018,20390.068
Bulgaria,BGR,2019,21347.125
Burundi,BDI,2000,747.8341
Burundi,BDI,2001,742.2993
Burundi,BDI,2002,758.14923
Burundi,BDI,2003,773.5017
Burundi,BDI,2004,789.04614
Burundi,BDI,2005,754.1615
Burundi,BDI,2006,759.1195
Burundi,BDI,2007,748.0403
Burundi,BDI,2008,764.151
Burundi,BDI,2009,746.0979
Burundi,BDI,2010,766.5949
Burundi,BDI,2011,811.1974
Burundi,BDI,2012,815.9228
Burundi,BDI,2013,871.4557
Burundi,BDI,2014,884.5523
Burundi,BDI,2015,853.4425
Burundi,BDI,2016,860.21265
Burundi,BDI,2017,826.2287
Burundi,BDI,2018,807.7167
Burundi,BDI,2019,790.046
Cameroon,CMR,2000,2673.2998
Cameroon,CMR,2001,2664.7683
Cameroon,CMR,2002,2678.5527
Cameroon,CMR,2003,2767.8074
Cameroon,CMR,2004,2764.6033
Cameroon,CMR,2005,2795.1963
Cameroon,CMR,2006,2822.2488
Cameroon,CMR,2007,2889.4202
Cameroon,CMR,2008,2970.7505
Cameroon,CMR,2009,2895.9507
Cameroon,CMR,2010,2935.96
Cameroon,CMR,2011,3044.646
Cameroon,CMR,2012,3175.768
Cameroon,CMR,2013,3226.7278
Cameroon,CMR,2014,3319.3752
Cameroon,CMR,2015,3367.5437
Cameroon,CMR,2016,3484.3015
Cameroon,CMR,2017,3521.3113
Cameroon,CMR,2018,3606.3958
Cameroon,CMR,2019,3651.4968
Canada,CAN,2000,41998.54
Canada,CAN,2001,41247.48
Canada,CAN,2002,41119.555
Canada,CAN,2003,42749.91
Canada,CAN,2004,44200.812
Canada,CAN,2005,47073.375
Canada,CAN,2006,46799.203
Canada,CAN,2007,47230.992
Canada,CAN,2008,48610.477
Canada,CAN,2009,43182.203
Canada,CAN,2010,45646.465
Canada,CAN,2011,47756.727
Canada,CAN,2012,47564.656
Canada,CAN,2013,48815.652
Canada,CAN,2014,49926.117
Canada,CAN,2015,46945.504
Canada,CAN,2016,47032.89
Canada,CAN,2017,48902.645
Canada,CAN,2018,49458.035
Canada,CAN,2019,49884.055
Chile,CHL,2000,11693.727
Chile,CHL,2001,11511.693
Chile,CHL,2002,11481.016
Chile,CHL,2003,11870.72
Chile,CHL,2004,13106.786
Chile,CHL,2005,14570.872
Chile,CHL,2006,16854.547
Chile,CHL,2007,18105.645
Chile,CHL,2008,17407.621
Chile,CHL,2009,17554.469
Chile,CHL,2010,20055.396
Chile,CHL,2011,22020.885
Chile,CHL,2012,23062.062
Chile,CHL,2013,23622.014
Chile,CHL,2014,23741.92
Chile,CHL,2015,23214.646
Chile,CHL,2016,22606.166
Chile,CHL,2017,22864.049
Chile,CHL,2018,23286.533
Chile,CHL,2019,23252.557
China,CHN,2000,4199.84
China,CHN,2001,4540.0283
China,CHN,2002,4940.1445
China,CHN,2003,5365.0444
China,CHN,2004,5952.99
China,CHN,2005,6588.563
China,CHN,2006,7144.8
China,CHN,2007,7817.45
China,CHN,2008,8281.87
China,CHN,2009,8938.087
China,CHN,2010,10116.533
China,CHN,2011,10874.707
China,CHN,2012,11501.821
China,CHN,2013,11899.735
China,CHN,2014,12411.439
China,CHN,2015,12784.436
China,CHN,2016,13147.852
China,CHN,2017,13854.229
China,CHN,2018,13819.324
China,CHN,2019,14128.812
Colombia,COL,2000,7760.558
Colombia,COL,2001,7679.919
Colombia,COL,2002,7661.362
Colombia,COL,2003,7820.7036
Colombia,COL,2004,8089.7007
Colombia,COL,2005,8529.045
Colombia,COL,2006,9216.343
Colombia,COL,2007,10036.59
Colombia,COL,2008,10897.64
Colombia,COL,2009,10974.397
Colombia,COL,2010,11956.13
Colombia,COL,2011,13226.351
Colombia,COL,2012,13683.41
Colombia,COL,2013,13840.157
Colombia,COL,2014,14080.851
Colombia,COL,2015,13796.842
Colombia,COL,2016,13566.159
Colombia,COL,2017,13426.758
Colombia,COL,2018,13782.132
Colombia,COL,2019,14057.756
Costa Rica,CRI,2000,10515.262
Costa Rica,CRI,2001,10787.231
Costa Rica,CRI,2002,10691.711
Costa Rica,CRI,2003,10874.106
Costa Rica,CRI,2004,11215.025
Costa Rica,CRI,2005,11871.861
Costa Rica,CRI,2006,11952.692
Costa Rica,CRI,2007,12489.902
Costa Rica,CRI,2008,13053.728
Costa Rica,CRI,2009,13642.417
Costa Rica,CRI,2010,13726.42
Costa Rica,CRI,2011,14410.855
Costa Rica,CRI,2012,15094.226
Costa Rica,CRI,2013,14711.616
Costa Rica,CRI,2014,15424.482
Costa Rica,CRI,2015,16333.762
Costa Rica,CRI,2016,17231.314
Costa Rica,CRI,2017,18127.814
Costa Rica,CRI,2018,18217.113
Costa Rica,CRI,2019,18522.178
Croatia,HRV,2000,13427.418
Croatia,HRV,2001,14111.179
Croatia,HRV,2002,15212.699
Croatia,HRV,2003,16221.238
Croatia,HRV,2004,16700.596
Croatia,HRV,2005,18152.627
Croatia,HRV,2006,19902.887
Croatia,HRV,2007,21548.15
Croatia,HRV,2008,22912.477
Croatia,HRV,2009,21806.916
Croatia,HRV,2010,21639.455
Croatia,HRV,2011,22431.89
Croatia,HRV,2012,22540.734
Croatia,HRV,2013,21535.82
Croatia,HRV,2014,21477.525
Croatia,HRV,2015,22547.463
Croatia,HRV,2016,23327.596
Croatia,HRV,2017,25359.7
Croatia,HRV,2018,25104.54
Croatia,HRV,2019,26001.002
Cyprus,CYP,2000,27567.72
Cyprus,CYP,2001,28040.58
Cyprus,CYP,2002,26906.66
Cyprus,CYP,2003,25184.34
Cyprus,CYP,2004,25365.447
Cyprus,CYP,2005,28928.69
Cyprus,CYP,2006,29449.406
Cyprus,CYP,2007,30878.047
Cyprus,CYP,2008,32407.42
Cyprus,CYP,2009,31801.402
Cyprus,CYP,2010,31855.75
Cyprus,CYP,2011,30961.527
Cyprus,CYP,2012,31319.172
Cyprus,CYP,2013,28148.766
Cyprus,CYP,2014,26588.385
Cyprus,CYP,2015,28228.88
Cyprus,CYP,2016,30758.475
Cyprus,CYP,2017,31253.988
Cyprus,CYP,2018,31223.533
Cyprus,CYP,2019,32301.82
Czechia,CZE,2000,22501.195
Czechia,CZE,2001,23598.492
Czechia,CZE,2002,23222.879
Czechia,CZE,2003,24319.578
Czechia,CZE,2004,25010.672
Czechia,CZE,2005,27212.762
Czechia,CZE,2006,27721.584
Czechia,CZE,2007,30006.361
Czechia,CZE,2008,31376.184
Czechia,CZE,2009,29960.416
Czechia,CZE,2010,30265.84
Czechia,CZE,2011,31122.107
Czechia,CZE,2012,30945.021
Czechia,CZE,2013,30546.51
Czechia,CZE,2014,31932.49
Czechia,CZE,2015,32746.5
Czechia,CZE,2016,33460.086
Czechia,CZE,2017,35579.258
Czechia,CZE,2018,36724.83
Czechia,CZE,2019,37521.227
Denmark,DNK,2000,37403.957
Denmark,DNK,2001,37265.41
Denmark,DNK,2002,37064.266
Denmark,DNK,2003,37679.652
Denmark,DNK,2004,39556.914
Denmark,DNK,2005,43031.414
Denmark,DNK,2006,44582.707
Denmark,DNK,2007,45687.332
Denmark,DNK,2008,48294.336
Denmark,DNK,2009,46005.824
Denmark,DNK,2010,48860.055
Denmark,DNK,2011,49686.81
Denmark,DNK,2012,49100.336
Denmark,DNK,2013,47969.64
Denmark,DNK,2014,47861.254
Denmark,DNK,2015,47492.906
Denmark,DNK,2016,48930.09
Denmark,DNK,2017,51671.598
Denmark,DNK,2018,51931.836
Denmark,DNK,2019,54027.15
Ecuador,ECU,2000,5510.876
Ecuador,ECU,2001,5798.6143
Ecuador,ECU,2002,6233.989
Ecuador,ECU,2003,6496.728
Ecuador,ECU,2004,7106.095
Ecuador,ECU,2005,7963.3896
Ecuador,ECU,2006,8460.081
Ecuador,ECU,2007,8832.098
Ecuador,ECU,2008,9664.322
Ecuador,ECU,2009,9225.989
Ecuador,ECU,2010,9908.478
Ecuador,ECU,2011,10796.917
Ecuador,ECU,2012,11377.923
Ecuador,ECU,2013,12181.178
Ecuador,ECU,2014,12239.398
Ecuador,ECU,2015,11354.9
Ecuador,ECU,2016,11039.747
Ecuador,ECU,2017,11413.081
Ecuador,ECU,2018,11474.869
Ecuador,ECU,2019,11235.628
Egypt,EGY,2000,5409.2036
Egypt,EGY,2001,5587.2725
Egypt,EGY,2002,5645.3623
Egypt,EGY,2003,5750.7285
Egypt,EGY,2004,5913.924
Egypt,EGY,2005,6153.4644
Egypt,EGY,2006,6531.3677
Egypt,EGY,2007,7413.0864
Egypt,EGY,2008,8747.43
Egypt,EGY,2009,9276.948
Egypt,EGY,2010,10419.649
Egypt,EGY,2011,11504.672
Egypt,EGY,2012,13117.716
Egypt,EGY,2013,12747.484
Egypt,EGY,2014,12364.076
Egypt,EGY,2015,12621.582
Egypt,EGY,2016,12098.37
Egypt,EGY,2017,12009.694
Egypt,EGY,2018,12278.8955
Egypt,EGY,2019,12059.8955
El Salvador,SLV,2000,2323.745
El Salvador,SLV,2001,2438.77
El Salvador,SLV,2002,2671.4375
El Salvador,SLV,2003,2915.498
El Salvador,SLV,2004,3126.8823
El Salvador,SLV,2005,3658.7615
El Salvador,SLV,2006,4014.762
El Salvador,SLV,2007,4418.236
El Salvador,SLV,2008,4903.5405
El Salvador,SLV,2009,5222.856
El Salvador,SLV,2010,6049.7974
El Salvador,SLV,2011,7215.2173
El Salvador,SLV,2012,7372.193
El Salvador,SLV,2013,7369.935
El Salvador,SLV,2014,7582.2363
El Salvador,SLV,2015,7584.579
El Salvador,SLV,2016,7707.979
El Salvador,SLV,2017,7942.096
El Salvador,SLV,2018,7987.9927
El Salvador,SLV,2019,8116.269
Estonia,EST,2000,13010.503
Estonia,EST,2001,13763.808
Estonia,EST,2002,14746.476
Estonia,EST,2003,15846.114
Estonia,EST,2004,16687.523
Estonia,EST,2005,20291.969
Estonia,EST,2006,22042.734
Estonia,EST,2007,24741.186
Estonia,EST,2008,25228.648
Estonia,EST,2009,22535.018
Estonia,EST,2010,23852.137
Estonia,EST,2011,26704.477
Estonia,EST,2012,28276.275
Estonia,EST,2013,28599.617
Estonia,EST,2014,29229.885
Estonia,EST,2015,28516.846
Estonia,EST,2016,29319.807
Estonia,EST,2017,30981.602
Estonia,EST,2018,32280.738
Estonia,EST,2019,33852.387
Ethiopia,ETH,2000,593.4034
Ethiopia,ETH,2001,672.91284
Ethiopia,ETH,2002,580.5012
Ethiopia,ETH,2003,601.9647
Ethiopia,ETH,2004,692.32605
Ethiopia,ETH,2005,806.1251
Ethiopia,ETH,2006,793.5053
Ethiopia,ETH,2007,919.3985
Ethiopia,ETH,2008,978.5417
Ethiopia,ETH,2009,1006.8923
Ethiopia,ETH,2010,1155.4794
Ethiopia,ETH,2011,1267.2755
Ethiopia,ETH,2012,1336.031
Ethiopia,ETH,2013,1400.8866
Ethiopia,ETH,2014,1666.4066
Ethiopia,ETH,2015,1758.5656
Ethiopia,ETH,2016,1970.3477
Ethiopia,ETH,2017,2025.7733
Ethiopia,ETH,2018,2266.0593
Ethiopia,ETH,2019,2720.7412
Fiji,FJI,2000,6694.667
Fiji,FJI,2001,6628.3354
Fiji,FJI,2002,6544.038
Fiji,FJI,2003,6119.557
Fiji,FJI,2004,6088.171
Fiji,FJI,2005,5941.677
Fiji,FJI,2006,6637.2476
Fiji,FJI,2007,6748.2866
Fiji,FJI,2008,7331.2466
Fiji,FJI,2009,7884.717
Fiji,FJI,2010,8670.004
Fiji,FJI,2011,9192.673
Fiji,FJI,2012,9773.799
Fiji,FJI,2013,10762.616
Fiji,FJI,2014,12349.98
Fiji,FJI,2015,12973.972
Fiji,FJI,2016,12733.721
Fiji,FJI,2017,12996.861
Fiji,FJI,2018,14065.826
Fiji,FJI,2019,13753.734
Finland,FIN,2000,35949.78
Finland,FIN,2001,36123.156
Finland,FIN,2002,35880.758
Finland,FIN,2003,36471.54
Finland,FIN,2004,38077.883
Finland,FIN,2005,40534.965
Finland,FIN,2006,41241.23
Finland,FIN,2007,44680.04
Finland,FIN,2008,46203.7
Finland,FIN,2009,42181.793
Finland,FIN,2010,43468.39
Finland,FIN,2011,44077.234
Finland,FIN,2012,43473.6
Finland,FIN,2013,41426.906
Finland,FIN,2014,41140.89
Finland,FIN,2015,41660.523
Finland,FIN,2016,42577.58
Finland,FIN,2017,43827.152
Finland,FIN,2018,44198.883
Finland,FIN,2019,44928.516
France,FRA,2000,34969.0
France,FRA,2001,35672.86
France,FRA,2002,35605.21
France,FRA,2003,34481.52
France,FRA,2004,34925.938
France,FRA,2005,37604.82
France,FRA,2006,38307.066
France,FRA,2007,39857.41
France,FRA,2008,39980.652
France,FRA,2009,38507.375
France,FRA,2010,39900.06
France,FRA,2011,40818.42
France,FRA,2012,41133.777
France,FRA,2013,40529.363
France,FRA,2014,40418.523
France,FRA,2015,40998.42
France,FRA,2016,41386.223
France,FRA,2017,42818.76
France,FRA,2018,43192.387
France,FRA,2019,43755.062
Georgia,GEO,2000,3831.3064
Georgia,GEO,2001,4132.7324
Georgia,GEO,2002,4461.047
Georgia,GEO,2003,4981.2437
Georgia,GEO,2004,5438.092
Georgia,GEO,2005,6093.007
Georgia,GEO,2006,7033.607
Georgia,GEO,2007,7908.328
Georgia,GEO,2008,8304.929
Georgia,GEO,2009,8481.528
Georgia,GEO,2010,8912.809
Georgia,GEO,2011,9718.428
Georgia,GEO,2012,10511.552
Georgia,GEO,2013,10954.579
Georgia,GEO,2014,11742.295
Georgia,GEO,2015,12695.076
Georgia,GEO,2016,13287.4795
Georgia,GEO,2017,14371.111
Georgia,GEO,2018,15141.594
Georgia,GEO,2019,17055.666
Germany,DEU,2000,37290.406
Germany,DEU,2001,37771.26
Germany,DEU,2002,37600.027
Germany,DEU,2003,38480.516
Germany,DEU,2004,39573.63
Germany,DEU,2005,41565.598
Germany,DEU,2006,42595.03
Germany,DEU,2007,45097.15
Germany,DEU,2008,46266.527
Germany,DEU,2009,43240.043
Germany,DEU,2010,45435.336
Germany,DEU,2011,47754.105
Germany,DEU,2012,47312.203
Germany,DEU,2013,47302.22
Germany,DEU,2014,48789.92
Germany,DEU,2015,48064.566
Germany,DEU,2016,49255.832
Germany,DEU,2017,51253.33
Germany,DEU,2018,51284.934
Germany,DEU,2019,51190.89
Ghana,GHA,2000,3467.5833
Ghana,GHA,2001,3139.4385
Ghana,GHA,2002,3076.7017
Ghana,GHA,2003,3189.0496
Ghana,GHA,2004,3336.3586
Ghana,GHA,2005,3346.965
Ghana,GHA,2006,3352.8547
Ghana,GHA,2007,3924.3242
Ghana,GHA,2008,4304.033
Ghana,GHA,2009,3999.699
Ghana,GHA,2010,4363.8564
Ghana,GHA,2011,4841.9297
Ghana,GHA,2012,5338.2764
Ghana,GHA,2013,5636.321
Ghana,GHA,2014,5831.9644
Ghana,GHA,2015,5354.642
Ghana,GHA,2016,5022.625
Ghana,GHA,2017,5080.747
Ghana,GHA,2018,5111.909
Ghana,GHA,2019,5363.2695
Greece,GRC,2000,25357.277
Greece,GRC,2001,26199.316
Greece,GRC,2002,27155.65
Greece,GRC,2003,27225.674
Greece,GRC,2004,28451.61
Greece,GRC,2005,29086.717
Greece,GRC,2006,31469.406
Greece,GRC,2007,31673.479
Greece,GRC,2008,32849.035
Greece,GRC,2009,32017.865
Greece,GRC,2010,29795.945
Greece,GRC,2011,27150.488
Greece,GRC,2012,26113.637
Greece,GRC,2013,26244.691
Greece,GRC,2014,26016.303
Greece,GRC,2015,26330.736
Greece,GRC,2016,25818.572
Greece,GRC,2017,26477.574
Greece,GRC,2018,26602.74
Greece,GRC,2019,27201.492
Guatemala,GTM,2000,5402.275
Guatemala,GTM,2001,5599.318
Guatemala,GTM,2002,5682.7383
Guatemala,GTM,2003,5760.5005
Guatemala,GTM,2004,5866.695
Guatemala,GTM,2005,6019.3354
Guatemala,GTM,2006,6234.127
Guatemala,GTM,2007,6527.2104
Guatemala,GTM,2008,6697.68
Guatemala,GTM,2009,6729.5073
Guatemala,GTM,2010,6941.2446
Guatemala,GTM,2011,7311.478
Guatemala,GTM,2012,7688.2773
Guatemala,GTM,2013,7549.355
Guatemala,GTM,2014,7533.8525
Guatemala,GTM,2015,7737.959
Guatemala,GTM,2016,7599.908
Guatemala,GTM,2017,7507.966
Guatemala,GTM,2018,7611.8486
Guatemala,GTM,2019,7769.828
Guinea-Bissau,GNB,2000,1771.9899
Guinea-Bissau,GNB,2001,1765.8668
Guinea-Bissau,GNB,2002,1679.818
Guinea-Bissau,GNB,2003,1658.1754
Guinea-Bissau,GNB,2004,1681.6792
Guinea-Bissau,GNB,2005,1645.1265
Guinea-Bissau,GNB,2006,1574.5001
Guinea-Bissau,GNB,2007,1535.3137
Guinea-Bissau,GNB,2008,1503.4553
Guinea-Bissau,GNB,2009,1431.9447
Guinea-Bissau,GNB,2010,1487.183
Guinea-Bissau,GNB,2011,1567.6436
Guinea-Bissau,GNB,2012,1509.9551
Guinea-Bissau,GNB,2013,1479.8452
Guinea-Bissau,GNB,2014,1477.3801
Guinea-Bissau,GNB,2015,1665.3973
Guinea-Bissau,GNB,2016,1773.1919
Guinea-Bissau,GNB,2017,1907.2388
Guinea-Bissau,GNB,2018,1825.0135
Guinea-Bissau,GNB,2019,1850.2985
Guyana,GUY,2000,4687.493
Guyana,GUY,2001,5137.6855
Guyana,GUY,2002,5379.752
Guyana,GUY,2003,5925.3257
Guyana,GUY,2004,6723.5146
Guyana,GUY,2005,7447.572
Guyana,GUY,2006,7942.798
Guyana,GUY,2007,8511.495
Guyana,GUY,2008,9169.561
Guyana,GUY,2009,8740.866
Guyana,GUY,2010,9053.243
Guyana,GUY,2011,9759.514
Guyana,GUY,2012,10287.94
Guyana,GUY,2013,10370.794
Guyana,GUY,2014,10368.097
Guyana,GUY,2015,11144.114
Guyana,GUY,2016,11153.875
Guyana,GUY,2017,12187.789
Guyana,GUY,2018,12421.113
Guyana,GUY,2019,13010.421
Haiti,HTI,2000,2175.7676
Haiti,HTI,2001,2077.2568
Haiti,HTI,2002,2032.5906
Haiti,HTI,2003,2040.7458
Haiti,HTI,2004,1908.9474
Haiti,HTI,2005,1898.3846
Haiti,HTI,2006,1846.8743
Haiti,HTI,2007,1994.0726
Haiti,HTI,2008,1845.7612
Haiti,HTI,2009,1879.1141
Haiti,HTI,2010,1826.8264
Haiti,HTI,2011,1833.386
Haiti,HTI,2012,1827.4252
Haiti,HTI,2013,1817.1644
Haiti,HTI,2014,1854.9742
Haiti,HTI,2015,1913.0902
Haiti,HTI,2016,1826.075
Haiti,HTI,2017,1653.7714
Haiti,HTI,2018,1580.17
Haiti,HTI,2019,1554.0212
Honduras,HND,2000,3541.5427
Honduras,HND,2001,3504.368
Honduras,HND,2002,3572.1562
Honduras,HND,2003,3653.394
Honduras,HND,2004,3779.1619
Honduras,HND,2005,4056.4424
Honduras,HND,2006,4097.702
Honduras,HND,2007,4267.364
Honduras,HND,2008,4018.6868
Honduras,HND,2009,3958.0103
Honduras,HND,2010,4111.901
Honduras,HND,2011,4355.0127
Honduras,HND,2012,4573.7173
Honduras,HND,2013,4343.8896
Honduras,HND,2014,4569.137
Honduras,HND,2015,4976.4863
Honduras,HND,2016,5222.59
Honduras,HND,2017,5346.9595
Honduras,HND,2018,5359.8574
Honduras,HND,2019,5428.0635
Hungary,HUN,2000,16553.885
Hungary,HUN,2001,17554.031
Hungary,HUN,2002,18547.61
Hungary,HUN,2003,19247.383
Hungary,HUN,2004,19075.494
Hungary,HUN,2005,21192.756
Hungary,HUN,2006,21244.473
Hungary,HUN,2007,21433.201
Hungary,HUN,2008,23260.053
Hungary,HUN,2009,22472.57
Hungary,HUN,2010,23814.271
Hungary,HUN,2011,24415.496
Hungary,HUN,2012,24178.588
Hungary,HUN,2013,24297.898
Hungary,HUN,2014,24896.941
Hungary,HUN,2015,25278.672
Hungary,HUN,2016,25366.865
Hungary,HUN,2017,26908.965
Hungary,HUN,2018,27914.674
Hungary,HUN,2019,29236.4
Iceland,ISL,2000,39474.6
Iceland,ISL,2001,41138.188
Iceland,ISL,2002,40690.414
Iceland,ISL,2003,40512.914
Iceland,ISL,2004,42238.293
Iceland,ISL,2005,45611.082
Iceland,ISL,2006,43693.656
Iceland,ISL,2007,45280.676
Iceland,ISL,2008,56671.1
Iceland,ISL,2009,47770.586
Iceland,ISL,2010,43342.04
Iceland,ISL,2011,44048.383
Iceland,ISL,2012,45529.61
Iceland,ISL,2013,45043.26
Iceland,ISL,2014,45567.027
Iceland,ISL,2015,47414.69
Iceland,ISL,2016,48601.99
Iceland,ISL,2017,49844.32
Iceland,ISL,2018,50344.73
Iceland,ISL,2019,53011.742
India,IND,2000,2137.655
India,IND,2001,2214.3452
India,IND,2002,2295.8237
India,IND,2003,2463.0178
India,IND,2004,2650.0457
India,IND,2005,2973.66
India,IND,2006,3281.6194
India,IND,2007,3622.2944
India,IND,2008,3784.6685
India,IND,2009,3991.5815
India,IND,2010,4554.7417
India,IND,2011,4893.672
India,IND,2012,5230.3315
India,IND,2013,5236.9985
India,IND,2014,5397.0723
India,IND,2015,5634.441
India,IND,2016,5886.458
India,IND,2017,6188.4565
India,IND,2018,6579.506
India,IND,2019,6711.385
Indonesia,IDN,2000,3753.7678
Indonesia,IDN,2001,3800.953
Indonesia,IDN,2002,3817.389
Indonesia,IDN,2003,3824.2468
Indonesia,IDN,2004,4128.3716
Indonesia,IDN,2005,4452.749
Indonesia,IDN,2006,4878.2227
Indonesia,IDN,2007,5392.1104
Indonesia,IDN,2008,6382.0293
Indonesia,IDN,2009,6983.9497
Indonesia,IDN,2010,8177.112
Indonesia,IDN,2011,9775.595
Indonesia,IDN,2012,10309.083
Indonesia,IDN,2013,10405.758
Indonesia,IDN,2014,10458.301
Indonesia,IDN,2015,10247.408
Indonesia,IDN,2016,10315.834
Indonesia,IDN,2017,10640.702
Indonesia,IDN,2018,11247.842
Indonesia,IDN,2019,11595.102
"Iran, Islamic Republic of",IRN,2000,8242.715
"Iran, Islamic Republic of",IRN,2001,9235.28
"Iran, Islamic Republic of",IRN,2002,10496.199
"Iran, Islamic Republic of",IRN,2003,11498.957
"Iran, Islamic Republic of",IRN,2004,12932.736
"Iran, Islamic Republic of",IRN,2005,14921.047
"Iran, Islamic Republic of",IRN,2006,15904.463
"Iran, Islamic Republic of",IRN,2007,17915.809
"Iran, Islamic Republic of",IRN,2008,17714.201
"Iran, Islamic Republic of",IRN,2009,18044.977
"Iran, Islamic Republic of",IRN,2010,19116.523
"Iran, Islamic Republic of",IRN,2011,19992.902
"Iran, Islamic Republic of",IRN,2012,17011.908
"Iran, Islamic Republic of",IRN,2013,16181.029
"Iran, Islamic Republic of",IRN,2014,15579.527
"Iran, Islamic Republic of",IRN,2015,13497.838
"Iran, Islamic Republic of",IRN,2016,13911.05
"Iran, Islamic Republic of",IRN,2017,14040.69
"Iran, Islamic Republic of",IRN,2018,13188.87
"Iran, Islamic Republic of",IRN,2019,13240.924
Iraq,IRQ,2000,7589.3145
Iraq,IRQ,2001,7541.6704
Iraq,IRQ,2002,6848.861
Iraq,IRQ,2003,4265.7666
Iraq,IRQ,2004,6351.675
Iraq,IRQ,2005,6618.354
Iraq,IRQ,2006,7361.5635
Iraq,IRQ,2007,8337.189
Iraq,IRQ,2008,9964.243
Iraq,IRQ,2009,11294.439
Iraq,IRQ,2010,13105.479
Iraq,IRQ,2011,15326.204
Iraq,IRQ,2012,17235.873
Iraq,IRQ,2013,17390.014
Iraq,IRQ,2014,15000.737
Iraq,IRQ,2015,10494.439
Iraq,IRQ,2016,10037.072
Iraq,IRQ,2017,11522.754
Iraq,IRQ,2018,11616.762
Iraq,IRQ,2019,11920.252
Ireland,IRL,2000,39746.35
Ireland,IRL,2001,42077.63
Ireland,IRL,2002,46392.895
Ireland,IRL,2003,49762.98
Ireland,IRL,2004,51708.684
Ireland,IRL,2005,55875.633
Ireland,IRL,2006,56340.168
Ireland,IRL,2007,60186.035
Ireland,IRL,2008,56254.652
Ireland,IRL,2009,52878.867
Ireland,IRL,2010,52986.938
Ireland,IRL,2011,53714.656
Ireland,IRL,2012,54413.625
Ireland,IRL,2013,54242.168
Ireland,IRL,2014,58406.457
Ireland,IRL,2015,75990.266
Ireland,IRL,2016,81188.49
Ireland,IRL,2017,86808.65
Ireland,IRL,2018,91647.37
Ireland,IRL,2019,102622.45
Israel,ISR,2000,35327.105
Israel,ISR,2001,35125.93
Israel,ISR,2002,34616.707
Israel,ISR,2003,32723.291
Israel,ISR,2004,32018.518
Israel,ISR,2005,31816.086
Israel,ISR,2006,31477.191
Israel,ISR,2007,31280.05
Israel,ISR,2008,30694.04
Israel,ISR,2009,31679.553
Israel,ISR,2010,32680.99
Israel,ISR,2011,33663.434
Israel,ISR,2012,34910.715
Israel,ISR,2013,36078.668
Israel,ISR,2014,36230.445
Israel,ISR,2015,37281.348
Israel,ISR,2016,39039.242
Israel,ISR,2017,38979.03
Israel,ISR,2018,38243.504
Israel,ISR,2019,38562.625
Italy,ITA,2000,36099.543
Italy,ITA,2001,35995.87
Italy,ITA,2002,35316.086
Italy,ITA,2003,35236.848
Italy,ITA,2004,35210.15
Italy,ITA,2005,36438.453
Italy,ITA,2006,37629.727
Italy,ITA,2007,39278.04
Italy,ITA,2008,40041.08
Italy,ITA,2009,38338.21
Italy,ITA,2010,38651.53
Italy,ITA,2011,39455.664
Italy,ITA,2012,38435.727
Italy,ITA,2013,37340.996
Italy,ITA,2014,36959.64
Italy,ITA,2015,36995.258
Italy,ITA,2016,38755.73
Italy,ITA,2017,40155.508
Italy,ITA,2018,40546.684
Italy,ITA,2019,40732.03
Jamaica,JAM,2000,5864.0728
Jamaica,JAM,2001,5846.3657
Jamaica,JAM,2002,5833.9844
Jamaica,JAM,2003,6346.4126
Jamaica,JAM,2004,6432.5444
Jamaica,JAM,2005,6879.6313
Jamaica,JAM,2006,7092.3403
Jamaica,JAM,2007,7476.824
Jamaica,JAM,2008,7398.19
Jamaica,JAM,2009,7390.9375
Jamaica,JAM,2010,7533.5967
Jamaica,JAM,2011,7649.4287
Jamaica,JAM,2012,7937.296
Jamaica,JAM,2013,8067.0303
Jamaica,JAM,2014,8039.1553
Jamaica,JAM,2015,8088.889
Jamaica,JAM,2016,8092.5947
Jamaica,JAM,2017,8206.209
Jamaica,JAM,2018,8419.628
Jamaica,JAM,2019,8434.522
Japan,JPN,2000,37915.273
Japan,JPN,2001,37468.684
Japan,JPN,2002,37384.547
Japan,JPN,2003,37952.09
Japan,JPN,2004,38901.746
Japan,JPN,2005,39823.617
Japan,JPN,2006,40255.957
Japan,JPN,2007,41021.09
Japan,JPN,2008,40303.45
Japan,JPN,2009,38058.36
Japan,JPN,2010,39789.7
Japan,JPN,2011,39162.33
Japan,JPN,2012,39235.848
Japan,JPN,2013,39666.53
Japan,JPN,2014,39171.812
Japan,JPN,2015,40274.207
Japan,JPN,2016,39467.09
Japan,JPN,2017,39598.293
Japan,JPN,2018,39352.13
Japan,JPN,2019,39704.234
Jordan,JOR,2000,3860.0205
Jordan,JOR,2001,4065.502
Jordan,JOR,2002,4361.312
Jordan,JOR,2003,4536.236
Jordan,JOR,2004,5471.129
Jordan,JOR,2005,6394.599
Jordan,JOR,2006,7247.3047
Jordan,JOR,2007,7958.8003
Jordan,JOR,2008,9320.339
Jordan,JOR,2009,10554.338
Jordan,JOR,2010,10614.14
Jordan,JOR,2011,11674.002
Jordan,JOR,2012,11807.083
Jordan,JOR,2013,11130.207
Jordan,JOR,2014,10663.561
Jordan,JOR,2015,10457.684
Jordan,JOR,2016,10088.105
Jordan,JOR,2017,10580.568
Jordan,JOR,2018,10844.865
Jordan,JOR,2019,10789.006
Kazakhstan,KAZ,2000,6245.465
Kazakhstan,KAZ,2001,7108.0825
Kazakhstan,KAZ,2002,7424.8936
Kazakhstan,KAZ,2003,8357.259
Kazakhstan,KAZ,2004,9474.033
Kazakhstan,KAZ,2005,11327.526
Kazakhstan,KAZ,2006,13785.8545
Kazakhstan,KAZ,2007,16015.968
Kazakhstan,KAZ,2008,18475.537
Kazakhstan,KAZ,2009,17390.83
Kazakhstan,KAZ,2010,20422.447
Kazakhstan,KAZ,2011,24606.053
Kazakhstan,KAZ,2012,25478.342
Kazakhstan,KAZ,2013,26628.018
Kazakhstan,KAZ,2014,27303.03
Kazakhstan,KAZ,2015,23783.732
Kazakhstan,KAZ,2016,23054.086
Kazakhstan,KAZ,2017,26073.014
Kazakhstan,KAZ,2018,26528.416
Kazakhstan,KAZ,2019,28306.396
Kenya,KEN,2000,2150.2163
Kenya,KEN,2001,2180.0522
Kenya,KEN,2002,2068.823
Kenya,KEN,2003,1974.1195
Kenya,KEN,2004,2007.8159
Kenya,KEN,2005,2093.7253
Kenya,KEN,2006,2248.7551
Kenya,KEN,2007,2328.893
Kenya,KEN,2008,2348.9912
Kenya,KEN,2009,2425.5322
Kenya,KEN,2010,2608.519
Kenya,KEN,2011,2757.1055
Kenya,KEN,2012,2919.0146
Kenya,KEN,2013,3051.3423
Kenya,KEN,2014,3285.298
Kenya,KEN,2015,3538.2283
Kenya,KEN,2016,3722.6748
Kenya,KEN,2017,4044.9116
Kenya,KEN,2018,4127.8296
Kenya,KEN,2019,4236.668
Latvia,LVA,2000,11853.215
Latvia,LVA,2001,12857.024
Latvia,LVA,2002,13439.671
Latvia,LVA,2003,13875.85
Latvia,LVA,2004,14565.601
Latvia,LVA,2005,16700.621
Latvia,LVA,2006,17877.363
Latvia,LVA,2007,19655.76
Latvia,LVA,2008,21019.832
Latvia,LVA,2009,18491.115
Latvia,LVA,2010,19327.377
Latvia,LVA,2011,21471.896
Latvia,LVA,2012,22556.6
Latvia,LVA,2013,22681.514
Latvia,LVA,2014,23613.543
Latvia,LVA,2015,24716.605
Latvia,LVA,2016,25500.613
Latvia,LVA,2017,27162.365
Latvia,LVA,2018,28488.854
Latvia,LVA,2019,29411.12
Lebanon,LBN,2000,5547.0024
Lebanon,LBN,2001,6084.5947
Lebanon,LBN,2002,7628.178
Lebanon,LBN,2003,8718.86
Lebanon,LBN,2004,10569.491
Lebanon,LBN,2005,13152.828
Lebanon,LBN,2006,12710.368
Lebanon,LBN,2007,13772.124
Lebanon,LBN,2008,15355.109
Lebanon,LBN,2009,17219.682
Lebanon,LBN,2010,17581.867
Lebanon,LBN,2011,15972.841
Lebanon,LBN,2012,15461.838
Lebanon,LBN,2013,15096.267
Lebanon,LBN,2014,15051.937
Lebanon,LBN,2015,15271.155
Lebanon,LBN,2016,15853.267
Lebanon,LBN,2017,15941.899
Lebanon,LBN,2018,15562.606
Lebanon,LBN,2019,14749.867
Lesotho,LSO,2000,2454.0264
Lesotho,LSO,2001,2607.8137
Lesotho,LSO,2002,2642.6309
Lesotho,LSO,2003,2679.8435
Lesotho,LSO,2004,2691.1995
Lesotho,LSO,2005,2771.7478
Lesotho,LSO,2006,2838.2239
Lesotho,LSO,2007,2745.5413
Lesotho,LSO,2008,3062.158
Lesotho,LSO,2009,2988.5417
Lesotho,LSO,2010,2692.5435
Lesotho,LSO,2011,2726.6133
Lesotho,LSO,2012,2954.8572
Lesotho,LSO,2013,3054.4631
Lesotho,LSO,2014,3212.4592
Lesotho,LSO,2015,3382.4414
Lesotho,LSO,2016,3232.3171
Lesotho,LSO,2017,3033.479
Lesotho,LSO,2018,2682.2034
Lesotho,LSO,2019,2694.87
Liberia,LBR,2000,995.2094
Liberia,LBR,2001,836.1581
Liberia,LBR,2002,837.2262
Liberia,LBR,2003,609.7082
Liberia,LBR,2004,1137.8593
Liberia,LBR,2005,1106.6305
Liberia,LBR,2006,998.0357
Liberia,LBR,2007,901.40137
Liberia,LBR,2008,939.89246
Liberia,LBR,2009,885.25195
Liberia,LBR,2010,879.09454
Liberia,LBR,2011,885.662
Liberia,LBR,2012,913.2115
Liberia,LBR,2013,936.11194
Liberia,LBR,2014,1028.6824
Liberia,LBR,2015,1210.1753
Liberia,LBR,2016,1267.2236
Liberia,LBR,2017,1377.4381
Liberia,LBR,2018,1591.0184
Liberia,LBR,2019,1258.1931
Lithuania,LTU,2000,12111.563
Lithuania,LTU,2001,13060.229
Lithuania,LTU,2002,13447.231
Lithuania,LTU,2003,14941.42
Lithuania,LTU,2004,15235.697
Lithuania,LTU,2005,17388.69
Lithuania,LTU,2006,18709.89
Lithuania,LTU,2007,20561.068
Lithuania,LTU,2008,22023.621
Lithuania,LTU,2009,19256.902
Lithuania,LTU,2010,20978.105
Lithuania,LTU,2011,23665.562
Lithuania,LTU,2012,25366.955
Lithuania,LTU,2013,25697.758
Lithuania,LTU,2014,26893.27
Lithuania,LTU,2015,27162.244
Lithuania,LTU,2016,28086.762
Lithuania,LTU,2017,29832.797
Lithuania,LTU,2018,30921.453
Lithuania,LTU,2019,32483.44
Luxembourg,LUX,2000,66585.98
Luxembourg,LUX,2001,62035.97
Luxembourg,LUX,2002,59912.57
Luxembourg,LUX,2003,57764.754
Luxembourg,LUX,2004,53136.387
Luxembourg,LUX,2005,66100.27
Luxembourg,LUX,2006,64797.258
Luxembourg,LUX,2007,68275.55
Luxembourg,LUX,2008,66359.66
Luxembourg,LUX,2009,60593.63
Luxembourg,LUX,2010,67784.19
Luxembourg,LUX,2011,66803.414
Luxembourg,LUX,2012,68756.31
Luxembourg,LUX,2013,65823.29
Luxembourg,LUX,2014,76519.35
Luxembourg,LUX,2015,82382.44
Luxembourg,LUX,2016,86516.09
Luxembourg,LUX,2017,90597.55
Luxembourg,LUX,2018,88604.07
Luxembourg,LUX,2019,90479.41
Malawi,MWI,2000,954.1786
Malawi,MWI,2001,856.27875
Malawi,MWI,2002,1013.1568
Malawi,MWI,2003,1024.0898
Malawi,MWI,2004,1150.7426
Malawi,MWI,2005,1200.087
Malawi,MWI,2006,1218.9154
Malawi,MWI,2007,1432.0919
Malawi,MWI,2008,1623.2701
Malawi,MWI,2009,1196.9756
Malawi,MWI,2010,1159.4869
Malawi,MWI,2011,1192.2114
Malawi,MWI,2012,1081.9175
Malawi,MWI,2013,1206.1454
Malawi,MWI,2014,1081.6387
Malawi,MWI,2015,1124.0508
Malawi,MWI,2016,1084.6626
Malawi,MWI,2017,1147.5176
Malawi,MWI,2018,1135.2921
Malawi,MWI,2019,1161.3806
Malaysia,MYS,2000,13385.826
Malaysia,MYS,2001,12923.659
Malaysia,MYS,2002,13435.977
Malaysia,MYS,2003,14028.735
Malaysia,MYS,2004,15080.205
Malaysia,MYS,2005,16883.428
Malaysia,MYS,2006,16887.713
Malaysia,MYS,2007,18299.684
Malaysia,MYS,2008,20175.873
Malaysia,MYS,2009,18632.186
Malaysia,MYS,2010,19924.387
Malaysia,MYS,2011,22259.436
Malaysia,MYS,2012,23680.81
Malaysia,MYS,2013,24149.773
Malaysia,MYS,2014,23988.04
Malaysia,MYS,2015,23256.72
Malaysia,MYS,2016,23426.953
Malaysia,MYS,2017,24159.168
Malaysia,MYS,2018,24924.95
Malaysia,MYS,2019,25735.309
Mauritania,MRT,2000,3186.7036
Mauritania,MRT,2001,3062.9712
Mauritania,MRT,2002,3156.3757
Mauritania,MRT,2003,3252.0417
Mauritania,MRT,2004,3626.7964
Mauritania,MRT,2005,3666.465
Mauritania,MRT,2006,3858.7742
Mauritania,MRT,2007,3914.8733
Mauritania,MRT,2008,3848.079
Mauritania,MRT,2009,3794.6167
Mauritania,MRT,2010,4468.001
Mauritania,MRT,2011,4535.4854
Mauritania,MRT,2012,4403.5103
Mauritania,MRT,2013,4763.6836
Mauritania,MRT,2014,4307.874
Mauritania,MRT,2015,4392.759
Mauritania,MRT,2016,4473.6323
Mauritania,MRT,2017,4935.1816
Mauritania,MRT,2018,4725.573
Mauritania,MRT,2019,4676.1816
Mexico,MEX,2000,14849.223
Mexico,MEX,2001,14646.398
Mexico,MEX,2002,14265.164
Mexico,MEX,2003,14228.5205
Mexico,MEX,2004,14894.119
Mexico,MEX,2005,15638.168
Mexico,MEX,2006,15983.76
Mexico,MEX,2007,16249.967
Mexico,MEX,2008,16461.701
Mexico,MEX,2009,15710.421
Mexico,MEX,2010,16873.336
Mexico,MEX,2011,18200.082
Mexico,MEX,2012,18862.564
Mexico,MEX,2013,18710.57
Mexico,MEX,2014,18637.203
Mexico,MEX,2015,18518.387
Mexico,MEX,2016,18913.807
Mexico,MEX,2017,18939.904
Mexico,MEX,2018,19200.268
Mexico,MEX,2019,18736.527
"Moldova, Republic of",MDA,2000,2596.4407
"Moldova, Republic of",MDA,2001,2745.8767
"Moldova, Republic of",MDA,2002,3037.6013
"Moldova, Republic of",MDA,2003,3377.0925
"Moldova, Republic of",MDA,2004,3558.1033
"Moldova, Republic of",MDA,2005,3973.4304
"Moldova, Republic of",MDA,2006,4252.946
"Moldova, Republic of",MDA,2007,4308.73
"Moldova, Republic of",MDA,2008,4554.759
"Moldova, Republic of",MDA,2009,4507.9023
"Moldova, Republic of",MDA,2010,5130.034
"Moldova, Republic of",MDA,2011,5895.299
"Moldova, Republic of",MDA,2012,6565.321
"Moldova, Republic of",MDA,2013,6746.7275
"Moldova, Republic of",MDA,2014,7270.467
"Moldova, Republic of",MDA,2015,7468.925
"Moldova, Republic of",MDA,2016,8005.567
"Moldova, Republic of",MDA,2017,9095.337
"Moldova, Republic of",MDA,2018,9252.155
"Moldova, Republic of",MDA,2019,9438.566
Mongolia,MNG,2000,3213.1985
Mongolia,MNG,2001,3544.928
Mongolia,MNG,2002,3844.4285
Mongolia,MNG,2003,4135.0933
Mongolia,MNG,2004,4826.171
Mongolia,MNG,2005,5646.2065
Mongolia,MNG,2006,6549.9546
Mongolia,MNG,2007,7459.4053
Mongolia,MNG,2008,7980.5854
Mongolia,MNG,2009,7461.222
Mongolia,MNG,2010,8756.164
Mongolia,MNG,2011,10886.072
Mongolia,MNG,2012,12384.991
Mongolia,MNG,2013,11937.9
Mongolia,MNG,2014,11395.379
Mongolia,MNG,2015,10785.082
Mongolia,MNG,2016,10377.35
Mongolia,MNG,2017,10477.258
Mongolia,MNG,2018,10774.735
Mongolia,MNG,2019,11900.283
Montenegro,MNE,2000,8886.786
Montenegro,MNE,2001,9384.036
Montenegro,MNE,2002,9092.71
Montenegro,MNE,2003,9134.672
Montenegro,MNE,2004,9620.688
Montenegro,MNE,2005,10241.369
Montenegro,MNE,2006,12927.465
Montenegro,MNE,2007,16121.166
Montenegro,MNE,2008,17189.854
Montenegro,MNE,2009,15797.233
Montenegro,MNE,2010,16865.262
Montenegro,MNE,2011,17592.91
Montenegro,MNE,2012,17188.65
Montenegro,MNE,2013,16900.223
Montenegro,MNE,2014,16785.021
Montenegro,MNE,2015,18007.459
Montenegro,MNE,2016,18450.861
Montenegro,MNE,2017,19436.828
Montenegro,MNE,2018,20342.494
Montenegro,MNE,2019,21849.92
Morocco,MAR,2000,4984.969
Morocco,MAR,2001,5038.877
Morocco,MAR,2002,4916.895
Morocco,MAR,2003,5038.5156
Morocco,MAR,2004,4968.7354
Morocco,MAR,2005,4880.08
Morocco,MAR,2006,5234.098
Morocco,MAR,2007,5459.017
Morocco,MAR,2008,6071.832
Morocco,MAR,2009,6548.865
Morocco,MAR,2010,6897.943
Morocco,MAR,2011,7624.126
Morocco,MAR,2012,7691.662
Morocco,MAR,2013,7642.4927
Morocco,MAR,2014,7204.2603
Morocco,MAR,2015,7604.1436
Morocco,MAR,2016,7520.1714
Morocco,MAR,2017,7591.129
Morocco,MAR,2018,7752.627
Morocco,MAR,2019,7923.9307
Mozambique,MOZ,2000,857.1803
Mozambique,MOZ,2001,916.54047
Mozambique,MOZ,2002,1035.5167
Mozambique,MOZ,2003,1116.901
Mozambique,MOZ,2004,1118.0697
Mozambique,MOZ,2005,1190.0143
Mozambique,MOZ,2006,1195.8993
Mozambique,MOZ,2007,1222.9473
Mozambique,MOZ,2008,1247.1465
Mozambique,MOZ,2009,1233.3835
Mozambique,MOZ,2010,1227.096
Mozambique,MOZ,2011,1180.8969
Mozambique,MOZ,2012,1209.8844
Mozambique,MOZ,2013,1220.9983
Mozambique,MOZ,2014,1292.8986
Mozambique,MOZ,2015,1343.997
Mozambique,MOZ,2016,1429.1407
Mozambique,MOZ,2017,1266.6051
Mozambique,MOZ,2018,1239.6433
Mozambique,MOZ,2019,1228.8705
Myanmar,MMR,2000,1123.4163
Myanmar,MMR,2001,1188.8003
Myanmar,MMR,2002,1325.4946
Myanmar,MMR,2003,1477.2902
Myanmar,MMR,2004,1620.1046
Myanmar,MMR,2005,1804.991
Myanmar,MMR,2006,2012.7296
Myanmar,MMR,2007,2321.3628
Myanmar,MMR,2008,2624.933
Myanmar,MMR,2009,3090.497
Myanmar,MMR,2010,3679.6335
Myanmar,MMR,2011,4060.4766
Myanmar,MMR,2012,3289.9768
Myanmar,MMR,2013,4627.186
Myanmar,MMR,2014,4873.386
Myanmar,MMR,2015,4774.1333
Myanmar,MMR,2016,4740.627
Myanmar,MMR,2017,4762.926
Myanmar,MMR,2018,4919.757
Myanmar,MMR,2019,5153.375
Namibia,NAM,2000,6176.4526
Namibia,NAM,2001,6266.549
Namibia,NAM,2002,6440.5117
Namibia,NAM,2003,6352.984
Namibia,NAM,2004,6827.219
Namibia,NAM,2005,7330.709
Namibia,NAM,2006,7915.397
Namibia,NAM,2007,8090.007
Namibia,NAM,2008,8809.402
Namibia,NAM,2009,8456.091
Namibia,NAM,2010,8970.764
Namibia,NAM,2011,9607.41
Namibia,NAM,2012,10300.408
Namibia,NAM,2013,9976.187
Namibia,NAM,2014,11200.09
Namibia,NAM,2015,11041.704
Namibia,NAM,2016,10507.842
Namibia,NAM,2017,9921.88
Namibia,NAM,2018,9473.263
Namibia,NAM,2019,9353.127
Nepal,NPL,2000,1485.4597
Nepal,NPL,2001,1392.387
Nepal,NPL,2002,1366.9335
Nepal,NPL,2003,1484.0645
Nepal,NPL,2004,1422.6223
Nepal,NPL,2005,1422.8258
Nepal,NPL,2006,1481.497
Nepal,NPL,2007,1560.5021
Nepal,NPL,2008,1702.9414
Nepal,NPL,2009,1915.5867
Nepal,NPL,2010,2118.272
Nepal,NPL,2011,2321.922
Nepal,NPL,2012,2554.7559
Nepal,NPL,2013,2674.5566
Nepal,NPL,2014,2849.1494
Nepal,NPL,2015,2829.85
Nepal,NPL,2016,2930.8179
Nepal,NPL,2017,3278.159
Nepal,NPL,2018,3466.9692
Nepal,NPL,2019,3631.0178
Netherlands,NLD,2000,42616.637
Netherlands,NLD,2001,42938.492
Netherlands,NLD,2002,42863.04
Netherlands,NLD,2003,42688.3
Netherlands,NLD,2004,43293.613
Netherlands,NLD,2005,48942.477
Netherlands,NLD,2006,50002.72
Netherlands,NLD,2007,53258.062
Netherlands,NLD,2008,55246.902
Netherlands,NLD,2009,50439.02
Netherlands,NLD,2010,50553.598
Netherlands,NLD,2011,51588.31
Netherlands,NLD,2012,52656.027
Netherlands,NLD,2013,54954.08
Netherlands,NLD,2014,52230.89
Netherlands,NLD,2015,51664.715
Netherlands,NLD,2016,51435.76
Netherlands,NLD,2017,54233.45
Netherlands,NLD,2018,54921.65
Netherlands,NLD,2019,55569.44
Nicaragua,NIC,2000,4033.3044
Nicaragua,NIC,2001,4049.704
Nicaragua,NIC,2002,3973.5537
Nicaragua,NIC,2003,4003.177
Nicaragua,NIC,2004,4092.6555
Nicaragua,NIC,2005,4306.813
Nicaragua,NIC,2006,4301.6465
Nicaragua,NIC,2007,4450.838
Nicaragua,NIC,2008,4567.6216
Nicaragua,NIC,2009,4367.1304
Nicaragua,NIC,2010,4466.5146
Nicaragua,NIC,2011,4676.193
Nicaragua,NIC,2012,4794.1655
Nicaragua,NIC,2013,4840.0674
Nicaragua,NIC,2014,5079.5557
Nicaragua,NIC,2015,5300.7627
Nicaragua,NIC,2016,5536.5967
Nicaragua,NIC,2017,5654.6304
Nicaragua,NIC,2018,5232.654
Nicaragua,NIC,2019,5024.2754
Niger,NER,2000,1036.8898
Niger,NER,2001,1089.2837
Niger,NER,2002,1106.1584
Niger,NER,2003,1107.5525
Niger,NER,2004,1030.2905
Niger,NER,2005,1036.2706
Niger,NER,2006,1055.6915
Niger,NER,2007,1039.9606
Niger,NER,2008,1081.9208
Niger,NER,2009,1080.0107
Niger,NER,2010,1190.5724
Niger,NER,2011,1131.7478
Niger,NER,2012,1208.476
Niger,NER,2013,1170.2283
Niger,NER,2014,1194.3004
Niger,NER,2015,1191.8284
Niger,NER,2016,1147.8324
Niger,NER,2017,1128.3477
Niger,NER,2018,1188.8394
Niger,NER,2019,1210.8782
Nigeria,NGA,2000,941.4752
Nigeria,NGA,2001,998.49536
Nigeria,NGA,2002,1261.6782
Nigeria,NGA,2003,1643.9158
Nigeria,NGA,2004,2163.4158
Nigeria,NGA,2005,3456.3408
Nigeria,NGA,2006,3955.1292
Nigeria,NGA,2007,4276.3486
Nigeria,NGA,2008,4314.6997
Nigeria,NGA,2009,4471.677
Nigeria,NGA,2010,5035.7593
Nigeria,NGA,2011,5234.2905
Nigeria,NGA,2012,5303.822
Nigeria,NGA,2013,5541.9263
Nigeria,NGA,2014,5730.014
Nigeria,NGA,2015,5576.2925
Nigeria,NGA,2016,5327.929
Nigeria,NGA,2017,5060.9785
Nigeria,NGA,2018,5177.499
Nigeria,NGA,2019,4983.6753
North Macedonia,MKD,2000,8013.895
North Macedonia,MKD,2001,8306.393
North Macedonia,MKD,2002,8290.83
North Macedonia,MKD,2003,8313.259
North Macedonia,MKD,2004,8676.874
North Macedonia,MKD,2005,9492.968
North Macedonia,MKD,2006,10074.951
North Macedonia,MKD,2007,10573.322
North Macedonia,MKD,2008,11798.38
North Macedonia,MKD,2009,12264.356
North Macedonia,MKD,2010,12668.96
North Macedonia,MKD,2011,12742.101
North Macedonia,MKD,2012,13226.012
North Macedonia,MKD,2013,13212.767
North Macedonia,MKD,2014,13865.769
North Macedonia,MKD,2015,14449.225
North Macedonia,MKD,2016,15152.281
North Macedonia,MKD,2017,15235.447
North Macedonia,MKD,2018,15241.899
North Macedonia,MKD,2019,15779.604
Norway,NOR,2000,56381.223
Norway,NOR,2001,56772.67
Norway,NOR,2002,54437.688
Norway,NOR,2003,58280.91
Norway,NOR,2004,61862.293
Norway,NOR,2005,76282.555
Norway,NOR,2006,82402.68
Norway,NOR,2007,82926.92
Norway,NOR,2008,93274.22
Norway,NOR,2009,77867.0
Norway,NOR,2010,83524.734
Norway,NOR,2011,90686.55
Norway,NOR,2012,94650.805
Norway,NOR,2013,91533.164
Norway,NOR,2014,84909.97
Norway,NOR,2015,70778.65
Norway,NOR,2016,67263.195
Norway,NOR,2017,69604.79
Norway,NOR,2018,75245.914
Norway,NOR,2019,73668.79
Pakistan,PAK,2000,2879.3796
Pakistan,PAK,2001,2829.9724
Pakistan,PAK,2002,2881.1455
Pakistan,PAK,2003,2904.5984
Pakistan,PAK,2004,3076.1675
Pakistan,PAK,2005,3334.0825
Pakistan,PAK,2006,3591.6812
Pakistan,PAK,2007,3776.2563
Pakistan,PAK,2008,3911.9106
Pakistan,PAK,2009,4040.5366
Pakistan,PAK,2010,4204.3774
Pakistan,PAK,2011,4465.341
Pakistan,PAK,2012,4508.8867
Pakistan,PAK,2013,4434.178
Pakistan,PAK,2014,4487.1455
Pakistan,PAK,2015,4649.5283
Pakistan,PAK,2016,4587.18
Pakistan,PAK,2017,4743.69
Pakistan,PAK,2018,4957.3164
Pakistan,PAK,2019,5026.2085
Panama,PAN,2000,10030.54
Panama,PAN,2001,10025.104
Panama,PAN,2002,10359.59
Panama,PAN,2003,11373.855
Panama,PAN,2004,11404.923
Panama,PAN,2005,13825.336
Panama,PAN,2006,14851.861
Panama,PAN,2007,13690.339
Panama,PAN,2008,14888.1875
Panama,PAN,2009,15173.578
Panama,PAN,2010,16334.601
Panama,PAN,2011,18371.814
Panama,PAN,2012,20502.666
Panama,PAN,2013,21937.14
Panama,PAN,2014,23684.98
Panama,PAN,2015,24786.473
Panama,PAN,2016,26693.416
Panama,PAN,2017,29459.16
Panama,PAN,2018,29920.34
Panama,PAN,2019,29879.904
Paraguay,PRY,2000,5208.9824
Paraguay,PRY,2001,5397.5947
Paraguay,PRY,2002,6900.767
Paraguay,PRY,2003,7130.463
Paraguay,PRY,2004,7358.905
Paraguay,PRY,2005,7434.926
Paraguay,PRY,2006,7810.5986
Paraguay,PRY,2007,8203.628
Paraguay,PRY,2008,8691.898
Paraguay,PRY,2009,9207.959
Paraguay,PRY,2010,10500.25
Paraguay,PRY,2011,11502.423
Paraguay,PRY,2012,11276.215
Paraguay,PRY,2013,11698.768
Paraguay,PRY,2014,11972.812
Paraguay,PRY,2015,11727.364
Paraguay,PRY,2016,12007.704
Paraguay,PRY,2017,12347.542
Paraguay,PRY,2018,12377.3125
Paraguay,PRY,2019,12319.808
Peru,PER,2000,5241.1553
Peru,PER,2001,5204.9727
Peru,PER,2002,5464.4907
Peru,PER,2003,5745.861
Peru,PER,2004,6147.094
Peru,PER,2005,6727.838
Peru,PER,2006,7547.1685
Peru,PER,2007,8302.518
Peru,PER,2008,9017.797
Peru,PER,2009,8962.979
Peru,PER,2010,10113.219
Peru,PER,2011,11022.33
Peru,PER,2012,11566.978
Peru,PER,2013,11749.8545
Peru,PER,2014,11764.07
Peru,PER,2015,11662.247
Peru,PER,2016,11747.658
Peru,PER,2017,11956.625
Peru,PER,2018,12158.256
Peru,PER,2019,12236.712
Philippines,PHL,2000,4540.9434
Philippines,PHL,2001,4485.08
Philippines,PHL,2002,4454.3926
Philippines,PHL,2003,4472.4077
Philippines,PHL,2004,4514.1797
Philippines,PHL,2005,4605.2607
Philippines,PHL,2006,4742.3433
Philippines,PHL,2007,5020.0376
Philippines,PHL,2008,5260.8774
Philippines,PHL,2009,5374.6123
Philippines,PHL,2010,5814.083
Philippines,PHL,2011,6237.9414
Philippines,PHL,2012,6586.1475
Philippines,PHL,2013,6724.5034
Philippines,PHL,2014,6885.6484
Philippines,PHL,2015,7088.7803
Philippines,PHL,2016,7557.3813
Philippines,PHL,2017,7858.4766
Philippines,PHL,2018,8229.168
Philippines,PHL,2019,8448.533
Poland,POL,2000,15115.898
Poland,POL,2001,15189.506
Poland,POL,2002,15552.694
Poland,POL,2003,15706.335
Poland,POL,2004,16284.119
Poland,POL,2005,17152.693
Poland,POL,2006,17793.412
Poland,POL,2007,19368.365
Poland,POL,2008,20616.195
Poland,POL,2009,21338.791
Poland,POL,2010,23428.086
Poland,POL,2011,25108.1
Poland,POL,2012,25650.93
Poland,POL,2013,25615.729
Poland,POL,2014,25944.71
Poland,POL,2015,27173.203
Poland,POL,2016,27778.246
Poland,POL,2017,29047.824
Poland,POL,2018,30522.254
Poland,POL,2019,31985.158
Portugal,PRT,2000,24812.988
Portugal,PRT,2001,24602.002
Portugal,PRT,2002,24562.98
Portugal,PRT,2003,24338.291
Portugal,PRT,2004,24246.072
Portugal,PRT,2005,26620.916
Portugal,PRT,2006,27802.342
Portugal,PRT,2007,28355.006
Portugal,PRT,2008,28234.168
Portugal,PRT,2009,27659.717
Portugal,PRT,2010,28848.957
Portugal,PRT,2011,28366.145
Portugal,PRT,2012,28407.574
Portugal,PRT,2013,27645.287
Portugal,PRT,2014,27811.79
Portugal,PRT,2015,28654.186
Portugal,PRT,2016,29452.104
Portugal,PRT,2017,30430.031
Portugal,PRT,2018,30923.975
Portugal,PRT,2019,31796.8
Romania,ROU,2000,8579.492
Romania,ROU,2001,9329.077
Romania,ROU,2002,9709.697
Romania,ROU,2003,10250.483
Romania,ROU,2004,11500.137
Romania,ROU,2005,11938.75
Romania,ROU,2006,13755.002
Romania,ROU,2007,15591.713
Romania,ROU,2008,18339.736
Romania,ROU,2009,17999.645
Romania,ROU,2010,18466.545
Romania,ROU,2011,18560.094
Romania,ROU,2012,19638.709
Romania,ROU,2013,19739.795
Romania,ROU,2014,20324.879
Romania,ROU,2015,21573.496
Romania,ROU,2016,22819.523
Romania,ROU,2017,25424.059
Romania,ROU,2018,26494.797
Romania,ROU,2019,27888.36
Russian Federation,RUS,2000,9876.465
Russian Federation,RUS,2001,10164.179
Russian Federation,RUS,2002,10438.186
Russian Federation,RUS,2003,11531.988
Russian Federation,RUS,2004,13070.193
Russian Federation,RUS,2005,15078.187
Russian Federation,RUS,2006,17685.094
Russian Federation,RUS,2007,20822.137
Russian Federation,RUS,2008,23914.395
Russian Federation,RUS,2009,21305.682
Russian Federation,RUS,2010,24175.521
Russian Federation,RUS,2011,27628.418
Russian Federation,RUS,2012,29747.924
Russian Federation,RUS,2013,29418.775
Russian Federation,RUS,2014,28165.336
Russian Federation,RUS,2015,25285.736
Russian Federation,RUS,2016,25159.287
Russian Federation,RUS,2017,26797.824
Russian Federation,RUS,2018,28352.533
Russian Federation,RUS,2019,28526.293
Rwanda,RWA,2000,958.9727
Rwanda,RWA,2001,1012.68365
Rwanda,RWA,2002,1152.9174
Rwanda,RWA,2003,1143.5204
Rwanda,RWA,2004,1228.1973
Rwanda,RWA,2005,1308.7274
Rwanda,RWA,2006,1419.4016
Rwanda,RWA,2007,1445.7468
Rwanda,RWA,2008,1461.0057
Rwanda,RWA,2009,1519.4196
Rwanda,RWA,2010,1625.8533
Rwanda,RWA,2011,1734.1481
Rwanda,RWA,2012,1792.5505
Rwanda,RWA,2013,1787.6578
Rwanda,RWA,2014,1895.9352
Rwanda,RWA,2015,2016.8105
Rwanda,RWA,2016,2058.7534
Rwanda,RWA,2017,2067.8862
Rwanda,RWA,2018,2191.424
Rwanda,RWA,2019,2279.5068
Serbia,SRB,2000,8301.854
Serbia,SRB,2001,8081.595
Serbia,SRB,2002,8782.869
Serbia,SRB,2003,9226.935
Serbia,SRB,2004,9723.479
Serbia,SRB,2005,10908.844
Serbia,SRB,2006,12637.513
Serbia,SRB,2007,13095.026
Serbia,SRB,2008,14611.653
Serbia,SRB,2009,14599.97
Serbia,SRB,2010,14880.148
Serbia,SRB,2011,15588.887
Serbia,SRB,2012,15694.974
Serbia,SRB,2013,15421.81
Serbia,SRB,2014,15133.019
Serbia,SRB,2015,15407.801
Serbia,SRB,2016,15744.965
Serbia,SRB,2017,16038.909
Serbia,SRB,2018,16534.133
Serbia,SRB,2019,17220.316
Sierra Leone,SLE,2000,1039.8983
Sierra Leone,SLE,2001,1144.0094
Sierra Leone,SLE,2002,1275.2334
Sierra Leone,SLE,2003,1228.8932
Sierra Leone,SLE,2004,1160.946
Sierra Leone,SLE,2005,1110.48
Sierra Leone,SLE,2006,1093.63
Sierra Leone,SLE,2007,1122.0587
Sierra Leone,SLE,2008,1179.9845
Sierra Leone,SLE,2009,1238.3893
Sierra Leone,SLE,2010,1263.5675
Sierra Leone,SLE,2011,1466.3158
Sierra Leone,SLE,2012,1634.848
Sierra Leone,SLE,2013,2027.3401
Sierra Leone,SLE,2014,2016.1617
Sierra Leone,SLE,2015,1836.8203
Sierra Leone,SLE,2016,1844.4371
Sierra Leone,SLE,2017,1733.0524
Sierra Leone,SLE,2018,1980.2374
Sierra Leone,SLE,2019,1875.1897
Slovakia,SVK,2000,16586.258
Slovakia,SVK,2001,17509.824
Slovakia,SVK,2002,17807.055
Slovakia,SVK,2003,17933.791
Slovakia,SVK,2004,18032.133
Slovakia,SVK,2005,20581.326
Slovakia,SVK,2006,21880.303
Slovakia,SVK,2007,23660.205
Slovakia,SVK,2008,26117.062
Slovakia,SVK,2009,24693.074
Slovakia,SVK,2010,27152.83
Slovakia,SVK,2011,27487.03
Slovakia,SVK,2012,27630.148
Slovakia,SVK,2013,26579.676
Slovakia,SVK,2014,27592.22
Slovakia,SVK,2015,27625.566
Slovakia,SVK,2016,26400.781
Slovakia,SVK,2017,26467.105
Slovakia,SVK,2018,26797.637
Slovakia,SVK,2019,27473.168
Slovenia,SVN,2000,23822.059
Slovenia,SVN,2001,24032.043
Slovenia,SVN,2002,24492.586
Slovenia,SVN,2003,25069.729
Slovenia,SVN,2004,26020.281
Slovenia,SVN,2005,28253.645
Slovenia,SVN,2006,28215.104
Slovenia,SVN,2007,29137.088
Slovenia,SVN,2008,32109.96
Slovenia,SVN,2009,29353.318
Slovenia,SVN,2010,29828.684
Slovenia,SVN,2011,30934.697
Slovenia,SVN,2012,30515.654
Slovenia,SVN,2013,30056.854
Slovenia,SVN,2014,30388.379
Slovenia,SVN,2015,29830.53
Slovenia,SVN,2016,30507.389
Slovenia,SVN,2017,31594.707
Slovenia,SVN,2018,33605.02
Slovenia,SVN,2019,34093.465
South Africa,ZAF,2000,9835.729
South Africa,ZAF,2001,10054.936
South Africa,ZAF,2002,10455.937
South Africa,ZAF,2003,10534.0
South Africa,ZAF,2004,10985.227
South Africa,ZAF,2005,11681.897
South Africa,ZAF,2006,12412.51
South Africa,ZAF,2007,12991.569
South Africa,ZAF,2008,13103.29
South Africa,ZAF,2009,12561.623
South Africa,ZAF,2010,12896.751
South Africa,ZAF,2011,13401.342
South Africa,ZAF,2012,13223.486
South Africa,ZAF,2013,13105.894
South Africa,ZAF,2014,13029.222
South Africa,ZAF,2015,12932.482
South Africa,ZAF,2016,12695.811
South Africa,ZAF,2017,12735.031
South Africa,ZAF,2018,12671.332
South Africa,ZAF,2019,12536.135
"Korea, Republic of",KOR,2000,24834.428
"Korea, Republic of",KOR,2001,25421.316
"Korea, Republic of",KOR,2002,27263.982
"Korea, Republic of",KOR,2003,28216.994
"Korea, Republic of",KOR,2004,29892.195
"Korea, Republic of",KOR,2005,32088.42
"Korea, Republic of",KOR,2006,33109.707
"Korea, Republic of",KOR,2007,35007.51
"Korea, Republic of",KOR,2008,34997.27
"Korea, Republic of",KOR,2009,33631.83
"Korea, Republic of",KOR,2010,35927.84
"Korea, Republic of",KOR,2011,35839.074
"Korea, Republic of",KOR,2012,35776.125
"Korea, Republic of",KOR,2013,34785.42
"Korea, Republic of",KOR,2014,36241.836
"Korea, Republic of",KOR,2015,38249.12
"Korea, Republic of",KOR,2016,39214.76
"Korea, Republic of",KOR,2017,40875.21
"Korea, Republic of",KOR,2018,41392.887
"Korea, Republic of",KOR,2019,42219.47
Spain,ESP,2000,28207.709
Spain,ESP,2001,28700.03
Spain,ESP,2002,29265.547
Spain,ESP,2003,29217.018
Spain,ESP,2004,29781.826
Spain,ESP,2005,32439.225
Spain,ESP,2006,34817.586
Spain,ESP,2007,36548.96
Spain,ESP,2008,36635.13
Spain,ESP,2009,34948.168
Spain,ESP,2010,34567.598
Spain,ESP,2011,34297.75
Spain,ESP,2012,34080.395
Spain,ESP,2013,33551.82
Spain,ESP,2014,33744.027
Spain,ESP,2015,35774.746
Spain,ESP,2016,37270.555
Spain,ESP,2017,38928.51
Spain,ESP,2018,39610.01
Spain,ESP,2019,40366.4
Sri Lanka,LKA,2000,4912.5728
Sri Lanka,LKA,2001,4879.763
Sri Lanka,LKA,2002,5168.153
Sri Lanka,LKA,2003,5551.064
Sri Lanka,LKA,2004,5710.2783
Sri Lanka,LKA,2005,5823.6094
Sri Lanka,LKA,2006,6428.145
Sri Lanka,LKA,2007,7012.631
Sri Lanka,LKA,2008,7534.1147
Sri Lanka,LKA,2009,8348.82
Sri Lanka,LKA,2010,9202.4375
Sri Lanka,LKA,2011,10294.875
Sri Lanka,LKA,2012,11349.773
Sri Lanka,LKA,2013,11624.573
Sri Lanka,LKA,2014,11732.652
Sri Lanka,LKA,2015,12045.038
Sri Lanka,LKA,2016,12556.947
Sri Lanka,LKA,2017,12733.1
Sri Lanka,LKA,2018,12986.397
Sri Lanka,LKA,2019,13290.122
Sweden,SWE,2000,39777.26
Sweden,SWE,2001,38611.297
Sweden,SWE,2002,38685.71
Sweden,SWE,2003,39622.555
Sweden,SWE,2004,41318.496
Sweden,SWE,2005,42820.68
Sweden,SWE,2006,44403.99
Sweden,SWE,2007,47054.98
Sweden,SWE,2008,47859.117
Sweden,SWE,2009,44327.004
Sweden,SWE,2010,46317.094
Sweden,SWE,2011,49371.043
Sweden,SWE,2012,49126.625
Sweden,SWE,2013,48665.79
Sweden,SWE,2014,48693.203
Sweden,SWE,2015,50104.223
Sweden,SWE,2016,50485.5
Sweden,SWE,2017,52032.676
Sweden,SWE,2018,51773.867
Sweden,SWE,2019,52433.336
Switzerland,CHE,2000,47393.05
Switzerland,CHE,2001,47028.965
Switzerland,CHE,2002,46924.52
Switzerland,CHE,2003,47516.754
Switzerland,CHE,2004,48953.258
Switzerland,CHE,2005,52752.0
Switzerland,CHE,2006,55952.027
Switzerland,CHE,2007,61161.113
Switzerland,CHE,2008,65000.883
Switzerland,CHE,2009,63229.723
Switzerland,CHE,2010,64724.32
Switzerland,CHE,2011,70466.37
Switzerland,CHE,2012,71807.03
Switzerland,CHE,2013,70778.49
Switzerland,CHE,2014,71761.33
Switzerland,CHE,2015,71452.91
Switzerland,CHE,2016,72050.64
Switzerland,CHE,2017,73624.984
Switzerland,CHE,2018,74621.13
Switzerland,CHE,2019,75298.82
Syrian Arab Republic,SYR,2000,1739.5342
Syrian Arab Republic,SYR,2001,1965.3295
Syrian Arab Republic,SYR,2002,2404.0623
Syrian Arab Republic,SYR,2003,2895.448
Syrian Arab Republic,SYR,2004,3962.4417
Syrian Arab Republic,SYR,2005,5889.39
Syrian Arab Republic,SYR,2006,5537.8784
Syrian Arab Republic,SYR,2007,5684.9146
Syrian Arab Republic,SYR,2008,5792.876
Syrian Arab Republic,SYR,2009,5725.254
Syrian Arab Republic,SYR,2010,6208.3945
Syrian Arab Republic,SYR,2011,6367.389
Syrian Arab Republic,SYR,2012,5455.4517
Syrian Arab Republic,SYR,2013,4930.464
Syrian Arab Republic,SYR,2014,5466.561
Syrian Arab Republic,SYR,2015,5714.92
Syrian Arab Republic,SYR,2019,7210.547
Tajikistan,TJK,2000,1260.7507
Tajikistan,TJK,2001,1352.5188
Tajikistan,TJK,2002,1446.3743
Tajikistan,TJK,2003,1738.6636
Tajikistan,TJK,2004,1968.5964
Tajikistan,TJK,2005,2066.2488
Tajikistan,TJK,2006,2327.184
Tajikistan,TJK,2007,2482.9116
Tajikistan,TJK,2008,2692.801
Tajikistan,TJK,2009,2614.0508
Tajikistan,TJK,2010,3048.6135
Tajikistan,TJK,2011,3365.7507
Tajikistan,TJK,2012,3634.5227
Tajikistan,TJK,2013,3316.1638
Tajikistan,TJK,2014,3954.4094
Tajikistan,TJK,2015,3297.6838
Tajikistan,TJK,2016,3431.3176
Tajikistan,TJK,2017,4007.9075
Tajikistan,TJK,2018,3738.9204
Tajikistan,TJK,2019,3893.754
"Tanzania, United Republic of",TZA,2000,1186.7374
"Tanzania, United Republic of",TZA,2001,1256.266
"Tanzania, United Republic of",TZA,2002,1342.6566
"Tanzania, United Republic of",TZA,2003,1399.6641
"Tanzania, United Republic of",TZA,2004,1448.066
"Tanzania, United Republic of",TZA,2005,1594.942
"Tanzania, United Republic of",TZA,2006,1720.4012
"Tanzania, United Republic of",TZA,2007,1836.2662
"Tanzania, United Republic of",TZA,2008,1962.7386
"Tanzania, United Republic of",TZA,2009,2046.737
"Tanzania, United Republic of",TZA,2010,2284.5356
"Tanzania, United Republic of",TZA,2011,2613.548
"Tanzania, United Republic of",TZA,2012,2381.5862
"Tanzania, United Republic of",TZA,2013,2403.5068
"Tanzania, United Republic of",TZA,2014,2352.785
"Tanzania, United Republic of",TZA,2015,2468.433
"Tanzania, United Republic of",TZA,2016,2404.378
"Tanzania, United Republic of",TZA,2017,2300.1057
"Tanzania, United Republic of",TZA,2018,2318.2312
"Tanzania, United Republic of",TZA,2019,2358.761
Thailand,THA,2000,7754.838
Thailand,THA,2001,7973.485
Thailand,THA,2002,8546.553
Thailand,THA,2003,9118.895
Thailand,THA,2004,9775.835
Thailand,THA,2005,10626.4375
Thailand,THA,2006,11142.3955
Thailand,THA,2007,11842.095
Thailand,THA,2008,12565.461
Thailand,THA,2009,12314.047
Thailand,THA,2010,13892.665
Thailand,THA,2011,14623.642
Thailand,THA,2012,16121.761
Thailand,THA,2013,16157.032
Thailand,THA,2014,15646.753
Thailand,THA,2015,15575.195
Thailand,THA,2016,15815.401
Thailand,THA,2017,16665.379
Thailand,THA,2018,16928.791
Thailand,THA,2019,17116.309
Trinidad and Tobago,TTO,2000,14600.522
Trinidad and Tobago,TTO,2001,13814.56
Trinidad and Tobago,TTO,2002,14273.333
Trinidad and Tobago,TTO,2003,18370.72
Trinidad and Tobago,TTO,2004,20277.248
Trinidad and Tobago,TTO,2005,24625.355
Trinidad and Tobago,TTO,2006,29506.781
Trinidad and Tobago,TTO,2007,32177.518
Trinidad and Tobago,TTO,2008,37359.008
Trinidad and Tobago,TTO,2009,27754.578
Trinidad and Tobago,TTO,2010,31893.307
Trinidad and Tobago,TTO,2011,35802.52
Trinidad and Tobago,TTO,2012,35146.19
Trinidad and Tobago,TTO,2013,34756.574
Trinidad and Tobago,TTO,2014,33281.586
Trinidad and Tobago,TTO,2015,29230.36
Trinidad and Tobago,TTO,2016,26597.217
Trinidad and Tobago,TTO,2017,26099.36
Trinidad and Tobago,TTO,2018,27551.195
Trinidad and Tobago,TTO,2019,28643.447
Tunisia,TUN,2000,9209.732
Tunisia,TUN,2001,9309.315
Tunisia,TUN,2002,9135.332
Tunisia,TUN,2003,9128.271
Tunisia,TUN,2004,9222.796
Tunisia,TUN,2005,9700.734
Tunisia,TUN,2006,10007.455
Tunisia,TUN,2007,10596.723
Tunisia,TUN,2008,11081.663
Tunisia,TUN,2009,11440.045
Tunisia,TUN,2010,12024.073
Tunisia,TUN,2011,11746.1
Tunisia,TUN,2012,11816.902
Tunisia,TUN,2013,11290.616
Tunisia,TUN,2014,11199.042
Tunisia,TUN,2015,10798.313
Tunisia,TUN,2016,10819.564
Tunisia,TUN,2017,10910.07
Tunisia,TUN,2018,11044.128
Tunisia,TUN,2019,11090.384
Türkiye,TUR,2000,13102.521
Türkiye,TUR,2001,12617.92
Türkiye,TUR,2002,12320.653
Türkiye,TUR,2003,11893.271
Türkiye,TUR,2004,13078.015
Türkiye,TUR,2005,14305.218
Türkiye,TUR,2006,16124.404
Türkiye,TUR,2007,17354.523
Türkiye,TUR,2008,18270.861
Türkiye,TUR,2009,17457.613
Türkiye,TUR,2010,19774.947
Türkiye,TUR,2011,21790.71
Türkiye,TUR,2012,22535.361
Türkiye,TUR,2013,23663.62
Türkiye,TUR,2014,24477.896
Türkiye,TUR,2015,25759.299
Türkiye,TUR,2016,25308.475
Türkiye,TUR,2017,26611.184
Türkiye,TUR,2018,27500.416
Türkiye,TUR,2019,26947.576
Turkmenistan,TKM,2000,8034.441
Turkmenistan,TKM,2001,7551.4746
Turkmenistan,TKM,2002,7799.6636
Turkmenistan,TKM,2003,8232.496
Turkmenistan,TKM,2004,8608.471
Turkmenistan,TKM,2005,10112.431
Turkmenistan,TKM,2006,10707.872
Turkmenistan,TKM,2007,11383.742
Turkmenistan,TKM,2008,11834.687
Turkmenistan,TKM,2009,17470.982
Turkmenistan,TKM,2010,18016.64
Turkmenistan,TKM,2011,18222.064
Turkmenistan,TKM,2012,19124.281
Turkmenistan,TKM,2013,21025.355
Turkmenistan,TKM,2014,22056.768
Turkmenistan,TKM,2015,22386.383
Turkmenistan,TKM,2016,23685.973
Turkmenistan,TKM,2017,24618.834
Turkmenistan,TKM,2018,25683.87
Turkmenistan,TKM,2019,26026.03
Uganda,UGA,2000,1280.7323
Uganda,UGA,2001,1323.4889
Uganda,UGA,2002,1356.7524
Uganda,UGA,2003,1385.184
Uganda,UGA,2004,1422.1758
Uganda,UGA,2005,1521.9913
Uganda,UGA,2006,1577.836
Uganda,UGA,2007,1631.8851
Uganda,UGA,2008,1708.3127
Uganda,UGA,2009,1831.6345
Uganda,UGA,2010,1946.5391
Uganda,UGA,2011,2054.6318
Uganda,UGA,2012,1923.2571
Uganda,UGA,2013,1896.2063
Uganda,UGA,2014,1906.1506
Uganda,UGA,2015,1986.3871
Uganda,UGA,2016,1901.3954
Uganda,UGA,2017,1927.2313
Uganda,UGA,2018,1992.5455
Uganda,UGA,2019,2092.1492
Ukraine,UKR,2000,4870.4756
Ukraine,UKR,2001,5215.4985
Ukraine,UKR,2002,5513.8413
Ukraine,UKR,2003,6184.219
Ukraine,UKR,2004,6857.732
Ukraine,UKR,2005,7998.7056
Ukraine,UKR,2006,8927.224
Ukraine,UKR,2007,10188.095
Ukraine,UKR,2008,11015.119
Ukraine,UKR,2009,9265.714
Ukraine,UKR,2010,9614.152
Ukraine,UKR,2011,10788.208
Ukraine,UKR,2012,11532.7705
Ukraine,UKR,2013,12007.117
Ukraine,UKR,2014,11593.284
Ukraine,UKR,2015,10390.095
Ukraine,UKR,2016,10924.748
Ukraine,UKR,2017,12090.982
Ukraine,UKR,2018,12686.416
Ukraine,UKR,2019,13144.867
United Arab Emirates,ARE,2000,110999.98
United Arab Emirates,ARE,2001,109013.31
United Arab Emirates,ARE,2002,103268.2
United Arab Emirates,ARE,2003,105845.3
United Arab Emirates,ARE,2004,104241.47
United Arab Emirates,ARE,2005,109441.78
United Arab Emirates,ARE,2006,111575.26
United Arab Emirates,ARE,2007,104804.83
United Arab Emirates,ARE,2008,100553.41
United Arab Emirates,ARE,2009,74990.26
United Arab Emirates,ARE,2010,72385.516
United Arab Emirates,ARE,2011,81192.89
United Arab Emirates,ARE,2012,85042.44
United Arab Emirates,ARE,2013,83828.6
United Arab Emirates,ARE,2014,86664.97
United Arab Emirates,ARE,2015,74834.68
United Arab Emirates,ARE,2016,71667.68
United Arab Emirates,ARE,2017,66384.22
United Arab Emirates,ARE,2018,65818.64
United Arab Emirates,ARE,2019,66112.72
United Kingdom,GBR,2000,35217.96
United Kingdom,GBR,2001,35888.945
United Kingdom,GBR,2002,35795.543
United Kingdom,GBR,2003,36378.227
United Kingdom,GBR,2004,37092.02
United Kingdom,GBR,2005,39429.31
United Kingdom,GBR,2006,39719.867
United Kingdom,GBR,2007,39250.95
United Kingdom,GBR,2008,40177.633
United Kingdom,GBR,2009,36955.32
United Kingdom,GBR,2010,39109.24
United Kingdom,GBR,2011,39317.527
United Kingdom,GBR,2012,40067.906
United Kingdom,GBR,2013,41322.348
United Kingdom,GBR,2014,41283.164
United Kingdom,GBR,2015,42629.234
United Kingdom,GBR,2016,42644.363
United Kingdom,GBR,2017,44093.934
United Kingdom,GBR,2018,44296.246
United Kingdom,GBR,2019,44274.957
United States,USA,2000,50036.992
United States,USA,2001,49912.227
United States,USA,2002,50114.773
United States,USA,2003,51065.867
United States,USA,2004,52582.02
United States,USA,2005,53969.164
United States,USA,2006,55032.86
United States,USA,2007,55561.863
United States,USA,2008,54933.59
United States,USA,2009,52871.707
United States,USA,2010,53887.066
United States,USA,2011,54379.754
United States,USA,2012,55351.996
United States,USA,2013,56144.17
United States,USA,2014,57250.527
United States,USA,2015,58543.562
United States,USA,2016,59115.33
United States,USA,2017,60116.57
United States,USA,2018,61618.742
United States,USA,2019,62589.0
Uruguay,URY,2000,11817.2705
Uruguay,URY,2001,11256.09
Uruguay,URY,2002,10349.894
Uruguay,URY,2003,10257.761
Uruguay,URY,2004,10614.157
Uruguay,URY,2005,11229.846
Uruguay,URY,2006,11861.173
Uruguay,URY,2007,13070.946
Uruguay,URY,2008,14605.955
Uruguay,URY,2009,15475.951
Uruguay,URY,2010,17710.604
Uruguay,URY,2011,19352.547
Uruguay,URY,2012,19712.188
Uruguay,URY,2013,19969.344
Uruguay,URY,2014,20720.693
Uruguay,URY,2015,20543.252
Uruguay,URY,2016,20435.482
Uruguay,URY,2017,20615.557
Uruguay,URY,2018,20458.264
Uruguay,URY,2019,20545.422
Uzbekistan,UZB,2000,4446.1406
Uzbekistan,UZB,2007,6759.2437
Uzbekistan,UZB,2008,6940.7056
Uzbekistan,UZB,2009,7537.4507
Uzbekistan,UZB,2010,7567.7266
Uzbekistan,UZB,2011,8462.513
Uzbekistan,UZB,2012,9236.436
Uzbekistan,UZB,2013,9558.709
Uzbekistan,UZB,2014,9850.446
Uzbekistan,UZB,2015,10492.51
Uzbekistan,UZB,2016,10490.152
"Venezuela, Bolivarian Republic of",VEN,2000,8666.309
"Venezuela, Bolivarian Republic of",VEN,2001,8312.309
"Venezuela, Bolivarian Republic of",VEN,2002,7754.029
"Venezuela, Bolivarian Republic of",VEN,2003,7481.871
"Venezuela, Bolivarian Republic of",VEN,2004,9442.449
"Venezuela, Bolivarian Republic of",VEN,2005,11884.336
"Venezuela, Bolivarian Republic of",VEN,2006,13901.835
"Venezuela, Bolivarian Republic of",VEN,2007,15718.979
"Venezuela, Bolivarian Republic of",VEN,2008,18366.547
"Venezuela, Bolivarian Republic of",VEN,2009,15790.424
"Venezuela, Bolivarian Republic of",VEN,2010,18995.254
"Venezuela, Bolivarian Republic of",VEN,2011,20668.797
"Venezuela, Bolivarian Republic of",VEN,2012,20962.393
"Venezuela, Bolivarian Republic of",VEN,2013,19802.117
"Venezuela, Bolivarian Republic of",VEN,2014,12935.458
Viet Nam,VNM,2000,2331.6794
Viet Nam,VNM,2001,2461.9727
Viet Nam,VNM,2002,2670.2466
Viet Nam,VNM,2003,2882.296
Viet Nam,VNM,2004,3096.746
Viet Nam,VNM,2005,3385.1125
Viet Nam,VNM,2006,3585.9846
Viet Nam,VNM,2007,4010.1787
Viet Nam,VNM,2008,4279.4014
Viet Nam,VNM,2009,4233.1934
Viet Nam,VNM,2010,4761.2383
Viet Nam,VNM,2011,5130.7324
Viet Nam,VNM,2012,5392.965
Viet Nam,VNM,2013,5611.0522
Viet Nam,VNM,2014,5941.967
Viet Nam,VNM,2015,6180.358
Viet Nam,VNM,2016,6368.651
Viet Nam,VNM,2017,6841.6543
Viet Nam,VNM,2018,7217.924
Viet Nam,VNM,2019,7506.817
Yemen,YEM,2000,1403.3812
Yemen,YEM,2001,1499.2695
Yemen,YEM,2002,1698.4388
Yemen,YEM,2003,1961.9008
Yemen,YEM,2004,2477.2158
Yemen,YEM,2005,3664.4963
Yemen,YEM,2006,3752.2207
Yemen,YEM,2007,3938.1855
Yemen,YEM,2008,4220.2544
Yemen,YEM,2009,4162.283
Yemen,YEM,2010,4891.912
Yemen,YEM,2011,4239.444
Yemen,YEM,2012,3917.6182
Yemen,YEM,2013,3906.5862
Yemen,YEM,2014,3739.219
Yemen,YEM,2015,2533.9111
Yemen,YEM,2016,2023.4292
Yemen,YEM,2017,1429.1655
Yemen,YEM,2018,1755.3173
Yemen,YEM,2019,1777.2511
Zambia,ZMB,2000,1292.3497
Zambia,ZMB,2001,1336.991
Zambia,ZMB,2002,1393.0215
Zambia,ZMB,2003,1537.4673
Zambia,ZMB,2004,1592.6824
Zambia,ZMB,2005,1776.4873
Zambia,ZMB,2006,2012.8278
Zambia,ZMB,2007,2636.579
Zambia,ZMB,2008,2754.6807
Zambia,ZMB,2009,3004.5593
Zambia,ZMB,2010,3307.8254
Zambia,ZMB,2011,3693.4885
Zambia,ZMB,2012,3503.702
Zambia,ZMB,2013,3438.328
Zambia,ZMB,2014,3464.5913
Zambia,ZMB,2015,3277.0535
Zambia,ZMB,2016,3324.505
Zambia,ZMB,2017,3164.3777
Zambia,ZMB,2018,3196.1765
Zambia,ZMB,2019,3179.1958
Zimbabwe,ZWE,2000,3356.7063
Zimbabwe,ZWE,2001,3782.8767
Zimbabwe,ZWE,2002,3254.0942
Zimbabwe,ZWE,2003,2272.4414
Zimbabwe,ZWE,2004,2121.9124
Zimbabwe,ZWE,2005,1801.4781
Zimbabwe,ZWE,2006,1359.0446
Zimbabwe,ZWE,2007,1525.4365
Zimbabwe,ZWE,2008,1196.9508
Zimbabwe,ZWE,2009,2112.6648
Zimbabwe,ZWE,2010,2281.9915
Zimbabwe,ZWE,2011,2449.2092
Zimbabwe,ZWE,2012,2762.6843
Zimbabwe,ZWE,2013,2864.603
Zimbabwe,ZWE,2014,2846.522
Zimbabwe,ZWE,2015,2880.9058
Zimbabwe,ZWE,2016,2919.617
Zimbabwe,ZWE,2017,3112.875
Zimbabwe,ZWE,2018,3007.237
Zimbabwe,ZWE,2019,2787.659
