Entity,Code,Year,homicides_rate_100k
Albania,ALB,2000,4.116881
Albania,ALB,2001,6.9761276
Albania,ALB,2002,6.9152064
Albania,ALB,2003,5.3669734
Albania,ALB,2004,4.27738
Albania,ALB,2005,5.078094
Albania,ALB,2006,3.1630955
Albania,ALB,2007,3.5281267
Albania,ALB,2008,3.1507385
Albania,ALB,2009,2.900488
Albania,ALB,2010,4.0845757
Albania,ALB,2011,4.8954477
Albania,ALB,2012,5.4284067
Albania,ALB,2013,4.2950954
Albania,ALB,2014,4.64616
Albania,ALB,2015,2.22031
Albania,ALB,2016,2.7420435
Albania,ALB,2017,2.01434
Albania,ALB,2018,2.294046
Albania,ALB,2019,2.2617478
Algeria,DZA,2006,0.93315166
Algeria,DZA,2007,0.79743814
Algeria,DZA,2008,0.94881076
Algeria,DZA,2009,0.78702044
Algeria,DZA,2010,0.7083823
Algeria,DZA,2011,0.76620924
Algeria,DZA,2012,1.4036288
Algeria,DZA,2013,1.2631371
Algeria,DZA,2014,1.4886416
Algeria,DZA,2015,1.38077
Algeria,DZA,2016,1.343602
Algeria,DZA,2017,1.2738065
Algeria,DZA,2018,1.3547354
Algeria,DZA,2019,1.2153039
Angola,AGO,2011,4.3488812
Angola,AGO,2012,4.8316097
Angola,AGO,2015,4.4582353
Angola,AGO,2016,4.102248
Armenia,ARM,2000,2.8720002
Armenia,ARM,2001,2.8086898
Armenia,ARM,2002,2.2221954
Armenia,ARM,2004,2.7073355
Armenia,ARM,2005,1.903358
Armenia,ARM,2006,2.6102874
Armenia,ARM,2007,2.5629137
Armenia,ARM,2008,3.2513018
Armenia,ARM,2009,3.2722774
Armenia,ARM,2010,1.9006935
Armenia,ARM,2011,2.4240553
Armenia,ARM,2012,2.2302885
Armenia,ARM,2013,2.1713772
Armenia,ARM,2014,2.4914103
Armenia,ARM,2015,2.6054382
Armenia,ARM,2016,3.0357645
Armenia,ARM,2017,2.4544842
Armenia,ARM,2018,1.7627003
Armenia,ARM,2019,2.5881004
Australia,AUS,2000,1.9034636
Australia,AUS,2001,1.8027713
Australia,AUS,2002,1.879251
Australia,AUS,2003,1.5330728
Australia,AUS,2004,1.319946
Australia,AUS,2005,1.2839751
Australia,AUS,2006,1.3729398
Australia,AUS,2007,1.2241472
Australia,AUS,2008,1.2283583
Australia,AUS,2009,1.2141697
Australia,AUS,2010,1.049086
Australia,AUS,2011,1.1092706
Australia,AUS,2012,1.0691061
Australia,AUS,2013,1.0600654
Australia,AUS,2014,1.0353829
Australia,AUS,2015,0.99075425
Australia,AUS,2016,0.9381832
Australia,AUS,2017,0.84586084
Australia,AUS,2018,0.88473505
Australia,AUS,2019,0.887323
Austria,AUT,2000,1.0236655
Austria,AUT,2001,0.8706873
Austria,AUT,2002,0.80455583
Austria,AUT,2003,0.6157557
Austria,AUT,2004,0.72204673
Austria,AUT,2005,0.6563726
Austria,AUT,2006,0.7378053
Austria,AUT,2007,0.54251367
Austria,AUT,2008,0.6970206
Austria,AUT,2009,0.61129564
Austria,AUT,2010,0.7294182
Austria,AUT,2011,0.91762805
Austria,AUT,2012,0.96089554
Austria,AUT,2013,0.7193787
Austria,AUT,2014,0.4914542
Austria,AUT,2015,0.5091166
Austria,AUT,2016,0.6180974
Austria,AUT,2017,0.79568094
Austria,AUT,2018,0.9727943
Austria,AUT,2019,0.867123
Azerbaijan,AZE,2000,2.759349
Azerbaijan,AZE,2001,2.6322072
Azerbaijan,AZE,2002,2.532212
Azerbaijan,AZE,2007,2.1287594
Azerbaijan,AZE,2008,2.1334054
Azerbaijan,AZE,2010,2.2301123
Azerbaijan,AZE,2011,2.2545109
Azerbaijan,AZE,2012,2.129549
Azerbaijan,AZE,2013,2.2986166
Azerbaijan,AZE,2014,2.4225302
Azerbaijan,AZE,2015,2.1392045
Azerbaijan,AZE,2016,1.6940236
Azerbaijan,AZE,2017,1.8070674
Azerbaijan,AZE,2018,1.9404047
Azerbaijan,AZE,2019,1.6417869
Bangladesh,BGD,2000,2.587595
Bangladesh,BGD,2001,2.7933366
Bangladesh,BGD,2002,2.611454
Bangladesh,BGD,2003,2.5427973
Bangladesh,BGD,2004,2.8114474
Bangladesh,BGD,2005,2.549098
Bangladesh,BGD,2006,2.9208682
Bangladesh,BGD,2007,2.6801088
Bangladesh,BGD,2008,2.8187065
Bangladesh,BGD,2009,2.8758037
Bangladesh,BGD,2010,2.687492
Bangladesh,BGD,2011,2.640286
Bangladesh,BGD,2012,2.7049658
Bangladesh,BGD,2013,2.8520393
Bangladesh,BGD,2014,2.8943079
Bangladesh,BGD,2015,2.556548
Bangladesh,BGD,2016,2.247401
Bangladesh,BGD,2017,2.1935306
Bangladesh,BGD,2018,2.339875
Belarus,BLR,2000,9.87668
Belarus,BLR,2001,9.498875
Belarus,BLR,2002,9.757891
Belarus,BLR,2007,6.604935
Belarus,BLR,2008,5.639659
Belarus,BLR,2009,4.9909263
Belarus,BLR,2010,4.12067
Belarus,BLR,2011,3.842595
Belarus,BLR,2012,3.5074148
Belarus,BLR,2013,3.4361296
Belarus,BLR,2014,3.5074184
Belarus,BLR,2015,3.3606138
Belarus,BLR,2016,3.1623044
Belarus,BLR,2017,2.4722195
Belarus,BLR,2018,2.3309605
Belarus,BLR,2019,2.3258288
Belgium,BEL,2000,2.0654027
Belgium,BEL,2001,2.7354062
Belgium,BEL,2002,3.0804682
Belize,BLZ,2000,17.054483
Belize,BLZ,2001,25.796103
Belize,BLZ,2002,33.9861
Belize,BLZ,2003,25.37898
Belize,BLZ,2004,29.030403
Belize,BLZ,2005,28.88988
Belize,BLZ,2006,31.863733
Belize,BLZ,2007,32.640865
Belize,BLZ,2008,33.696304
Belize,BLZ,2009,30.874954
Belize,BLZ,2010,40.048866
Belize,BLZ,2011,37.628494
Belize,BLZ,2012,43.019176
Belize,BLZ,2013,28.721668
Belize,BLZ,2014,34.909958
Belize,BLZ,2015,33.067406
Belize,BLZ,2016,37.57019
Belize,BLZ,2017,37.89764
Belize,BLZ,2018,37.42809
Belize,BLZ,2019,34.43889
Bhutan,BTN,2000,3.0653586
Bhutan,BTN,2001,3.14969
Bhutan,BTN,2002,3.069229
Bhutan,BTN,2003,0.7878644
Bhutan,BTN,2004,2.3077242
Bhutan,BTN,2005,1.6583173
Bhutan,BTN,2006,1.3367802
Bhutan,BTN,2007,2.0539498
Bhutan,BTN,2008,2.6096904
Bhutan,BTN,2009,2.2933233
Bhutan,BTN,2010,2.267842
Bhutan,BTN,2011,4.485999
Bhutan,BTN,2012,4.576053
Bhutan,BTN,2013,3.2926848
Bhutan,BTN,2015,1.6144786
Bhutan,BTN,2016,1.2003818
Bhutan,BTN,2017,1.7193004
Bhutan,BTN,2018,1.1809528
Bhutan,BTN,2019,1.042401
"Bolivia, Plurinational State of",BOL,2015,4.896265
"Bolivia, Plurinational State of",BOL,2016,5.7000723
"Bolivia, Plurinational State of",BOL,2017,6.5322704
"Bolivia, Plurinational State of",BOL,2018,4.945332
"Bolivia, Plurinational State of",BOL,2019,4.2199774
Botswana,BWA,2001,12.089016
Botswana,BWA,2002,14.205095
Botswana,BWA,2003,17.078451
Botswana,BWA,2004,13.931584
Botswana,BWA,2005,15.373992
Botswana,BWA,2006,13.532407
Botswana,BWA,2007,14.235042
Botswana,BWA,2008,13.998765
Botswana,BWA,2009,14.104462
Botswana,BWA,2010,14.486071
Brazil,BRA,2000,25.79976
Brazil,BRA,2001,26.90898
Brazil,BRA,2002,27.543724
Brazil,BRA,2003,27.960468
Brazil,BRA,2004,26.19828
Brazil,BRA,2005,25.478415
Brazil,BRA,2006,26.037931
Brazil,BRA,2007,25.018942
Brazil,BRA,2008,26.020863
Brazil,BRA,2009,26.455711
Brazil,BRA,2010,26.630033
Brazil,BRA,2011,26.355639
Brazil,BRA,2012,28.197144
Brazil,BRA,2013,28.179903
Brazil,BRA,2014,29.358646
Brazil,BRA,2015,28.356405
Brazil,BRA,2016,29.589155
Brazil,BRA,2017,30.593037
Brazil,BRA,2018,26.636013
Brazil,BRA,2019,20.810465
Bulgaria,BGR,2000,4.099934
Bulgaria,BGR,2001,3.833296
Bulgaria,BGR,2002,3.1975684
Bulgaria,BGR,2003,3.1195772
Bulgaria,BGR,2004,3.1022274
Bulgaria,BGR,2005,2.546313
Bulgaria,BGR,2006,2.3950443
Bulgaria,BGR,2007,2.2930326
Bulgaria,BGR,2008,2.2410676
Bulgaria,BGR,2009,1.9647046
Bulgaria,BGR,2010,1.9493505
Bulgaria,BGR,2011,1.6969084
Bulgaria,BGR,2012,1.8829263
Bulgaria,BGR,2013,1.4667951
Bulgaria,BGR,2014,1.5192329
Bulgaria,BGR,2015,1.7238423
Bulgaria,BGR,2016,1.0902605
Bulgaria,BGR,2017,1.4340553
Bulgaria,BGR,2018,1.2926013
Bulgaria,BGR,2019,1.1768823
Burundi,BDI,2012,5.1043954
Burundi,BDI,2013,5.123366
Burundi,BDI,2014,5.3740325
Burundi,BDI,2015,4.2975073
Burundi,BDI,2016,5.82391
Cameroon,CMR,2000,3.041428
Cameroon,CMR,2001,4.873089
Cameroon,CMR,2002,6.478559
Cameroon,CMR,2003,6.126819
Cameroon,CMR,2008,4.1326976
Cameroon,CMR,2009,6.609979
Cameroon,CMR,2010,5.025647
Cameroon,CMR,2011,4.0833545
Cameroon,CMR,2012,4.1839643
Cameroon,CMR,2015,3.741421
Cameroon,CMR,2016,3.3190465
Cameroon,CMR,2017,4.1159043
Canada,CAN,2000,1.7794689
Canada,CAN,2001,1.7869376
Canada,CAN,2002,1.8580953
Canada,CAN,2003,1.736273
Canada,CAN,2004,1.9585313
Canada,CAN,2005,2.061093
Canada,CAN,2006,1.8689367
Canada,CAN,2007,1.8166627
Canada,CAN,2008,1.8483654
Canada,CAN,2009,1.815805
Canada,CAN,2010,1.6400001
Canada,CAN,2011,1.774293
Canada,CAN,2012,1.582503
Canada,CAN,2013,1.4516441
Canada,CAN,2014,1.4828578
Canada,CAN,2015,1.7099458
Canada,CAN,2016,1.7057317
Canada,CAN,2017,1.8192091
Canada,CAN,2018,1.7874861
Canada,CAN,2019,1.8362274
Chile,CHL,2003,3.2347336
Chile,CHL,2005,3.5609825
Chile,CHL,2006,3.6119704
Chile,CHL,2007,3.734343
Chile,CHL,2008,3.529102
Chile,CHL,2009,3.742549
Chile,CHL,2010,3.181574
Chile,CHL,2011,3.7033644
Chile,CHL,2012,2.5026278
Chile,CHL,2013,3.175342
Chile,CHL,2014,2.4763799
Chile,CHL,2015,2.3446956
Chile,CHL,2016,3.428468
Chile,CHL,2017,4.240938
Chile,CHL,2018,4.4114227
Chile,CHL,2019,3.9444344
China,CHN,2002,2.0513282
China,CHN,2003,1.8925831
China,CHN,2004,1.9055121
China,CHN,2005,1.5917081
China,CHN,2006,1.3687598
China,CHN,2007,1.2197381
China,CHN,2008,1.1134691
China,CHN,2009,1.0952669
China,CHN,2010,0.9946659
China,CHN,2011,0.8853467
China,CHN,2012,0.82586884
China,CHN,2013,0.77319944
China,CHN,2014,0.72791475
China,CHN,2015,0.66010606
China,CHN,2016,0.615883
China,CHN,2017,0.5665558
China,CHN,2018,0.53102547
China,CHN,2019,0.5189666
Colombia,COL,2000,67.6754
Colombia,COL,2001,69.88325
Colombia,COL,2002,70.170975
Colombia,COL,2003,57.29256
Colombia,COL,2004,48.525425
Colombia,COL,2005,42.895775
Colombia,COL,2006,40.86465
Colombia,COL,2007,39.712208
Colombia,COL,2008,36.836437
Colombia,COL,2009,35.693077
Colombia,COL,2010,34.494293
Colombia,COL,2011,35.59345
Colombia,COL,2012,35.90898
Colombia,COL,2013,33.35357
Colombia,COL,2014,28.585234
Colombia,COL,2015,27.128765
Colombia,COL,2016,26.040422
Colombia,COL,2017,25.434488
Colombia,COL,2018,26.231325
Colombia,COL,2019,25.753473
Costa Rica,CRI,2000,6.257551
Costa Rica,CRI,2001,6.340634
Costa Rica,CRI,2002,6.2581515
Costa Rica,CRI,2003,7.1622796
Costa Rica,CRI,2004,6.5838985
Costa Rica,CRI,2005,7.7620196
Costa Rica,CRI,2006,8.017045
Costa Rica,CRI,2007,8.310775
Costa Rica,CRI,2008,11.372923
Costa Rica,CRI,2009,11.505267
Costa Rica,CRI,2010,11.40137
Costa Rica,CRI,2011,10.128365
Costa Rica,CRI,2012,8.592673
Costa Rica,CRI,2013,8.577627
Costa Rica,CRI,2014,9.846647
Costa Rica,CRI,2015,11.378396
Costa Rica,CRI,2016,11.688089
Costa Rica,CRI,2017,12.074873
Costa Rica,CRI,2018,11.605453
Costa Rica,CRI,2019,11.0728
Croatia,HRV,2000,2.2205446
Croatia,HRV,2001,1.7973005
Croatia,HRV,2002,1.6284217
Croatia,HRV,2003,1.5466903
Croatia,HRV,2004,1.86796
Croatia,HRV,2005,1.535099
Croatia,HRV,2006,1.6751331
Croatia,HRV,2007,1.4073216
Croatia,HRV,2008,1.6159633
Croatia,HRV,2009,1.1181778
Croatia,HRV,2010,1.4191923
Croatia,HRV,2011,1.1259601
Croatia,HRV,2012,1.1773956
Croatia,HRV,2013,1.0675694
Croatia,HRV,2014,0.8403416
Croatia,HRV,2015,0.86960304
Croatia,HRV,2016,1.041728
Croatia,HRV,2017,1.0972061
Croatia,HRV,2018,0.57685584
Croatia,HRV,2019,0.79907954
Cyprus,CYP,2000,0.8436705
Cyprus,CYP,2001,0.72551644
Cyprus,CYP,2002,0.20362565
Cyprus,CYP,2004,1.5706531
Cyprus,CYP,2005,1.9285259
Cyprus,CYP,2006,1.4212109
Cyprus,CYP,2007,1.2105714
Cyprus,CYP,2008,0.82388157
Cyprus,CYP,2009,1.710211
Cyprus,CYP,2010,0.7081617
Cyprus,CYP,2011,0.7859672
Cyprus,CYP,2012,1.9021984
Cyprus,CYP,2013,1.0283054
Cyprus,CYP,2014,0.9345834
Cyprus,CYP,2015,1.263392
Cyprus,CYP,2016,1.0852493
Cyprus,CYP,2017,0.5792194
Cyprus,CYP,2018,1.2306874
Cyprus,CYP,2019,1.2206669
Czechia,CZE,2000,1.8661984
Czechia,CZE,2001,1.3196125
Czechia,CZE,2002,1.3576645
Czechia,CZE,2003,1.5905484
Czechia,CZE,2004,1.3059157
Czechia,CZE,2005,1.0505722
Czechia,CZE,2006,1.2615461
Czechia,CZE,2007,1.2188246
Czechia,CZE,2008,1.0984159
Czechia,CZE,2009,0.90198064
Czechia,CZE,2010,0.98425674
Czechia,CZE,2011,0.8193302
Czechia,CZE,2012,0.9989473
Czechia,CZE,2013,0.85595655
Czechia,CZE,2014,0.7701683
Czechia,CZE,2015,0.83620006
Czechia,CZE,2016,0.6174252
Czechia,CZE,2017,0.62670296
Czechia,CZE,2019,0.9205769
Denmark,DNK,2000,1.0860091
Denmark,DNK,2001,0.9700138
Denmark,DNK,2002,0.89240944
Denmark,DNK,2010,0.7566411
Denmark,DNK,2011,0.8249618
Denmark,DNK,2012,0.83914196
Denmark,DNK,2013,0.853275
Denmark,DNK,2014,1.3095833
Denmark,DNK,2015,1.0919731
Denmark,DNK,2016,0.9812757
Denmark,DNK,2017,1.2375193
Denmark,DNK,2018,1.005777
Denmark,DNK,2019,1.1387403
Ecuador,ECU,2000,14.517079
Ecuador,ECU,2001,12.907223
Ecuador,ECU,2002,14.582335
Ecuador,ECU,2007,15.948823
Ecuador,ECU,2008,17.983282
Ecuador,ECU,2009,17.805342
Ecuador,ECU,2010,17.505487
Ecuador,ECU,2011,15.376308
Ecuador,ECU,2012,12.412907
Ecuador,ECU,2013,10.971196
Ecuador,ECU,2014,8.209052
Ecuador,ECU,2015,6.4831214
Ecuador,ECU,2016,5.8334804
Ecuador,ECU,2017,5.8094463
Ecuador,ECU,2018,5.841674
Ecuador,ECU,2019,6.843968
Egypt,EGY,2003,0.62003607
Egypt,EGY,2004,0.41536367
Egypt,EGY,2005,0.6601302
Egypt,EGY,2006,0.6808908
Egypt,EGY,2007,0.8270619
Egypt,EGY,2008,1.1533216
Egypt,EGY,2009,1.0666534
Egypt,EGY,2010,2.1076782
Egypt,EGY,2011,3.0302672
Egypt,EGY,2012,2.4188852
Egypt,EGY,2014,3.0232553
Egypt,EGY,2015,1.750853
Egypt,EGY,2016,1.5353159
Egypt,EGY,2017,1.3360921
El Salvador,SLV,2000,59.595715
El Salvador,SLV,2001,59.95229
El Salvador,SLV,2002,47.161377
El Salvador,SLV,2003,55.684162
El Salvador,SLV,2004,64.56631
El Salvador,SLV,2005,64.29476
El Salvador,SLV,2006,65.07651
El Salvador,SLV,2007,57.85778
El Salvador,SLV,2008,52.38873
El Salvador,SLV,2009,71.939995
El Salvador,SLV,2010,65.210625
El Salvador,SLV,2011,71.21968
El Salvador,SLV,2012,42.10158
El Salvador,SLV,2013,40.62634
El Salvador,SLV,2014,63.144913
El Salvador,SLV,2015,106.8196
El Salvador,SLV,2016,84.40911
El Salvador,SLV,2017,63.223526
El Salvador,SLV,2018,53.311302
El Salvador,SLV,2019,38.183395
Estonia,EST,2000,10.237125
Estonia,EST,2001,9.870357
Estonia,EST,2002,10.295525
Estonia,EST,2007,7.161109
Estonia,EST,2008,6.432258
Estonia,EST,2009,5.245208
Estonia,EST,2010,5.2570906
Estonia,EST,2011,4.8966837
Estonia,EST,2012,4.7630496
Estonia,EST,2013,3.9454272
Estonia,EST,2014,3.118995
Estonia,EST,2015,3.4229474
Estonia,EST,2016,2.5077407
Estonia,EST,2017,2.2010574
Estonia,EST,2018,2.1177669
Estonia,EST,2019,1.9592499
Ethiopia,ETH,2012,8.631964
Fiji,FJI,2003,2.912716
Fiji,FJI,2004,2.653761
Fiji,FJI,2005,2.6288013
Fiji,FJI,2006,2.491272
Fiji,FJI,2007,2.3578339
Fiji,FJI,2008,1.8957758
Fiji,FJI,2009,3.2172801
Fiji,FJI,2010,2.2095308
Fiji,FJI,2011,2.2017837
Fiji,FJI,2012,2.1952474
Fiji,FJI,2013,2.0800195
Fiji,FJI,2014,2.1844554
Finland,FIN,2000,2.8592353
Finland,FIN,2001,3.0069377
Finland,FIN,2002,2.5381708
Finland,FIN,2003,1.9758338
Finland,FIN,2004,2.8308342
Finland,FIN,2005,2.2683642
Finland,FIN,2006,2.2596722
Finland,FIN,2007,2.4391677
Finland,FIN,2008,2.5031288
Finland,FIN,2009,2.2476897
Finland,FIN,2010,2.2001498
Finland,FIN,2011,2.041511
Finland,FIN,2012,1.6439292
Finland,FIN,2013,1.6363689
Finland,FIN,2014,1.6112968
Finland,FIN,2015,1.4964975
Finland,FIN,2016,1.3466251
Finland,FIN,2017,1.2163817
Finland,FIN,2018,1.5592532
Finland,FIN,2019,1.466983
France,FRA,2000,1.7915143
France,FRA,2001,1.774132
France,FRA,2002,1.8847018
France,FRA,2003,1.652484
France,FRA,2004,1.6470233
France,FRA,2005,1.6129544
France,FRA,2006,1.442896
France,FRA,2007,1.6191262
France,FRA,2008,1.654218
France,FRA,2009,1.318983
France,FRA,2010,1.2747306
France,FRA,2011,1.3635943
France,FRA,2012,1.2430353
France,FRA,2013,1.2268063
France,FRA,2014,1.2455084
France,FRA,2015,1.5859641
France,FRA,2016,1.2173907
France,FRA,2017,1.106883
France,FRA,2018,1.0827998
France,FRA,2019,1.1692591
Georgia,GEO,2000,5.6035256
Georgia,GEO,2001,6.345788
Georgia,GEO,2002,7.1901217
Georgia,GEO,2004,7.470807
Georgia,GEO,2005,10.173732
Georgia,GEO,2006,8.21075
Georgia,GEO,2007,8.447523
Georgia,GEO,2008,6.7788773
Georgia,GEO,2009,5.447189
Georgia,GEO,2010,4.8738136
Georgia,GEO,2016,1.0341783
Georgia,GEO,2017,2.4125772
Georgia,GEO,2018,2.3592877
Georgia,GEO,2019,2.0420012
Germany,DEU,2000,1.6725591
Germany,DEU,2001,1.4488208
Germany,DEU,2002,1.4390358
Germany,DEU,2003,1.3485471
Germany,DEU,2004,1.3683347
Germany,DEU,2005,1.2855216
Germany,DEU,2006,1.2170813
Germany,DEU,2007,1.0938139
Germany,DEU,2008,1.0231787
Germany,DEU,2009,0.9881786
Germany,DEU,2010,0.97509885
Germany,DEU,2011,0.9063736
Germany,DEU,2012,0.8081371
Germany,DEU,2013,0.8349597
Germany,DEU,2014,0.87467664
Germany,DEU,2015,0.8309653
Germany,DEU,2016,1.1696628
Germany,DEU,2017,0.9839711
Germany,DEU,2018,0.9505807
Germany,DEU,2019,0.7492651
Ghana,GHA,2001,2.144034
Ghana,GHA,2002,1.931755
Ghana,GHA,2003,2.044116
Ghana,GHA,2004,2.06332
Ghana,GHA,2005,1.7469034
Ghana,GHA,2006,1.783659
Ghana,GHA,2007,1.6829535
Ghana,GHA,2008,1.7676497
Ghana,GHA,2009,1.7113706
Ghana,GHA,2010,1.650067
Ghana,GHA,2011,1.6141378
Ghana,GHA,2012,2.0849807
Ghana,GHA,2013,2.001773
Ghana,GHA,2014,1.9257805
Ghana,GHA,2015,1.8184376
Ghana,GHA,2016,1.8575976
Ghana,GHA,2017,2.015071
Ghana,GHA,2018,1.6196619
Ghana,GHA,2019,1.8114166
Greece,GRC,2001,1.1921769
Greece,GRC,2002,0.8471051
Greece,GRC,2004,0.9986423
Greece,GRC,2005,1.1877502
Greece,GRC,2006,0.99044734
Greece,GRC,2007,1.1720695
Greece,GRC,2008,1.3003874
Greece,GRC,2009,1.3748817
Greece,GRC,2010,1.5951011
Greece,GRC,2011,1.6720091
Greece,GRC,2012,1.5140965
Greece,GRC,2013,1.4018042
Greece,GRC,2014,0.9849978
Greece,GRC,2015,0.86058193
Greece,GRC,2016,0.7814141
Greece,GRC,2017,0.8043225
Greece,GRC,2018,0.93104
Greece,GRC,2019,0.7376567
Guatemala,GTM,2000,24.7446
Guatemala,GTM,2001,26.896059
Guatemala,GTM,2002,29.544691
Guatemala,GTM,2003,33.70589
Guatemala,GTM,2004,35.06728
Guatemala,GTM,2005,40.64628
Guatemala,GTM,2006,43.87729
Guatemala,GTM,2007,42.207535
Guatemala,GTM,2008,45.00892
Guatemala,GTM,2009,45.569904
Guatemala,GTM,2010,40.981575
Guatemala,GTM,2011,38.298565
Guatemala,GTM,2012,34.075195
Guatemala,GTM,2013,33.42484
Guatemala,GTM,2014,33.429344
Guatemala,GTM,2017,32.78298
Guatemala,GTM,2018,28.895842
Guatemala,GTM,2019,25.645466
Guinea-Bissau,GNB,2016,3.4885912
Guinea-Bissau,GNB,2017,1.1171243
Guyana,GUY,2000,10.012503
Guyana,GUY,2001,10.5289545
Guyana,GUY,2002,18.807783
Guyana,GUY,2003,27.479698
Guyana,GUY,2004,17.22722
Guyana,GUY,2005,18.691368
Guyana,GUY,2006,20.174915
Guyana,GUY,2007,15.201154
Guyana,GUY,2008,20.950739
Guyana,GUY,2009,15.573877
Guyana,GUY,2010,18.718292
Guyana,GUY,2011,17.467718
Guyana,GUY,2012,18.68365
Guyana,GUY,2013,20.737991
Guyana,GUY,2014,19.837175
Guyana,GUY,2015,19.73429
Guyana,GUY,2016,18.706684
Guyana,GUY,2017,15.067107
Guyana,GUY,2018,14.130875
Guyana,GUY,2019,17.02654
Haiti,HTI,2007,5.1587834
Haiti,HTI,2008,5.20091
Haiti,HTI,2009,6.145538
Haiti,HTI,2010,6.878068
Haiti,HTI,2011,9.181951
Haiti,HTI,2012,10.219083
Haiti,HTI,2013,10.125515
Haiti,HTI,2014,9.411548
Haiti,HTI,2015,10.138438
Haiti,HTI,2016,9.595058
Haiti,HTI,2018,6.746927
Honduras,HND,2000,47.71115
Honduras,HND,2001,51.0101
Honduras,HND,2002,51.610367
Honduras,HND,2003,56.554672
Honduras,HND,2004,49.286194
Honduras,HND,2005,42.460865
Honduras,HND,2006,40.25719
Honduras,HND,2007,45.277523
Honduras,HND,2008,54.987938
Honduras,HND,2009,63.7889
Honduras,HND,2010,73.79067
Honduras,HND,2011,82.38905
Honduras,HND,2012,81.570755
Honduras,HND,2013,71.769295
Honduras,HND,2014,64.53877
Honduras,HND,2015,55.38756
Honduras,HND,2016,54.435158
Honduras,HND,2017,40.13777
Honduras,HND,2018,37.874573
Honduras,HND,2019,40.94859
Hungary,HUN,2000,2.0093992
Hungary,HUN,2001,2.4955897
Hungary,HUN,2002,2.000315
Hungary,HUN,2003,2.253396
Hungary,HUN,2004,2.070436
Hungary,HUN,2005,1.6280298
Hungary,HUN,2006,1.7301275
Hungary,HUN,2007,1.5336856
Hungary,HUN,2008,1.8057547
Hungary,HUN,2009,1.3888085
Hungary,HUN,2010,1.3818206
Hungary,HUN,2011,1.4568114
Hungary,HUN,2012,1.249732
Hungary,HUN,2013,1.5563983
Hungary,HUN,2014,1.4795446
Hungary,HUN,2015,2.2449663
Hungary,HUN,2016,2.0580525
Hungary,HUN,2017,1.6344975
Hungary,HUN,2018,0.87967324
Hungary,HUN,2019,0.65494615
Iceland,ISL,2000,1.7764387
Iceland,ISL,2001,0.35058442
Iceland,ISL,2002,1.3898637
Iceland,ISL,2005,1.010004
Iceland,ISL,2006,0.0
Iceland,ISL,2007,0.6413278
Iceland,ISL,2008,0.0
Iceland,ISL,2009,0.3136758
Iceland,ISL,2010,0.6282729
Iceland,ISL,2011,0.93957585
Iceland,ISL,2012,0.3115464
Iceland,ISL,2013,0.30861863
Iceland,ISL,2014,0.3052098
Iceland,ISL,2015,0.9061815
Iceland,ISL,2016,0.29790765
Iceland,ISL,2017,0.87302697
Iceland,ISL,2018,0.8499884
Iceland,ISL,2019,0.27718145
India,IND,2000,4.5456276
India,IND,2001,4.3022475
India,IND,2002,4.1642046
India,IND,2003,3.967281
India,IND,2004,4.0914764
India,IND,2005,3.9055507
India,IND,2006,3.8350396
India,IND,2007,3.8129203
India,IND,2008,3.8118565
India,IND,2009,3.744892
India,IND,2010,3.744921
India,IND,2011,3.788104
India,IND,2012,3.7252629
India,IND,2013,3.5533159
India,IND,2014,3.6225762
India,IND,2015,3.3543067
India,IND,2016,3.1614263
India,IND,2017,3.0288827
India,IND,2018,2.993784
India,IND,2019,2.926661
Indonesia,IDN,2000,1.0295581
Indonesia,IDN,2003,0.7329205
Indonesia,IDN,2004,0.62804675
"Iran, Islamic Republic of",IRN,2009,2.9802475
"Iran, Islamic Republic of",IRN,2013,2.596263
"Iran, Islamic Republic of",IRN,2014,2.42116
Iraq,IRQ,2008,15.729824
Iraq,IRQ,2009,8.432093
Iraq,IRQ,2010,8.607103
Iraq,IRQ,2011,8.1351385
Iraq,IRQ,2012,7.9641047
Iraq,IRQ,2013,9.410459
Ireland,IRL,2000,0.98170567
Ireland,IRL,2001,1.3580506
Ireland,IRL,2002,1.3352995
Ireland,IRL,2003,0.9346491
Ireland,IRL,2004,0.744056
Ireland,IRL,2005,1.2617637
Ireland,IRL,2006,1.4640574
Ireland,IRL,2007,1.7890589
Ireland,IRL,2008,1.1454515
Ireland,IRL,2009,1.1778321
Ireland,IRL,2010,1.215581
Ireland,IRL,2011,0.92419386
Ireland,IRL,2012,1.1392142
Ireland,IRL,2013,1.1113939
Ireland,IRL,2015,0.6644148
Ireland,IRL,2016,0.72098243
Ireland,IRL,2017,0.8172925
Ireland,IRL,2018,0.80670065
Ireland,IRL,2019,0.6535922
Israel,ISR,2000,2.5175912
Israel,ISR,2001,3.0939493
Israel,ISR,2002,3.272142
Israel,ISR,2003,2.6405542
Israel,ISR,2004,2.4105568
Israel,ISR,2005,2.517082
Israel,ISR,2006,2.2394361
Israel,ISR,2007,1.9418864
Israel,ISR,2008,1.6962277
Israel,ISR,2009,2.0000827
Israel,ISR,2010,2.046819
Israel,ISR,2011,1.9705757
Israel,ISR,2012,1.6859617
Israel,ISR,2013,1.6436564
Israel,ISR,2014,1.3733737
Israel,ISR,2015,1.3736645
Israel,ISR,2016,1.2746646
Israel,ISR,2017,1.4802767
Israel,ISR,2018,1.3717287
Israel,ISR,2019,1.5334716
Italy,ITA,2000,1.3446523
Italy,ITA,2001,1.243969
Italy,ITA,2002,1.1276963
Italy,ITA,2005,1.0481122
Italy,ITA,2006,1.0696578
Italy,ITA,2007,1.0735221
Italy,ITA,2008,1.0384264
Italy,ITA,2009,0.99055046
Italy,ITA,2010,0.8842834
Italy,ITA,2011,0.9196023
Italy,ITA,2012,0.8805428
Italy,ITA,2013,0.8323302
Italy,ITA,2014,0.7874304
Italy,ITA,2015,0.77864414
Italy,ITA,2016,0.6720047
Italy,ITA,2017,0.6266246
Italy,ITA,2018,0.5995582
Italy,ITA,2019,0.53073996
Jamaica,JAM,2000,33.955986
Jamaica,JAM,2001,43.383774
Jamaica,JAM,2002,39.609688
Jamaica,JAM,2003,36.7782
Jamaica,JAM,2004,55.21721
Jamaica,JAM,2005,62.535885
Jamaica,JAM,2006,49.820415
Jamaica,JAM,2007,58.64015
Jamaica,JAM,2008,59.711445
Jamaica,JAM,2009,61.82042
Jamaica,JAM,2010,52.928127
Jamaica,JAM,2011,41.25747
Jamaica,JAM,2012,39.930183
Jamaica,JAM,2013,43.34454
Jamaica,JAM,2014,36.0921
Jamaica,JAM,2015,43.264412
Jamaica,JAM,2016,48.310635
Jamaica,JAM,2017,58.646004
Jamaica,JAM,2018,45.84195
Jamaica,JAM,2019,47.62289
Japan,JPN,2000,0.53468406
Japan,JPN,2001,0.548535
Japan,JPN,2002,0.5200243
Japan,JPN,2003,0.5466566
Japan,JPN,2004,0.5474998
Japan,JPN,2005,0.5031363
Japan,JPN,2006,0.48396364
Japan,JPN,2007,0.44841498
Japan,JPN,2008,0.5106278
Japan,JPN,2009,0.39495137
Japan,JPN,2010,0.36298227
Japan,JPN,2011,0.34529293
Japan,JPN,2012,0.3355398
Japan,JPN,2013,0.2897894
Japan,JPN,2014,0.30986047
Japan,JPN,2015,0.28526312
Japan,JPN,2016,0.28505316
Japan,JPN,2017,0.24158695
Japan,JPN,2018,0.26454216
Japan,JPN,2019,0.2535939
Jordan,JOR,2007,1.7301421
Jordan,JOR,2008,1.809171
Jordan,JOR,2009,1.5043155
Jordan,JOR,2010,1.6735778
Jordan,JOR,2011,1.9831281
Jordan,JOR,2012,2.2324328
Jordan,JOR,2013,1.8713902
Jordan,JOR,2014,1.9634961
Jordan,JOR,2015,1.5904369
Jordan,JOR,2016,1.3146466
Jordan,JOR,2017,1.3019582
Jordan,JOR,2018,0.8986731
Jordan,JOR,2019,1.1403272
Kazakhstan,KAZ,2000,15.259658
Kazakhstan,KAZ,2001,14.134937
Kazakhstan,KAZ,2002,12.823553
Kazakhstan,KAZ,2003,12.9145565
Kazakhstan,KAZ,2004,13.47127
Kazakhstan,KAZ,2008,11.156719
Kazakhstan,KAZ,2009,10.797221
Kazakhstan,KAZ,2010,8.341434
Kazakhstan,KAZ,2011,8.419846
Kazakhstan,KAZ,2012,7.402269
Kazakhstan,KAZ,2013,6.45692
Kazakhstan,KAZ,2014,5.1386127
Kazakhstan,KAZ,2015,4.782487
Kazakhstan,KAZ,2017,4.995956
Kenya,KEN,2004,3.4482226
Kenya,KEN,2005,3.0231836
Kenya,KEN,2006,2.9951317
Kenya,KEN,2007,2.896301
Kenya,KEN,2008,3.1009858
Kenya,KEN,2009,4.725644
Kenya,KEN,2010,4.638963
Kenya,KEN,2011,5.3265915
Kenya,KEN,2012,5.429288
Kenya,KEN,2014,5.029252
Kenya,KEN,2015,4.825887
Kenya,KEN,2016,4.933743
Kenya,KEN,2017,5.0379853
Kenya,KEN,2018,3.1409333
Kenya,KEN,2019,3.0931406
Latvia,LVA,2000,9.947631
Latvia,LVA,2001,9.282613
Latvia,LVA,2002,9.199775
Latvia,LVA,2012,3.4085884
Latvia,LVA,2013,2.461252
Latvia,LVA,2014,3.1824346
Latvia,LVA,2015,3.3635306
Latvia,LVA,2016,3.496369
Latvia,LVA,2017,4.143514
Latvia,LVA,2018,4.339671
Latvia,LVA,2019,3.391501
Lebanon,LBN,2008,3.744159
Lebanon,LBN,2009,2.9286218
Lebanon,LBN,2010,3.262741
Lebanon,LBN,2011,3.3299925
Lebanon,LBN,2012,3.746376
Lebanon,LBN,2013,4.15577
Lebanon,LBN,2014,3.825102
Lebanon,LBN,2015,3.6099732
Lebanon,LBN,2016,3.7548215
Lebanon,LBN,2017,4.02668
Lebanon,LBN,2018,2.8903487
Lebanon,LBN,2019,3.1477506
Lesotho,LSO,2007,45.123055
Lesotho,LSO,2008,37.69398
Liberia,LBR,2007,2.7527428
Liberia,LBR,2008,4.677729
Liberia,LBR,2009,3.713126
Liberia,LBR,2010,3.2089903
Liberia,LBR,2011,3.8506157
Liberia,LBR,2012,3.1165302
Lithuania,LTU,2000,10.278815
Lithuania,LTU,2001,9.915335
Lithuania,LTU,2002,8.33381
Lithuania,LTU,2004,10.021647
Lithuania,LTU,2005,11.027016
Lithuania,LTU,2006,8.667046
Lithuania,LTU,2007,8.46469
Lithuania,LTU,2008,9.242094
Lithuania,LTU,2009,7.9233346
Lithuania,LTU,2010,6.976703
Lithuania,LTU,2011,6.806896
Lithuania,LTU,2012,6.5941076
Lithuania,LTU,2013,6.5385604
Lithuania,LTU,2014,5.3089767
Lithuania,LTU,2015,5.80343
Lithuania,LTU,2016,5.2153044
Lithuania,LTU,2017,3.4429927
Lithuania,LTU,2018,3.1987455
Lithuania,LTU,2019,3.299307
Luxembourg,LUX,2000,0.9182146
Luxembourg,LUX,2001,2.0396624
Luxembourg,LUX,2002,1.3455554
Luxembourg,LUX,2003,0.66467047
Luxembourg,LUX,2004,0.43688297
Luxembourg,LUX,2005,0.86047506
Luxembourg,LUX,2006,1.4817841
Luxembourg,LUX,2007,1.458733
Luxembourg,LUX,2008,1.6372122
Luxembourg,LUX,2009,1.0042822
Luxembourg,LUX,2010,1.9721162
Luxembourg,LUX,2011,0.7718938
Luxembourg,LUX,2012,0.0
Luxembourg,LUX,2013,0.18413985
Luxembourg,LUX,2014,0.71933454
Luxembourg,LUX,2015,0.87810576
Luxembourg,LUX,2016,0.8571169
Luxembourg,LUX,2017,0.3354115
Luxembourg,LUX,2018,0.49349168
Luxembourg,LUX,2019,0.6451894
Malawi,MWI,2000,6.233644
Malawi,MWI,2001,7.826891
Malawi,MWI,2002,4.8114057
Malawi,MWI,2003,2.4818072
Malawi,MWI,2004,3.3114872
Malawi,MWI,2005,1.5679328
Malawi,MWI,2006,6.25843
Malawi,MWI,2007,5.112829
Malawi,MWI,2008,5.615784
Malawi,MWI,2009,2.2379293
Malawi,MWI,2010,3.5329876
Malawi,MWI,2011,2.2646103
Malawi,MWI,2012,1.7906137
Malaysia,MYS,2000,2.4013789
Malaysia,MYS,2001,2.1960268
Malaysia,MYS,2002,2.3402767
Malaysia,MYS,2003,2.2838054
Malaysia,MYS,2004,1.9618487
Malaysia,MYS,2005,2.329929
Malaysia,MYS,2006,2.21808
Malaysia,MYS,2007,2.406561
Malaysia,MYS,2008,2.1580162
Malaysia,MYS,2009,1.9881488
Malaysia,MYS,2010,1.8803715
Malaysia,MYS,2011,1.8160553
Malaysia,MYS,2012,2.0296552
Malaysia,MYS,2013,2.0806503
Malaysia,MYS,2014,1.666315
Malaysia,MYS,2015,1.6028925
Malaysia,MYS,2016,1.446406
Malaysia,MYS,2017,1.1852711
Malaysia,MYS,2018,0.996936
Malaysia,MYS,2019,0.94500613
Mauritania,MRT,2018,1.241011
Mauritania,MRT,2019,1.0949284
Mexico,MEX,2000,10.970289
Mexico,MEX,2001,10.347677
Mexico,MEX,2002,9.9963255
Mexico,MEX,2003,9.847764
Mexico,MEX,2004,8.974869
Mexico,MEX,2005,9.408928
Mexico,MEX,2006,9.77857
Mexico,MEX,2007,8.187218
Mexico,MEX,2008,12.769354
Mexico,MEX,2009,17.8326
Mexico,MEX,2010,22.88852
Mexico,MEX,2011,23.839584
Mexico,MEX,2012,22.432549
Mexico,MEX,2013,19.663113
Mexico,MEX,2014,16.849691
Mexico,MEX,2015,17.28008
Mexico,MEX,2016,20.209972
Mexico,MEX,2017,26.114616
Mexico,MEX,2018,29.581371
Mexico,MEX,2019,29.308798
"Moldova, Republic of",MDA,2000,10.184465
"Moldova, Republic of",MDA,2001,9.784547
"Moldova, Republic of",MDA,2002,9.668144
"Moldova, Republic of",MDA,2003,7.791925
"Moldova, Republic of",MDA,2004,6.844584
"Moldova, Republic of",MDA,2005,7.3974442
"Moldova, Republic of",MDA,2006,6.6451116
"Moldova, Republic of",MDA,2007,5.5973377
"Moldova, Republic of",MDA,2008,6.1902905
"Moldova, Republic of",MDA,2009,6.560888
"Moldova, Republic of",MDA,2010,7.2046385
"Moldova, Republic of",MDA,2011,6.0081334
"Moldova, Republic of",MDA,2012,6.529443
"Moldova, Republic of",MDA,2013,6.7027063
"Moldova, Republic of",MDA,2014,4.822761
"Moldova, Republic of",MDA,2015,5.7667875
"Moldova, Republic of",MDA,2016,6.201314
"Moldova, Republic of",MDA,2017,4.4332566
"Moldova, Republic of",MDA,2018,5.283533
"Moldova, Republic of",MDA,2019,3.8913121
Mongolia,MNG,2003,13.630294
Mongolia,MNG,2004,13.1208315
Mongolia,MNG,2005,15.551401
Mongolia,MNG,2006,13.01699
Mongolia,MNG,2007,11.321582
Mongolia,MNG,2008,8.048939
Mongolia,MNG,2009,8.212358
Mongolia,MNG,2010,8.843597
Mongolia,MNG,2011,9.694098
Mongolia,MNG,2012,7.1266165
Mongolia,MNG,2013,7.3106775
Mongolia,MNG,2014,7.337686
Mongolia,MNG,2015,7.21815
Mongolia,MNG,2016,6.0735
Mongolia,MNG,2017,6.169192
Mongolia,MNG,2018,6.194708
Mongolia,MNG,2019,6.341979
Montenegro,MNE,2002,4.2671757
Montenegro,MNE,2007,1.898967
Montenegro,MNE,2008,3.8006766
Montenegro,MNE,2009,3.327091
Montenegro,MNE,2010,2.3770134
Montenegro,MNE,2011,3.3238997
Montenegro,MNE,2012,2.6854098
Montenegro,MNE,2013,1.5774226
Montenegro,MNE,2014,3.1531096
Montenegro,MNE,2015,2.6815298
Montenegro,MNE,2016,4.4215403
Montenegro,MNE,2017,2.371774
Montenegro,MNE,2018,2.2171035
Montenegro,MNE,2019,3.6485002
Morocco,MAR,2000,1.6144613
Morocco,MAR,2001,1.8769381
Morocco,MAR,2002,1.576694
Morocco,MAR,2003,1.7194139
Morocco,MAR,2004,1.5649388
Morocco,MAR,2005,1.5411459
Morocco,MAR,2006,1.6151514
Morocco,MAR,2007,1.6553199
Morocco,MAR,2008,1.3466102
Morocco,MAR,2009,1.3481935
Morocco,MAR,2010,1.3891941
Morocco,MAR,2011,1.3402748
Morocco,MAR,2012,1.1483511
Morocco,MAR,2013,1.2690983
Morocco,MAR,2014,1.0365386
Morocco,MAR,2015,1.2427748
Morocco,MAR,2016,1.6919576
Morocco,MAR,2017,2.1419656
Morocco,MAR,2018,1.419525
Morocco,MAR,2019,1.7270631
Mozambique,MOZ,2001,6.037084
Mozambique,MOZ,2002,5.5630007
Mozambique,MOZ,2003,5.4412537
Mozambique,MOZ,2004,5.7376685
Mozambique,MOZ,2005,5.3881245
Mozambique,MOZ,2006,4.311346
Mozambique,MOZ,2007,3.9895654
Mozambique,MOZ,2008,4.554699
Mozambique,MOZ,2009,3.668104
Mozambique,MOZ,2010,3.7921925
Mozambique,MOZ,2011,3.573169
Myanmar,MMR,2000,2.2859862
Myanmar,MMR,2001,1.9906627
Myanmar,MMR,2002,1.7512822
Myanmar,MMR,2003,1.6281545
Myanmar,MMR,2004,1.5695487
Myanmar,MMR,2005,1.4164641
Myanmar,MMR,2006,1.6157784
Myanmar,MMR,2007,1.5460626
Myanmar,MMR,2008,1.6232471
Myanmar,MMR,2009,1.793298
Myanmar,MMR,2010,1.6217533
Myanmar,MMR,2011,2.118707
Myanmar,MMR,2012,2.8595219
Myanmar,MMR,2013,2.4443054
Myanmar,MMR,2014,2.408344
Myanmar,MMR,2015,2.5289435
Myanmar,MMR,2016,2.5803418
Myanmar,MMR,2017,2.6621614
Myanmar,MMR,2018,2.7569962
Myanmar,MMR,2019,2.863865
Namibia,NAM,2000,20.88898
Namibia,NAM,2001,19.015272
Namibia,NAM,2002,18.321177
Namibia,NAM,2004,18.14989
Namibia,NAM,2008,17.36527
Namibia,NAM,2009,18.76282
Namibia,NAM,2010,14.957577
Namibia,NAM,2011,14.444222
Namibia,NAM,2012,17.901054
Namibia,NAM,2018,19.7865
Namibia,NAM,2019,13.038265
Nepal,NPL,2000,2.5855575
Nepal,NPL,2001,3.3979707
Nepal,NPL,2002,3.3869965
Nepal,NPL,2003,2.9474854
Nepal,NPL,2004,3.599451
Nepal,NPL,2005,3.3402941
Nepal,NPL,2006,2.30024
Nepal,NPL,2007,3.1482027
Nepal,NPL,2008,3.3182619
Nepal,NPL,2009,2.9822094
Nepal,NPL,2010,2.9932
Nepal,NPL,2011,2.4902444
Nepal,NPL,2012,2.3490074
Nepal,NPL,2013,2.2131686
Nepal,NPL,2014,2.0318909
Nepal,NPL,2015,2.020983
Nepal,NPL,2016,2.1463552
Nepal,NPL,2017,2.18923
Nepal,NPL,2018,2.2100058
Nepal,NPL,2019,2.2856154
Netherlands,NLD,2000,1.1321371
Netherlands,NLD,2001,1.2639507
Netherlands,NLD,2002,1.2144206
Netherlands,NLD,2003,1.2525128
Netherlands,NLD,2004,1.1793009
Netherlands,NLD,2005,1.0699902
Netherlands,NLD,2006,0.784041
Netherlands,NLD,2007,0.8724176
Netherlands,NLD,2008,0.9112575
Netherlands,NLD,2009,0.93128973
Netherlands,NLD,2010,0.8665763
Netherlands,NLD,2011,0.85621196
Netherlands,NLD,2012,0.86385113
Netherlands,NLD,2013,0.7410766
Netherlands,NLD,2014,0.725489
Netherlands,NLD,2015,0.610289
Netherlands,NLD,2016,0.548921
Netherlands,NLD,2017,0.76712084
Netherlands,NLD,2018,0.5785014
Netherlands,NLD,2019,0.62776226
Nicaragua,NIC,2000,9.291027
Nicaragua,NIC,2001,10.341313
Nicaragua,NIC,2002,10.534311
Nicaragua,NIC,2003,11.929224
Nicaragua,NIC,2004,11.993562
Nicaragua,NIC,2005,13.3646755
Nicaragua,NIC,2006,13.056503
Nicaragua,NIC,2007,12.733052
Nicaragua,NIC,2008,12.9401045
Nicaragua,NIC,2009,13.897943
Nicaragua,NIC,2010,13.405664
Nicaragua,NIC,2011,12.418905
Nicaragua,NIC,2012,11.159739
Nicaragua,NIC,2013,9.706867
Nicaragua,NIC,2014,8.45591
Nicaragua,NIC,2015,8.319312
Nicaragua,NIC,2016,7.0900507
Nicaragua,NIC,2017,6.650689
Nicaragua,NIC,2018,10.376991
Nicaragua,NIC,2019,7.7281795
Niger,NER,2011,4.8081617
Niger,NER,2012,4.3888946
Nigeria,NGA,2016,33.604195
Nigeria,NGA,2019,21.74079
North Macedonia,MKD,2000,2.3062556
North Macedonia,MKD,2001,2.6785054
North Macedonia,MKD,2002,2.905939
North Macedonia,MKD,2003,3.3797772
North Macedonia,MKD,2004,2.360451
North Macedonia,MKD,2006,2.2103956
North Macedonia,MKD,2007,2.0158503
North Macedonia,MKD,2008,1.6776698
North Macedonia,MKD,2009,1.6748115
North Macedonia,MKD,2010,2.053655
North Macedonia,MKD,2011,1.4305472
North Macedonia,MKD,2012,1.3812957
North Macedonia,MKD,2013,1.046515
North Macedonia,MKD,2014,1.662478
North Macedonia,MKD,2015,1.1859796
North Macedonia,MKD,2016,0.90039027
North Macedonia,MKD,2017,1.467818
North Macedonia,MKD,2018,1.1828771
North Macedonia,MKD,2019,1.1351941
Norway,NOR,2000,1.0687563
Norway,NOR,2001,0.81966907
Norway,NOR,2002,1.0135647
Norway,NOR,2004,0.7839248
Norway,NOR,2005,0.71371585
Norway,NOR,2006,0.7079893
Norway,NOR,2007,0.63699996
Norway,NOR,2008,0.71298945
Norway,NOR,2009,0.6005136
Norway,NOR,2010,0.59307843
Norway,NOR,2011,2.2408123
Norway,NOR,2012,0.53794974
Norway,NOR,2013,0.90539265
Norway,NOR,2014,0.56443036
Norway,NOR,2015,0.462396
Norway,NOR,2016,0.51560277
Norway,NOR,2017,0.530565
Norway,NOR,2018,0.47060418
Norway,NOR,2019,0.5235329
Pakistan,PAK,2000,5.7692585
Pakistan,PAK,2001,6.025083
Pakistan,PAK,2002,5.7980137
Pakistan,PAK,2003,5.600543
Pakistan,PAK,2004,5.633799
Pakistan,PAK,2005,5.6098423
Pakistan,PAK,2006,5.6427255
Pakistan,PAK,2007,5.8024063
Pakistan,PAK,2008,6.485706
Pakistan,PAK,2009,6.5699496
Pakistan,PAK,2010,6.7830777
Pakistan,PAK,2011,6.978756
Pakistan,PAK,2012,6.847477
Pakistan,PAK,2013,6.78736
Pakistan,PAK,2014,6.37498
Pakistan,PAK,2015,4.496389
Pakistan,PAK,2016,3.9882948
Pakistan,PAK,2017,3.8058107
Pakistan,PAK,2018,3.7504869
Pakistan,PAK,2019,3.6512518
Panama,PAN,2000,9.960917
Panama,PAN,2001,9.9966545
Panama,PAN,2002,12.047458
Panama,PAN,2003,10.592128
Panama,PAN,2004,9.496469
Panama,PAN,2005,11.010724
Panama,PAN,2006,6.560641
Panama,PAN,2007,8.130285
Panama,PAN,2008,14.10475
Panama,PAN,2009,15.7894335
Panama,PAN,2010,12.694496
Panama,PAN,2011,14.883397
Panama,PAN,2012,16.964672
Panama,PAN,2013,17.348953
Panama,PAN,2014,15.531814
Panama,PAN,2015,11.90266
Panama,PAN,2016,10.058772
Panama,PAN,2017,9.228374
Panama,PAN,2018,9.627263
Panama,PAN,2019,11.34073
Paraguay,PRY,2000,19.41911
Paraguay,PRY,2001,25.213272
Paraguay,PRY,2002,25.952837
Paraguay,PRY,2003,24.004091
Paraguay,PRY,2004,22.321415
Paraguay,PRY,2005,16.195358
Paraguay,PRY,2006,13.406388
Paraguay,PRY,2007,14.006794
Paraguay,PRY,2008,14.756035
Paraguay,PRY,2009,14.397006
Paraguay,PRY,2010,12.845377
Paraguay,PRY,2011,11.242418
Paraguay,PRY,2012,10.95669
Paraguay,PRY,2013,10.057193
Paraguay,PRY,2014,9.489845
Paraguay,PRY,2015,9.987132
Paraguay,PRY,2016,10.675619
Paraguay,PRY,2017,8.512441
Paraguay,PRY,2018,7.713405
Paraguay,PRY,2019,8.483886
Peru,PER,2011,5.4854984
Peru,PER,2012,6.615217
Peru,PER,2013,6.701331
Peru,PER,2014,6.8393073
Peru,PER,2015,7.316391
Peru,PER,2016,7.8213387
Peru,PER,2017,7.868887
Peru,PER,2018,7.613974
Peru,PER,2019,7.2658343
Philippines,PHL,2000,7.3565044
Philippines,PHL,2001,7.3493505
Philippines,PHL,2002,8.061701
Philippines,PHL,2007,6.6568875
Philippines,PHL,2008,6.3779197
Philippines,PHL,2009,9.77762
Philippines,PHL,2010,9.134934
Philippines,PHL,2011,8.811692
Philippines,PHL,2012,8.654289
Philippines,PHL,2016,10.636445
Philippines,PHL,2017,7.746033
Philippines,PHL,2018,5.204993
Philippines,PHL,2019,4.315968
Poland,POL,2000,2.2205236
Poland,POL,2001,2.0070941
Poland,POL,2002,1.8526436
Poland,POL,2008,0.8462503
Poland,POL,2009,1.0037534
Poland,POL,2010,0.9948869
Poland,POL,2011,1.0926741
Poland,POL,2012,1.0588757
Poland,POL,2013,0.79000497
Poland,POL,2014,0.74387264
Poland,POL,2015,0.772959
Poland,POL,2016,0.6747619
Poland,POL,2017,0.74481976
Poland,POL,2018,0.70869595
Poland,POL,2019,0.6572521
Portugal,PRT,2000,1.1261452
Portugal,PRT,2001,1.0123585
Portugal,PRT,2002,1.1408397
Portugal,PRT,2005,1.2828658
Portugal,PRT,2010,1.1710927
Portugal,PRT,2011,1.0790523
Portugal,PRT,2012,1.1594659
Portugal,PRT,2013,1.3760765
Portugal,PRT,2014,0.88390386
Portugal,PRT,2015,0.9647448
Portugal,PRT,2016,0.63874555
Portugal,PRT,2017,0.7373251
Portugal,PRT,2018,0.78718466
Portugal,PRT,2019,0.70943195
Romania,ROU,2000,2.5365107
Romania,ROU,2001,3.2067766
Romania,ROU,2002,3.0295289
Romania,ROU,2003,3.2400243
Romania,ROU,2004,2.2875357
Romania,ROU,2005,2.0528853
Romania,ROU,2006,1.707366
Romania,ROU,2007,1.8270141
Romania,ROU,2008,1.4661968
Romania,ROU,2009,1.2606078
Romania,ROU,2010,1.3080759
Romania,ROU,2011,1.0138334
Romania,ROU,2012,1.0527822
Romania,ROU,2013,1.0863853
Romania,ROU,2014,1.6253384
Romania,ROU,2015,1.7029973
Romania,ROU,2016,1.5456247
Romania,ROU,2017,1.2944916
Romania,ROU,2018,1.275069
Romania,ROU,2019,1.2497303
Russian Federation,RUS,2000,27.981916
Russian Federation,RUS,2001,29.350595
Russian Federation,RUS,2002,30.394917
Russian Federation,RUS,2003,28.813345
Russian Federation,RUS,2004,27.194326
Russian Federation,RUS,2005,24.781633
Russian Federation,RUS,2006,20.122972
Russian Federation,RUS,2007,17.73156
Russian Federation,RUS,2008,12.711187
Russian Federation,RUS,2009,12.334836
Russian Federation,RUS,2010,11.651562
Russian Federation,RUS,2011,11.282427
Russian Federation,RUS,2012,11.311754
Russian Federation,RUS,2013,11.137363
Russian Federation,RUS,2014,11.446784
Russian Federation,RUS,2015,11.506314
Russian Federation,RUS,2016,10.93246
Russian Federation,RUS,2017,9.139064
Russian Federation,RUS,2018,8.214083
Russian Federation,RUS,2019,7.68617
Rwanda,RWA,2006,3.4411838
Rwanda,RWA,2007,2.8141894
Rwanda,RWA,2008,1.4720922
Rwanda,RWA,2010,2.8227677
Rwanda,RWA,2012,2.3615508
Rwanda,RWA,2013,3.2338412
Rwanda,RWA,2014,3.7648048
Rwanda,RWA,2015,2.5165424
Rwanda,RWA,2016,3.2855864
Rwanda,RWA,2017,3.8429024
Rwanda,RWA,2018,2.274213
Rwanda,RWA,2019,3.1476364
Serbia,SRB,2000,2.873338
Serbia,SRB,2001,3.069037
Serbia,SRB,2002,2.5302784
Serbia,SRB,2003,2.2313893
Serbia,SRB,2004,2.0856133
Serbia,SRB,2005,1.8771683
Serbia,SRB,2006,2.0013363
Serbia,SRB,2007,2.2041268
Serbia,SRB,2008,1.8128154
Serbia,SRB,2009,2.0031128
Serbia,SRB,2010,1.7246451
Serbia,SRB,2011,1.6927093
Serbia,SRB,2012,1.4490178
Serbia,SRB,2013,1.8370023
Serbia,SRB,2014,1.5641652
Serbia,SRB,2015,1.3298764
Serbia,SRB,2016,1.5480521
Serbia,SRB,2017,1.1520613
Serbia,SRB,2018,1.4124639
Serbia,SRB,2019,1.1890196
Sierra Leone,SLE,2004,2.024098
Sierra Leone,SLE,2005,1.7419353
Sierra Leone,SLE,2006,1.7384497
Sierra Leone,SLE,2007,2.25621
Sierra Leone,SLE,2008,3.0209196
Sierra Leone,SLE,2009,2.5240252
Sierra Leone,SLE,2010,2.5323544
Sierra Leone,SLE,2011,2.8280268
Sierra Leone,SLE,2012,1.6645583
Sierra Leone,SLE,2015,1.6951996
Slovakia,SVK,2000,2.3992457
Slovakia,SVK,2001,2.1947546
Slovakia,SVK,2002,2.2510765
Slovakia,SVK,2003,2.5491333
Slovakia,SVK,2004,2.0093284
Slovakia,SVK,2005,1.729833
Slovakia,SVK,2006,1.5249472
Slovakia,SVK,2007,1.5246221
Slovakia,SVK,2008,1.5980272
Slovakia,SVK,2009,1.4474126
Slovakia,SVK,2010,1.6492403
Slovakia,SVK,2011,1.7768961
Slovakia,SVK,2012,1.3865052
Slovakia,SVK,2013,1.4405127
Slovakia,SVK,2014,1.328519
Slovakia,SVK,2015,0.8848832
Slovakia,SVK,2016,1.1047275
Slovakia,SVK,2017,1.470746
Slovakia,SVK,2018,1.2300924
Slovakia,SVK,2019,1.3934921
Slovenia,SVN,2000,1.8142061
Slovenia,SVN,2001,1.4123673
Slovenia,SVN,2002,1.8147292
Slovenia,SVN,2003,1.0555886
Slovenia,SVN,2004,1.3522166
Slovenia,SVN,2005,0.99761647
Slovenia,SVN,2006,0.59595656
Slovenia,SVN,2007,1.1862227
Slovenia,SVN,2008,0.4916341
Slovenia,SVN,2009,0.6355172
Slovenia,SVN,2010,0.7291154
Slovenia,SVN,2011,0.7746485
Slovenia,SVN,2012,0.67653966
Slovenia,SVN,2013,0.5790459
Slovenia,SVN,2014,0.7711152
Slovenia,SVN,2015,0.96114016
Slovenia,SVN,2016,0.47846434
Slovenia,SVN,2017,0.90545523
Slovenia,SVN,2018,0.42736584
Slovenia,SVN,2019,0.662596
South Africa,ZAF,2000,46.47828
South Africa,ZAF,2001,45.321045
South Africa,ZAF,2002,45.22097
South Africa,ZAF,2003,41.21067
South Africa,ZAF,2004,38.70371
South Africa,ZAF,2005,37.79902
South Africa,ZAF,2006,38.60441
South Africa,ZAF,2007,36.802876
South Africa,ZAF,2008,35.763294
South Africa,ZAF,2009,32.766747
South Africa,ZAF,2010,30.690401
South Africa,ZAF,2011,29.658684
South Africa,ZAF,2012,30.507084
South Africa,ZAF,2013,31.598028
South Africa,ZAF,2014,32.5327
South Africa,ZAF,2015,33.41834
South Africa,ZAF,2016,33.703003
South Africa,ZAF,2017,35.903187
South Africa,ZAF,2018,36.66225
South Africa,ZAF,2019,36.71214
"Korea, Republic of",KOR,2000,0.79071534
"Korea, Republic of",KOR,2001,0.8650941
"Korea, Republic of",KOR,2002,0.7834618
"Korea, Republic of",KOR,2003,0.81326205
"Korea, Republic of",KOR,2004,0.8798716
"Korea, Republic of",KOR,2005,0.85828435
"Korea, Republic of",KOR,2006,0.86510533
"Korea, Republic of",KOR,2007,0.8925616
"Korea, Republic of",KOR,2008,0.8876776
"Korea, Republic of",KOR,2009,1.0955049
"Korea, Republic of",KOR,2010,0.99283755
"Korea, Republic of",KOR,2011,0.8196075
"Korea, Republic of",KOR,2012,0.8764121
"Korea, Republic of",KOR,2013,0.7026197
"Korea, Republic of",KOR,2014,0.7456776
"Korea, Republic of",KOR,2015,0.73537487
"Korea, Republic of",KOR,2016,0.6938221
"Korea, Republic of",KOR,2017,0.58433396
"Korea, Republic of",KOR,2018,0.5979461
"Korea, Republic of",KOR,2019,0.5733167
Spain,ESP,2000,1.3573333
Spain,ESP,2001,1.4084697
Spain,ESP,2002,1.3597683
Spain,ESP,2003,1.3899982
Spain,ESP,2004,1.2104378
Spain,ESP,2005,1.1857516
Spain,ESP,2006,1.071521
Spain,ESP,2007,1.0652927
Spain,ESP,2008,0.8854267
Spain,ESP,2009,0.8885482
Spain,ESP,2010,0.8610181
Spain,ESP,2011,0.8238954
Spain,ESP,2012,0.77850837
Spain,ESP,2013,0.64802057
Spain,ESP,2014,0.6951536
Spain,ESP,2015,0.65042275
Spain,ESP,2016,0.6326211
Spain,ESP,2017,0.65902215
Spain,ESP,2018,0.61762637
Spain,ESP,2019,0.7022923
Sri Lanka,LKA,2005,6.196037
Sri Lanka,LKA,2006,10.286499
Sri Lanka,LKA,2008,9.869049
Sri Lanka,LKA,2009,5.365562
Sri Lanka,LKA,2010,3.6915977
Sri Lanka,LKA,2011,3.5091517
Sri Lanka,LKA,2012,3.2164214
Sri Lanka,LKA,2013,2.9292407
Sri Lanka,LKA,2014,2.6036446
Sri Lanka,LKA,2015,2.2824526
Sri Lanka,LKA,2016,2.4736886
Sri Lanka,LKA,2017,2.2597492
Sri Lanka,LKA,2018,2.3817568
Sri Lanka,LKA,2019,3.427305
Sweden,SWE,2000,1.0821726
Sweden,SWE,2001,0.97788537
Sweden,SWE,2002,1.1315243
Sweden,SWE,2003,0.9485012
Sweden,SWE,2004,1.1883261
Sweden,SWE,2005,0.916951
Sweden,SWE,2006,0.9994816
Sweden,SWE,2007,1.2112254
Sweden,SWE,2008,0.88847756
Sweden,SWE,2009,0.99984807
Sweden,SWE,2010,0.9699704
Sweden,SWE,2011,0.85556865
Sweden,SWE,2012,0.71159583
Sweden,SWE,2013,0.9016542
Sweden,SWE,2014,0.89253575
Sweden,SWE,2015,1.1371311
Sweden,SWE,2016,1.0649716
Sweden,SWE,2017,1.1234626
Sweden,SWE,2018,1.0627518
Sweden,SWE,2019,1.0810367
Switzerland,CHE,2000,0.9607273
Switzerland,CHE,2001,1.1904098
Switzerland,CHE,2002,1.1818901
Switzerland,CHE,2009,0.6593914
Switzerland,CHE,2010,0.6647546
Switzerland,CHE,2011,0.5814702
Switzerland,CHE,2012,0.5627998
Switzerland,CHE,2013,0.7047158
Switzerland,CHE,2014,0.50074553
Switzerland,CHE,2015,0.6882618
Switzerland,CHE,2016,0.53744835
Switzerland,CHE,2017,0.5324381
Switzerland,CHE,2018,0.5872381
Switzerland,CHE,2019,0.53640634
Syrian Arab Republic,SYR,2000,2.189156
Syrian Arab Republic,SYR,2001,2.2477353
Syrian Arab Republic,SYR,2002,2.1440198
Syrian Arab Republic,SYR,2003,2.2996526
Syrian Arab Republic,SYR,2004,2.3556726
Syrian Arab Republic,SYR,2005,2.3138735
Syrian Arab Republic,SYR,2006,2.2951822
Syrian Arab Republic,SYR,2007,2.5745053
Syrian Arab Republic,SYR,2008,2.4634373
Syrian Arab Republic,SYR,2009,2.1807632
Syrian Arab Republic,SYR,2010,2.0727417
Tajikistan,TJK,2000,4.5113993
Tajikistan,TJK,2001,3.6356204
Tajikistan,TJK,2002,2.7515554
Tajikistan,TJK,2003,2.4578526
Tajikistan,TJK,2004,2.0878656
Tajikistan,TJK,2005,2.265792
Tajikistan,TJK,2006,2.748881
Tajikistan,TJK,2007,1.8362942
Tajikistan,TJK,2008,1.3652573
Tajikistan,TJK,2009,1.2987715
Tajikistan,TJK,2010,2.3747735
Tajikistan,TJK,2011,1.6185347
"Tanzania, United Republic of",TZA,2003,7.4409547
"Tanzania, United Republic of",TZA,2004,7.6275625
"Tanzania, United Republic of",TZA,2010,8.618831
"Tanzania, United Republic of",TZA,2011,8.938722
"Tanzania, United Republic of",TZA,2012,8.563153
"Tanzania, United Republic of",TZA,2013,7.506044
"Tanzania, United Republic of",TZA,2015,7.1294227
"Tanzania, United Republic of",TZA,2016,6.3214817
"Tanzania, United Republic of",TZA,2017,5.592973
"Tanzania, United Republic of",TZA,2018,4.706454
"Tanzania, United Republic of",TZA,2019,4.541311
Thailand,THA,2000,8.153285
Thailand,THA,2001,7.8868947
Thailand,THA,2002,7.0660505
Thailand,THA,2003,9.932545
Thailand,THA,2004,6.5425262
Thailand,THA,2005,7.301581
Thailand,THA,2006,7.0673003
Thailand,THA,2007,6.636564
Thailand,THA,2008,5.9024267
Thailand,THA,2009,5.460552
Thailand,THA,2010,5.352239
Thailand,THA,2011,4.812783
Trinidad and Tobago,TTO,2000,9.00764
Trinidad and Tobago,TTO,2001,11.280721
Trinidad and Tobago,TTO,2002,12.704654
Trinidad and Tobago,TTO,2003,16.918499
Trinidad and Tobago,TTO,2004,19.10118
Trinidad and Tobago,TTO,2005,28.194208
Trinidad and Tobago,TTO,2006,26.944204
Trinidad and Tobago,TTO,2007,28.23389
Trinidad and Tobago,TTO,2008,39.273335
Trinidad and Tobago,TTO,2009,36.183502
Trinidad and Tobago,TTO,2010,33.53906
Trinidad and Tobago,TTO,2011,24.788383
Trinidad and Tobago,TTO,2012,26.566431
Trinidad and Tobago,TTO,2013,28.249578
Trinidad and Tobago,TTO,2014,27.918308
Trinidad and Tobago,TTO,2015,28.763645
Trinidad and Tobago,TTO,2016,31.510971
Trinidad and Tobago,TTO,2017,33.477455
Trinidad and Tobago,TTO,2018,34.358803
Trinidad and Tobago,TTO,2019,35.461575
Tunisia,TUN,2004,1.8946341
Tunisia,TUN,2005,2.502805
Tunisia,TUN,2006,2.3751478
Tunisia,TUN,2007,2.580244
Tunisia,TUN,2008,2.6216295
Tunisia,TUN,2009,2.3645036
Tunisia,TUN,2010,2.6250422
Tunisia,TUN,2012,2.9710813
Tunisia,TUN,2019,4.738859
Türkiye,TUR,2003,4.2427297
Türkiye,TUR,2004,4.2988815
Türkiye,TUR,2005,4.8104415
Türkiye,TUR,2006,4.551637
Türkiye,TUR,2007,5.1072197
Türkiye,TUR,2008,4.566695
Türkiye,TUR,2010,4.1860585
Türkiye,TUR,2011,4.126791
Türkiye,TUR,2012,4.2721963
Türkiye,TUR,2015,2.806161
Türkiye,TUR,2016,3.3374724
Türkiye,TUR,2017,3.0953896
Türkiye,TUR,2018,2.60961
Türkiye,TUR,2019,2.4196925
Turkmenistan,TKM,2000,5.8435607
Turkmenistan,TKM,2001,5.350485
Turkmenistan,TKM,2002,5.128785
Turkmenistan,TKM,2003,4.8959994
Turkmenistan,TKM,2004,4.3362865
Turkmenistan,TKM,2005,4.216322
Turkmenistan,TKM,2006,4.097675
Turkmenistan,TKM,2010,1.9931778
Turkmenistan,TKM,2011,1.8653892
Turkmenistan,TKM,2012,1.4472358
Turkmenistan,TKM,2013,1.5107657
Turkmenistan,TKM,2014,1.571563
Turkmenistan,TKM,2015,1.0925301
Uganda,UGA,2007,8.926823
Uganda,UGA,2008,9.154417
Uganda,UGA,2009,10.292074
Uganda,UGA,2010,9.770659
Uganda,UGA,2011,11.271713
Uganda,UGA,2012,11.863464
Uganda,UGA,2013,10.934532
Uganda,UGA,2014,12.309923
Uganda,UGA,2016,11.566959
Uganda,UGA,2017,11.80001
Uganda,UGA,2018,10.832127
Uganda,UGA,2019,10.985102
Ukraine,UKR,2000,9.0385065
Ukraine,UKR,2001,10.025915
Ukraine,UKR,2002,8.954377
Ukraine,UKR,2003,8.488489
Ukraine,UKR,2004,7.3780265
Ukraine,UKR,2005,6.458818
Ukraine,UKR,2006,6.348654
Ukraine,UKR,2007,5.71329
Ukraine,UKR,2008,5.3535447
Ukraine,UKR,2009,4.8840175
Ukraine,UKR,2010,4.3517265
Ukraine,UKR,2012,5.144669
Ukraine,UKR,2014,6.301487
Ukraine,UKR,2017,6.160253
Ukraine,UKR,2018,4.5042458
Ukraine,UKR,2019,4.116614
United Arab Emirates,ARE,2010,0.7899294
United Arab Emirates,ARE,2011,0.59473795
United Arab Emirates,ARE,2012,0.79630977
United Arab Emirates,ARE,2013,0.6512911
United Arab Emirates,ARE,2014,0.69036144
United Arab Emirates,ARE,2015,0.67287964
United Arab Emirates,ARE,2019,0.6947718
United Kingdom,GBR,2000,1.5547992
United Kingdom,GBR,2001,1.6347386
United Kingdom,GBR,2002,1.8650275
United Kingdom,GBR,2003,1.5523942
United Kingdom,GBR,2004,1.5834428
United Kingdom,GBR,2005,1.3811665
United Kingdom,GBR,2006,1.4143876
United Kingdom,GBR,2007,1.4250578
United Kingdom,GBR,2008,1.234165
United Kingdom,GBR,2009,1.1342572
United Kingdom,GBR,2010,1.2045882
United Kingdom,GBR,2011,1.0128565
United Kingdom,GBR,2012,0.98262423
United Kingdom,GBR,2013,0.9377581
United Kingdom,GBR,2014,0.90932244
United Kingdom,GBR,2015,0.99962646
United Kingdom,GBR,2016,1.2017326
United Kingdom,GBR,2017,1.2245553
United Kingdom,GBR,2018,1.1364834
United Kingdom,GBR,2019,1.150068
United States,USA,2000,5.5191503
United States,USA,2001,6.667239
United States,USA,2002,5.628225
United States,USA,2006,5.774419
United States,USA,2007,5.6575966
United States,USA,2008,5.386089
United States,USA,2009,4.9913774
United States,USA,2010,4.7309804
United States,USA,2011,4.6709437
United States,USA,2012,4.6915956
United States,USA,2013,4.483442
United States,USA,2014,4.398294
United States,USA,2015,4.892982
United States,USA,2016,5.3216558
United States,USA,2017,5.2439237
United States,USA,2018,4.929848
United States,USA,2019,4.9859467
Uruguay,URY,2000,6.500164
Uruguay,URY,2001,6.6041813
Uruguay,URY,2002,6.986364
Uruguay,URY,2003,5.9512978
Uruguay,URY,2004,6.0353656
Uruguay,URY,2005,5.726919
Uruguay,URY,2006,6.080158
Uruguay,URY,2007,5.828188
Uruguay,URY,2008,6.624451
Uruguay,URY,2009,6.758058
Uruguay,URY,2010,6.1145644
Uruguay,URY,2011,5.919734
Uruguay,URY,2012,7.920187
Uruguay,URY,2013,7.689622
Uruguay,URY,2014,7.901732
Uruguay,URY,2015,8.610512
Uruguay,URY,2016,7.8212743
Uruguay,URY,2017,8.269533
Uruguay,URY,2018,12.284647
Uruguay,URY,2019,11.492213
Uzbekistan,UZB,2000,4.284759
Uzbekistan,UZB,2001,4.2814517
Uzbekistan,UZB,2002,4.136201
Uzbekistan,UZB,2003,3.7172995
Uzbekistan,UZB,2004,3.666868
Uzbekistan,UZB,2005,3.4244742
Uzbekistan,UZB,2006,3.1975555
Uzbekistan,UZB,2007,2.9842968
Uzbekistan,UZB,2008,2.9970992
Uzbekistan,UZB,2015,1.6349257
Uzbekistan,UZB,2016,2.4067216
Uzbekistan,UZB,2017,1.8500153
Uzbekistan,UZB,2018,1.4607278
Uzbekistan,UZB,2019,1.2008388
"Venezuela, Bolivarian Republic of",VEN,2000,32.83973
"Venezuela, Bolivarian Republic of",VEN,2001,31.993309
"Venezuela, Bolivarian Republic of",VEN,2002,37.965446
"Venezuela, Bolivarian Republic of",VEN,2003,43.991882
"Venezuela, Bolivarian Republic of",VEN,2004,37.057335
"Venezuela, Bolivarian Republic of",VEN,2005,37.362034
"Venezuela, Bolivarian Republic of",VEN,2006,45.22531
"Venezuela, Bolivarian Republic of",VEN,2007,47.79638
"Venezuela, Bolivarian Republic of",VEN,2008,52.22699
"Venezuela, Bolivarian Republic of",VEN,2009,49.368305
"Venezuela, Bolivarian Republic of",VEN,2010,45.55107
"Venezuela, Bolivarian Republic of",VEN,2011,48.453133
"Venezuela, Bolivarian Republic of",VEN,2012,54.53603
"Venezuela, Bolivarian Republic of",VEN,2014,63.027313
"Venezuela, Bolivarian Republic of",VEN,2015,51.274635
"Venezuela, Bolivarian Republic of",VEN,2016,56.623848
"Venezuela, Bolivarian Republic of",VEN,2017,47.982174
"Venezuela, Bolivarian Republic of",VEN,2019,40.984848
Viet Nam,VNM,2001,1.2578652
Viet Nam,VNM,2002,1.3231268
Viet Nam,VNM,2003,1.299772
Viet Nam,VNM,2004,1.2914399
Viet Nam,VNM,2005,1.2665064
Viet Nam,VNM,2006,1.2483354
Viet Nam,VNM,2007,1.3779716
Viet Nam,VNM,2008,1.275742
Viet Nam,VNM,2009,1.425715
Viet Nam,VNM,2010,1.5284115
Viet Nam,VNM,2011,1.5370839
Yemen,YEM,2000,3.7415385
Yemen,YEM,2003,3.487082
Yemen,YEM,2004,3.1157446
Yemen,YEM,2009,4.1199207
Yemen,YEM,2010,4.4414907
Yemen,YEM,2011,5.3973193
Yemen,YEM,2012,6.1624374
Yemen,YEM,2013,6.3111467
Zambia,ZMB,2000,8.05772
Zambia,ZMB,2008,5.3995323
Zambia,ZMB,2009,6.0969715
Zambia,ZMB,2010,5.901935
Zambia,ZMB,2011,6.049427
Zambia,ZMB,2012,6.002174
Zambia,ZMB,2013,5.6908526
Zambia,ZMB,2014,5.242158
Zambia,ZMB,2015,5.2498026
Zimbabwe,ZWE,2001,12.836898
Zimbabwe,ZWE,2002,13.54233
Zimbabwe,ZWE,2003,11.262167
Zimbabwe,ZWE,2004,11.150508
Zimbabwe,ZWE,2005,11.043168
Zimbabwe,ZWE,2006,8.693896
Zimbabwe,ZWE,2010,5.5374823
Zimbabwe,ZWE,2012,7.395217
Zimbabwe,ZWE,2018,4.876369
Zimbabwe,ZWE,2019,5.1450353
