Entity,Code,Year,Life_expectancy
Albania,ALB,2000,75.4043
Albania,ALB,2001,75.6388
Albania,ALB,2002,75.8899
Albania,ALB,2003,76.1421
Albania,ALB,2004,76.3761
Albania,ALB,2005,76.6208
Albania,ALB,2006,76.8162
Albania,ALB,2007,77.5491
Albania,ALB,2008,77.6529
Albania,ALB,2009,77.781
Albania,ALB,2010,77.9359
Albania,ALB,2011,78.0919
Albania,ALB,2012,78.064
Albania,ALB,2013,78.1226
Albania,ALB,2014,78.4075
Albania,ALB,2015,78.6441
Albania,ALB,2016,78.8602
Albania,ALB,2017,79.0473
Albania,ALB,2018,79.1838
Albania,ALB,2019,79.2825
Algeria,DZA,2000,70.4779
Algeria,DZA,2001,70.8233
Algeria,DZA,2002,71.2296
Algeria,DZA,2003,71.2868
Algeria,DZA,2004,71.7617
Algeria,DZA,2005,72.0612
Algeria,DZA,2006,72.3336
Algeria,DZA,2007,72.6019
Algeria,DZA,2008,72.9405
Algeria,DZA,2009,73.6196
Algeria,DZA,2010,73.8081
Algeria,DZA,2011,74.1234
Algeria,DZA,2012,74.2024
Algeria,DZA,2013,74.6153
Algeria,DZA,2014,75.11
Algeria,DZA,2015,75.622
Algeria,DZA,2016,75.7318
Algeria,DZA,2017,75.7428
Algeria,DZA,2018,76.0656
Algeria,DZA,2019,76.4742
Angola,AGO,2000,46.0236
Angola,AGO,2001,46.5905
Angola,AGO,2002,47.3865
Angola,AGO,2003,49.6173
Angola,AGO,2004,50.592
Angola,AGO,2005,51.5699
Angola,AGO,2006,52.3688
Angola,AGO,2007,53.6419
Angola,AGO,2008,54.6327
Angola,AGO,2009,55.7516
Angola,AGO,2010,56.7258
Angola,AGO,2011,57.5961
Angola,AGO,2012,58.6231
Angola,AGO,2013,59.3074
Angola,AGO,2014,60.0397
Angola,AGO,2015,60.6546
Angola,AGO,2016,61.0923
Angola,AGO,2017,61.6798
Angola,AGO,2018,62.1438
Angola,AGO,2019,62.4484
Armenia,ARM,2000,70.6236
Armenia,ARM,2001,70.932
Armenia,ARM,2002,71.0179
Armenia,ARM,2003,71.4356
Armenia,ARM,2004,71.4205
Armenia,ARM,2005,71.7922
Armenia,ARM,2006,71.9868
Armenia,ARM,2007,72.3271
Armenia,ARM,2008,72.3985
Armenia,ARM,2009,72.8125
Armenia,ARM,2010,73.1597
Armenia,ARM,2011,73.3045
Armenia,ARM,2012,73.454
Armenia,ARM,2013,73.6759
Armenia,ARM,2014,74.0577
Armenia,ARM,2015,74.4361
Armenia,ARM,2016,74.6639
Armenia,ARM,2017,74.9059
Armenia,ARM,2018,75.0645
Armenia,ARM,2019,75.4386
Australia,AUS,2000,79.6309
Australia,AUS,2001,80.0165
Australia,AUS,2002,80.0639
Australia,AUS,2003,80.4549
Australia,AUS,2004,80.7512
Australia,AUS,2005,81.1126
Australia,AUS,2006,81.2822
Australia,AUS,2007,81.2603
Australia,AUS,2008,81.4589
Australia,AUS,2009,81.7661
Australia,AUS,2010,82.055
Australia,AUS,2011,82.1336
Australia,AUS,2012,82.3456
Australia,AUS,2013,82.6041
Australia,AUS,2014,82.5677
Australia,AUS,2015,82.6552
Australia,AUS,2016,82.8707
Australia,AUS,2017,83.0006
Australia,AUS,2018,83.3871
Australia,AUS,2019,83.11
Austria,AUT,2000,78.2358
Austria,AUT,2001,78.7192
Austria,AUT,2002,78.8469
Austria,AUT,2003,78.8496
Austria,AUT,2004,79.3632
Austria,AUT,2005,79.521
Austria,AUT,2006,79.9655
Austria,AUT,2007,80.1672
Austria,AUT,2008,80.3639
Austria,AUT,2009,80.207
Austria,AUT,2010,80.4643
Austria,AUT,2011,80.8285
Austria,AUT,2012,80.841
Austria,AUT,2013,81.0783
Austria,AUT,2014,81.3903
Austria,AUT,2015,81.1594
Austria,AUT,2016,81.5925
Austria,AUT,2017,81.6391
Austria,AUT,2018,81.6862
Austria,AUT,2019,81.9077
Azerbaijan,AZE,2000,64.8905
Azerbaijan,AZE,2001,65.5101
Azerbaijan,AZE,2002,66.2392
Azerbaijan,AZE,2003,66.7563
Azerbaijan,AZE,2004,67.3461
Azerbaijan,AZE,2005,67.5619
Azerbaijan,AZE,2006,68.1653
Azerbaijan,AZE,2007,68.6032
Azerbaijan,AZE,2008,68.8112
Azerbaijan,AZE,2009,69.3556
Azerbaijan,AZE,2010,69.5291
Azerbaijan,AZE,2011,69.9835
Azerbaijan,AZE,2012,70.3598
Azerbaijan,AZE,2013,70.8814
Azerbaijan,AZE,2014,71.1163
Azerbaijan,AZE,2015,71.4512
Azerbaijan,AZE,2016,72.0039
Azerbaijan,AZE,2017,72.2478
Azerbaijan,AZE,2018,72.7601
Azerbaijan,AZE,2019,73.1023
Bangladesh,BGD,2000,65.7791
Bangladesh,BGD,2001,66.1353
Bangladesh,BGD,2002,66.6115
Bangladesh,BGD,2003,66.8242
Bangladesh,BGD,2004,67.1874
Bangladesh,BGD,2005,67.2992
Bangladesh,BGD,2006,67.2413
Bangladesh,BGD,2007,66.7144
Bangladesh,BGD,2008,67.0506
Bangladesh,BGD,2009,67.4032
Bangladesh,BGD,2010,68.6384
Bangladesh,BGD,2011,68.8094
Bangladesh,BGD,2012,69.554
Bangladesh,BGD,2013,69.5646
Bangladesh,BGD,2014,69.9856
Bangladesh,BGD,2015,70.4913
Bangladesh,BGD,2016,71.09
Bangladesh,BGD,2017,71.7879
Bangladesh,BGD,2018,72.5675
Bangladesh,BGD,2019,72.8057
Belarus,BLR,2000,69.1801
Belarus,BLR,2001,68.864
Belarus,BLR,2002,68.4835
Belarus,BLR,2003,68.939
Belarus,BLR,2004,69.4064
Belarus,BLR,2005,69.4163
Belarus,BLR,2006,69.9876
Belarus,BLR,2007,70.7622
Belarus,BLR,2008,70.9218
Belarus,BLR,2009,71.0939
Belarus,BLR,2010,71.1219
Belarus,BLR,2011,71.5165
Belarus,BLR,2012,72.6137
Belarus,BLR,2013,72.9891
Belarus,BLR,2014,73.5849
Belarus,BLR,2015,73.9874
Belarus,BLR,2016,74.258
Belarus,BLR,2017,74.4519
Belarus,BLR,2018,74.5676
Belarus,BLR,2019,74.216
Belgium,BEL,2000,77.7665
Belgium,BEL,2001,78.0807
Belgium,BEL,2002,78.1667
Belgium,BEL,2003,78.3198
Belgium,BEL,2004,78.9599
Belgium,BEL,2005,79.0526
Belgium,BEL,2006,79.3884
Belgium,BEL,2007,79.5262
Belgium,BEL,2008,79.5769
Belgium,BEL,2009,79.847
Belgium,BEL,2010,80.033
Belgium,BEL,2011,80.3649
Belgium,BEL,2012,80.2607
Belgium,BEL,2013,80.468
Belgium,BEL,2014,81.0811
Belgium,BEL,2015,80.8898
Belgium,BEL,2016,81.2661
Belgium,BEL,2017,81.3618
Belgium,BEL,2018,81.4787
Belgium,BEL,2019,81.8311
Belize,BLZ,2000,68.5645
Belize,BLZ,2001,68.3572
Belize,BLZ,2002,68.7521
Belize,BLZ,2003,68.9091
Belize,BLZ,2004,69.227
Belize,BLZ,2005,69.3757
Belize,BLZ,2006,70.0932
Belize,BLZ,2007,70.6549
Belize,BLZ,2008,71.1507
Belize,BLZ,2009,71.8186
Belize,BLZ,2010,72.2716
Belize,BLZ,2011,72.6512
Belize,BLZ,2012,73.245
Belize,BLZ,2013,73.6661
Belize,BLZ,2014,73.3107
Belize,BLZ,2015,73.1866
Belize,BLZ,2016,73.3988
Belize,BLZ,2017,73.5624
Belize,BLZ,2018,73.7031
Belize,BLZ,2019,73.9313
Bhutan,BTN,2000,62.0103
Bhutan,BTN,2001,63.4443
Bhutan,BTN,2002,64.0779
Bhutan,BTN,2003,64.6962
Bhutan,BTN,2004,65.2678
Bhutan,BTN,2005,65.805
Bhutan,BTN,2006,66.3617
Bhutan,BTN,2007,66.9537
Bhutan,BTN,2008,67.4991
Bhutan,BTN,2009,67.897
Bhutan,BTN,2010,68.4298
Bhutan,BTN,2011,68.881
Bhutan,BTN,2012,69.3261
Bhutan,BTN,2013,69.7072
Bhutan,BTN,2014,70.0486
Bhutan,BTN,2015,70.3433
Bhutan,BTN,2016,70.6022
Bhutan,BTN,2017,70.8472
Bhutan,BTN,2018,71.1286
Bhutan,BTN,2019,71.3909
"Bolivia, Plurinational State of",BOL,2000,62.3461
"Bolivia, Plurinational State of",BOL,2001,62.8426
"Bolivia, Plurinational State of",BOL,2002,63.3064
"Bolivia, Plurinational State of",BOL,2003,63.6348
"Bolivia, Plurinational State of",BOL,2004,64.0041
"Bolivia, Plurinational State of",BOL,2005,64.3856
"Bolivia, Plurinational State of",BOL,2006,64.7793
"Bolivia, Plurinational State of",BOL,2007,65.0267
"Bolivia, Plurinational State of",BOL,2008,65.4459
"Bolivia, Plurinational State of",BOL,2009,65.8803
"Bolivia, Plurinational State of",BOL,2010,66.1624
"Bolivia, Plurinational State of",BOL,2011,66.5337
"Bolivia, Plurinational State of",BOL,2012,66.7046
"Bolivia, Plurinational State of",BOL,2013,67.0207
"Bolivia, Plurinational State of",BOL,2014,67.1632
"Bolivia, Plurinational State of",BOL,2015,67.3182
"Bolivia, Plurinational State of",BOL,2016,67.6277
"Bolivia, Plurinational State of",BOL,2017,67.7015
"Bolivia, Plurinational State of",BOL,2018,67.748
"Bolivia, Plurinational State of",BOL,2019,67.841
Botswana,BWA,2000,51.0109
Botswana,BWA,2001,50.6757
Botswana,BWA,2002,50.6324
Botswana,BWA,2003,50.9468
Botswana,BWA,2004,51.6168
Botswana,BWA,2005,52.6104
Botswana,BWA,2006,53.9182
Botswana,BWA,2007,55.732
Botswana,BWA,2008,57.1206
Botswana,BWA,2009,58.2791
Botswana,BWA,2010,60.0133
Botswana,BWA,2011,60.5302
Botswana,BWA,2012,60.8004
Botswana,BWA,2013,61.9958
Botswana,BWA,2014,62.6076
Botswana,BWA,2015,63.8183
Botswana,BWA,2016,65.4644
Botswana,BWA,2017,66.7526
Botswana,BWA,2018,65.4224
Botswana,BWA,2019,65.4636
Brazil,BRA,2000,69.7367
Brazil,BRA,2001,70.1949
Brazil,BRA,2002,70.4103
Brazil,BRA,2003,70.7204
Brazil,BRA,2004,71.1307
Brazil,BRA,2005,71.7533
Brazil,BRA,2006,72.0373
Brazil,BRA,2007,72.3653
Brazil,BRA,2008,72.7153
Brazil,BRA,2009,72.9484
Brazil,BRA,2010,73.1821
Brazil,BRA,2011,73.3432
Brazil,BRA,2012,73.5517
Brazil,BRA,2013,73.9185
Brazil,BRA,2014,74.3058
Brazil,BRA,2015,74.3325
Brazil,BRA,2016,74.4415
Brazil,BRA,2017,74.8266
Brazil,BRA,2018,75.1095
Brazil,BRA,2019,75.3379
Bulgaria,BGR,2000,71.6091
Bulgaria,BGR,2001,71.9145
Bulgaria,BGR,2002,72.1619
Bulgaria,BGR,2003,72.4077
Bulgaria,BGR,2004,72.6094
Bulgaria,BGR,2005,72.5924
Bulgaria,BGR,2006,72.7215
Bulgaria,BGR,2007,73.037
Bulgaria,BGR,2008,73.3647
Bulgaria,BGR,2009,73.7049
Bulgaria,BGR,2010,73.8348
Bulgaria,BGR,2011,74.1895
Bulgaria,BGR,2012,74.3572
Bulgaria,BGR,2013,74.8489
Bulgaria,BGR,2014,74.4824
Bulgaria,BGR,2015,74.6325
Bulgaria,BGR,2016,74.8336
Bulgaria,BGR,2017,74.7992
Bulgaria,BGR,2018,74.8983
Bulgaria,BGR,2019,75.0624
Burundi,BDI,2000,47.5142
Burundi,BDI,2001,48.4314
Burundi,BDI,2002,49.8911
Burundi,BDI,2003,50.857
Burundi,BDI,2004,52.0101
Burundi,BDI,2005,53.0231
Burundi,BDI,2006,53.8694
Burundi,BDI,2007,54.7265
Burundi,BDI,2008,55.7101
Burundi,BDI,2009,56.3882
Burundi,BDI,2010,57.0809
Burundi,BDI,2011,57.7692
Burundi,BDI,2012,58.4927
Burundi,BDI,2013,59.2346
Burundi,BDI,2014,59.8684
Burundi,BDI,2015,60.2172
Burundi,BDI,2016,60.7931
Burundi,BDI,2017,61.5526
Burundi,BDI,2018,61.6884
Burundi,BDI,2019,62.3514
Cameroon,CMR,2000,52.9317
Cameroon,CMR,2001,53.1423
Cameroon,CMR,2002,53.4148
Cameroon,CMR,2003,53.8826
Cameroon,CMR,2004,54.1779
Cameroon,CMR,2005,54.3619
Cameroon,CMR,2006,54.8564
Cameroon,CMR,2007,55.1653
Cameroon,CMR,2008,55.6548
Cameroon,CMR,2009,56.1019
Cameroon,CMR,2010,56.582
Cameroon,CMR,2011,57.1331
Cameroon,CMR,2012,57.7922
Cameroon,CMR,2013,58.4761
Cameroon,CMR,2014,58.9355
Cameroon,CMR,2015,59.658
Cameroon,CMR,2016,60.2333
Cameroon,CMR,2017,60.8103
Cameroon,CMR,2018,61.1798
Cameroon,CMR,2019,61.5839
Canada,CAN,2000,79.2335
Canada,CAN,2001,79.4507
Canada,CAN,2002,79.568
Canada,CAN,2003,79.7396
Canada,CAN,2004,80.0332
Canada,CAN,2005,80.1364
Canada,CAN,2006,80.5466
Canada,CAN,2007,80.5495
Canada,CAN,2008,80.7388
Canada,CAN,2009,81.0737
Canada,CAN,2010,81.3469
Canada,CAN,2011,81.5286
Canada,CAN,2012,81.7221
Canada,CAN,2013,81.8029
Canada,CAN,2014,81.8545
Canada,CAN,2015,81.9246
Canada,CAN,2016,82.0434
Canada,CAN,2017,82.0192
Canada,CAN,2018,82.0508
Canada,CAN,2019,82.3628
Chile,CHL,2000,76.8695
Chile,CHL,2001,76.7726
Chile,CHL,2002,77.4445
Chile,CHL,2003,77.3867
Chile,CHL,2004,77.6161
Chile,CHL,2005,78.0159
Chile,CHL,2006,78.261
Chile,CHL,2007,77.8258
Chile,CHL,2008,78.4841
Chile,CHL,2009,78.7409
Chile,CHL,2010,78.5015
Chile,CHL,2011,79.1099
Chile,CHL,2012,79.0233
Chile,CHL,2013,79.3391
Chile,CHL,2014,79.4726
Chile,CHL,2015,79.746
Chile,CHL,2016,80.0794
Chile,CHL,2017,80.3501
Chile,CHL,2018,80.1334
Chile,CHL,2019,80.3263
China,CHN,2000,71.8807
China,CHN,2001,72.6061
China,CHN,2002,72.985
China,CHN,2003,73.3714
China,CHN,2004,73.7477
China,CHN,2005,74.1111
China,CHN,2006,74.5037
China,CHN,2007,74.7619
China,CHN,2008,74.8719
China,CHN,2009,75.3434
China,CHN,2010,75.5991
China,CHN,2011,75.9032
China,CHN,2012,76.1923
China,CHN,2013,76.4523
China,CHN,2014,76.7173
China,CHN,2015,76.9771
China,CHN,2016,77.2177
China,CHN,2017,77.2476
China,CHN,2018,77.7444
China,CHN,2019,77.968
Colombia,COL,2000,71.3201
Colombia,COL,2001,71.502
Colombia,COL,2002,71.9389
Colombia,COL,2003,72.3606
Colombia,COL,2004,72.6951
Colombia,COL,2005,73.0814
Colombia,COL,2006,73.468
Colombia,COL,2007,73.8372
Colombia,COL,2008,74.295
Colombia,COL,2009,74.7418
Colombia,COL,2010,75.0327
Colombia,COL,2011,75.3198
Colombia,COL,2012,75.5973
Colombia,COL,2013,75.8267
Colombia,COL,2014,76.0427
Colombia,COL,2015,76.2573
Colombia,COL,2016,76.4713
Colombia,COL,2017,76.6456
Colombia,COL,2018,76.7479
Colombia,COL,2019,76.7523
Costa Rica,CRI,2000,77.5857
Costa Rica,CRI,2001,77.5453
Costa Rica,CRI,2002,77.9833
Costa Rica,CRI,2003,78.072
Costa Rica,CRI,2004,78.3305
Costa Rica,CRI,2005,78.5053
Costa Rica,CRI,2006,78.5145
Costa Rica,CRI,2007,78.4621
Costa Rica,CRI,2008,78.4451
Costa Rica,CRI,2009,78.6721
Costa Rica,CRI,2010,78.6704
Costa Rica,CRI,2011,79.3477
Costa Rica,CRI,2012,79.2827
Costa Rica,CRI,2013,79.4034
Costa Rica,CRI,2014,78.7741
Costa Rica,CRI,2015,79.0857
Costa Rica,CRI,2016,79.4592
Costa Rica,CRI,2017,79.3769
Costa Rica,CRI,2018,79.4835
Costa Rica,CRI,2019,79.4272
Croatia,HRV,2000,74.5836
Croatia,HRV,2001,74.6436
Croatia,HRV,2002,74.7357
Croatia,HRV,2003,74.611
Croatia,HRV,2004,75.5016
Croatia,HRV,2005,75.4083
Croatia,HRV,2006,75.9889
Croatia,HRV,2007,75.8596
Croatia,HRV,2008,76.2096
Croatia,HRV,2009,76.3923
Croatia,HRV,2010,76.8049
Croatia,HRV,2011,77.2222
Croatia,HRV,2012,77.3401
Croatia,HRV,2013,77.8427
Croatia,HRV,2014,77.9533
Croatia,HRV,2015,77.5599
Croatia,HRV,2016,78.2314
Croatia,HRV,2017,78.0832
Croatia,HRV,2018,78.337
Croatia,HRV,2019,78.7376
Cyprus,CYP,2000,76.568
Cyprus,CYP,2001,76.9889
Cyprus,CYP,2002,77.4873
Cyprus,CYP,2003,77.7879
Cyprus,CYP,2004,77.9435
Cyprus,CYP,2005,78.1008
Cyprus,CYP,2006,78.3708
Cyprus,CYP,2007,78.8103
Cyprus,CYP,2008,78.9812
Cyprus,CYP,2009,79.4006
Cyprus,CYP,2010,79.665
Cyprus,CYP,2011,79.9991
Cyprus,CYP,2012,80.1094
Cyprus,CYP,2013,80.4016
Cyprus,CYP,2014,80.7706
Cyprus,CYP,2015,80.9665
Cyprus,CYP,2016,81.0563
Cyprus,CYP,2017,81.328
Cyprus,CYP,2018,81.382
Cyprus,CYP,2019,81.397
Czechia,CZE,2000,74.9787
Czechia,CZE,2001,75.315
Czechia,CZE,2002,75.4435
Czechia,CZE,2003,75.3972
Czechia,CZE,2004,75.9432
Czechia,CZE,2005,76.1585
Czechia,CZE,2006,76.7109
Czechia,CZE,2007,76.9217
Czechia,CZE,2008,77.1743
Czechia,CZE,2009,77.2598
Czechia,CZE,2010,77.5703
Czechia,CZE,2011,77.8191
Czechia,CZE,2012,78.0058
Czechia,CZE,2013,78.1796
Czechia,CZE,2014,78.755
Czechia,CZE,2015,78.58
Czechia,CZE,2016,78.9967
Czechia,CZE,2017,78.9557
Czechia,CZE,2018,79.0039
Czechia,CZE,2019,79.2433
Denmark,DNK,2000,76.8137
Denmark,DNK,2001,76.9721
Denmark,DNK,2002,77.0973
Denmark,DNK,2003,77.3992
Denmark,DNK,2004,77.7836
Denmark,DNK,2005,78.2243
Denmark,DNK,2006,78.2218
Denmark,DNK,2007,78.348
Denmark,DNK,2008,78.7134
Denmark,DNK,2009,78.9565
Denmark,DNK,2010,79.2459
Denmark,DNK,2011,79.7845
Denmark,DNK,2012,80.0807
Denmark,DNK,2013,80.3042
Denmark,DNK,2014,80.6302
Denmark,DNK,2015,80.738
Denmark,DNK,2016,80.8803
Denmark,DNK,2017,81.1112
Denmark,DNK,2018,80.99
Denmark,DNK,2019,81.4337
Ecuador,ECU,2000,72.8394
Ecuador,ECU,2001,73.2395
Ecuador,ECU,2002,73.6134
Ecuador,ECU,2003,73.9751
Ecuador,ECU,2004,74.2788
Ecuador,ECU,2005,74.5144
Ecuador,ECU,2006,74.689
Ecuador,ECU,2007,74.8445
Ecuador,ECU,2008,74.983
Ecuador,ECU,2009,75.1841
Ecuador,ECU,2010,75.4301
Ecuador,ECU,2011,75.7425
Ecuador,ECU,2012,76.0616
Ecuador,ECU,2013,76.3694
Ecuador,ECU,2014,76.6221
Ecuador,ECU,2015,76.7893
Ecuador,ECU,2016,76.7634
Ecuador,ECU,2017,76.9725
Ecuador,ECU,2018,77.0938
Ecuador,ECU,2019,77.2971
Egypt,EGY,2000,68.0074
Egypt,EGY,2001,68.3083
Egypt,EGY,2002,68.5635
Egypt,EGY,2003,68.4021
Egypt,EGY,2004,68.613
Egypt,EGY,2005,68.7786
Egypt,EGY,2006,68.9773
Egypt,EGY,2007,69.128
Egypt,EGY,2008,69.3186
Egypt,EGY,2009,69.48
Egypt,EGY,2010,69.6638
Egypt,EGY,2011,69.8805
Egypt,EGY,2012,70.0848
Egypt,EGY,2013,70.0521
Egypt,EGY,2014,70.4151
Egypt,EGY,2015,70.4831
Egypt,EGY,2016,70.8435
Egypt,EGY,2017,71.3019
Egypt,EGY,2018,71.3669
Egypt,EGY,2019,71.3575
El Salvador,SLV,2000,69.8647
El Salvador,SLV,2001,69.5982
El Salvador,SLV,2002,70.2324
El Salvador,SLV,2003,70.1401
El Salvador,SLV,2004,70.3402
El Salvador,SLV,2005,70.4403
El Salvador,SLV,2006,70.7732
El Salvador,SLV,2007,71.1081
El Salvador,SLV,2008,71.4236
El Salvador,SLV,2009,71.5756
El Salvador,SLV,2010,71.8478
El Salvador,SLV,2011,71.8589
El Salvador,SLV,2012,71.8313
El Salvador,SLV,2013,71.7711
El Salvador,SLV,2014,71.7464
El Salvador,SLV,2015,71.8143
El Salvador,SLV,2016,72.0248
El Salvador,SLV,2017,72.3108
El Salvador,SLV,2018,72.5546
El Salvador,SLV,2019,72.5586
Estonia,EST,2000,71.3298
Estonia,EST,2001,71.4185
Estonia,EST,2002,71.8708
Estonia,EST,2003,72.1579
Estonia,EST,2004,72.6438
Estonia,EST,2005,73.1971
Estonia,EST,2006,73.4792
Estonia,EST,2007,73.6051
Estonia,EST,2008,74.412
Estonia,EST,2009,75.1919
Estonia,EST,2010,75.7485
Estonia,EST,2011,76.4681
Estonia,EST,2012,76.5454
Estonia,EST,2013,77.1272
Estonia,EST,2014,77.1406
Estonia,EST,2015,77.6563
Estonia,EST,2016,77.8201
Estonia,EST,2017,77.976
Estonia,EST,2018,78.1395
Estonia,EST,2019,78.6693
Ethiopia,ETH,2000,50.5378
Ethiopia,ETH,2001,51.0426
Ethiopia,ETH,2002,51.5171
Ethiopia,ETH,2003,52.5326
Ethiopia,ETH,2004,53.2348
Ethiopia,ETH,2005,54.0085
Ethiopia,ETH,2006,55.1491
Ethiopia,ETH,2007,56.4264
Ethiopia,ETH,2008,57.5916
Ethiopia,ETH,2009,58.8043
Ethiopia,ETH,2010,59.73
Ethiopia,ETH,2011,60.7206
Ethiopia,ETH,2012,61.5431
Ethiopia,ETH,2013,62.3734
Ethiopia,ETH,2014,62.9046
Ethiopia,ETH,2015,63.6492
Ethiopia,ETH,2016,64.3919
Ethiopia,ETH,2017,64.8383
Ethiopia,ETH,2018,65.4117
Ethiopia,ETH,2019,65.8377
Fiji,FJI,2000,66.31
Fiji,FJI,2001,66.3399
Fiji,FJI,2002,65.7482
Fiji,FJI,2003,66.1775
Fiji,FJI,2004,66.4243
Fiji,FJI,2005,66.6325
Fiji,FJI,2006,66.8553
Fiji,FJI,2007,66.8261
Fiji,FJI,2008,66.9346
Fiji,FJI,2009,67.0888
Fiji,FJI,2010,67.3276
Fiji,FJI,2011,67.5234
Fiji,FJI,2012,67.5515
Fiji,FJI,2013,67.428
Fiji,FJI,2014,67.3764
Fiji,FJI,2015,66.8436
Fiji,FJI,2016,67.2395
Fiji,FJI,2017,67.7904
Fiji,FJI,2018,67.8096
Fiji,FJI,2019,67.8933
Finland,FIN,2000,77.6712
Finland,FIN,2001,78.1422
Finland,FIN,2002,78.2698
Finland,FIN,2003,78.5333
Finland,FIN,2004,78.846
Finland,FIN,2005,78.9713
Finland,FIN,2006,79.3729
Finland,FIN,2007,79.3907
Finland,FIN,2008,79.695
Finland,FIN,2009,79.831
Finland,FIN,2010,80.0117
Finland,FIN,2011,80.3915
Finland,FIN,2012,80.5008
Finland,FIN,2013,80.8831
Finland,FIN,2014,81.0125
Finland,FIN,2015,81.4178
Finland,FIN,2016,81.2915
Finland,FIN,2017,81.4976
Finland,FIN,2018,81.6266
Finland,FIN,2019,81.8706
France,FRA,2000,79.0472
France,FRA,2001,79.2235
France,FRA,2002,79.4129
France,FRA,2003,79.421
France,FRA,2004,80.3393
France,FRA,2005,80.3394
France,FRA,2006,80.7483
France,FRA,2007,80.9672
France,FRA,2008,81.049
France,FRA,2009,81.1777
France,FRA,2010,81.4275
France,FRA,2011,81.813
France,FRA,2012,81.774
France,FRA,2013,82.0159
France,FRA,2014,82.4761
France,FRA,2015,82.1857
France,FRA,2016,82.4372
France,FRA,2017,82.4732
France,FRA,2018,82.5909
France,FRA,2019,82.7315
Georgia,GEO,2000,69.5754
Georgia,GEO,2001,69.6063
Georgia,GEO,2002,70.0244
Georgia,GEO,2003,70.3327
Georgia,GEO,2004,70.5674
Georgia,GEO,2005,71.13
Georgia,GEO,2006,71.394
Georgia,GEO,2007,71.5679
Georgia,GEO,2008,71.3323
Georgia,GEO,2009,71.9498
Georgia,GEO,2010,72.1277
Georgia,GEO,2011,72.3902
Georgia,GEO,2012,72.412
Georgia,GEO,2013,72.6284
Georgia,GEO,2014,73.0993
Georgia,GEO,2015,73.2972
Georgia,GEO,2016,73.5692
Georgia,GEO,2017,73.5701
Georgia,GEO,2018,73.3414
Georgia,GEO,2019,73.4696
Germany,DEU,2000,78.0637
Germany,DEU,2001,78.4095
Germany,DEU,2002,78.4827
Germany,DEU,2003,78.5443
Germany,DEU,2004,79.1263
Germany,DEU,2005,79.2618
Germany,DEU,2006,79.5906
Germany,DEU,2007,79.7412
Germany,DEU,2008,79.8261
Germany,DEU,2009,79.9248
Germany,DEU,2010,80.0864
Germany,DEU,2011,80.36
Germany,DEU,2012,80.5058
Germany,DEU,2013,80.4633
Germany,DEU,2014,80.9151
Germany,DEU,2015,80.5742
Germany,DEU,2016,80.8471
Germany,DEU,2017,80.9442
Germany,DEU,2018,81.1717
Germany,DEU,2019,81.5584
Ghana,GHA,2000,58.195
Ghana,GHA,2001,58.1072
Ghana,GHA,2002,58.6079
Ghana,GHA,2003,59.1108
Ghana,GHA,2004,59.1914
Ghana,GHA,2005,59.7601
Ghana,GHA,2006,59.9883
Ghana,GHA,2007,60.2243
Ghana,GHA,2008,60.49
Ghana,GHA,2009,60.946
Ghana,GHA,2010,61.1571
Ghana,GHA,2011,61.6517
Ghana,GHA,2012,62.0805
Ghana,GHA,2013,62.4205
Ghana,GHA,2014,63.0447
Ghana,GHA,2015,63.1752
Ghana,GHA,2016,63.8902
Ghana,GHA,2017,64.0131
Ghana,GHA,2018,64.122
Ghana,GHA,2019,64.7401
Greece,GRC,2000,78.3771
Greece,GRC,2001,78.8359
Greece,GRC,2002,78.9691
Greece,GRC,2003,79.0293
Greece,GRC,2004,79.2893
Greece,GRC,2005,79.5899
Greece,GRC,2006,79.7073
Greece,GRC,2007,79.612
Greece,GRC,2008,80.049
Greece,GRC,2009,80.2994
Greece,GRC,2010,80.5102
Greece,GRC,2011,80.5469
Greece,GRC,2012,80.3409
Greece,GRC,2013,80.9738
Greece,GRC,2014,81.007
Greece,GRC,2015,80.6676
Greece,GRC,2016,81.1617
Greece,GRC,2017,80.8501
Greece,GRC,2018,81.3907
Greece,GRC,2019,81.2489
Guatemala,GTM,2000,67.4459
Guatemala,GTM,2001,67.9464
Guatemala,GTM,2002,68.3865
Guatemala,GTM,2003,68.7969
Guatemala,GTM,2004,69.1648
Guatemala,GTM,2005,69.1675
Guatemala,GTM,2006,69.8124
Guatemala,GTM,2007,70.1002
Guatemala,GTM,2008,70.3556
Guatemala,GTM,2009,70.6414
Guatemala,GTM,2010,70.8783
Guatemala,GTM,2011,71.1769
Guatemala,GTM,2012,71.463
Guatemala,GTM,2013,71.728
Guatemala,GTM,2014,71.9638
Guatemala,GTM,2015,72.103
Guatemala,GTM,2016,72.3547
Guatemala,GTM,2017,72.5506
Guatemala,GTM,2018,72.7257
Guatemala,GTM,2019,73.1289
Guinea-Bissau,GNB,2000,50.1209
Guinea-Bissau,GNB,2001,50.445
Guinea-Bissau,GNB,2002,50.9855
Guinea-Bissau,GNB,2003,51.405
Guinea-Bissau,GNB,2004,52.1496
Guinea-Bissau,GNB,2005,52.2492
Guinea-Bissau,GNB,2006,53.3712
Guinea-Bissau,GNB,2007,54.155
Guinea-Bissau,GNB,2008,54.6462
Guinea-Bissau,GNB,2009,55.5415
Guinea-Bissau,GNB,2010,56.2295
Guinea-Bissau,GNB,2011,56.9667
Guinea-Bissau,GNB,2012,57.6901
Guinea-Bissau,GNB,2013,58.2324
Guinea-Bissau,GNB,2014,58.6096
Guinea-Bissau,GNB,2015,59.1282
Guinea-Bissau,GNB,2016,59.6739
Guinea-Bissau,GNB,2017,60.0665
Guinea-Bissau,GNB,2018,60.5016
Guinea-Bissau,GNB,2019,60.8818
Guyana,GUY,2000,64.4833
Guyana,GUY,2001,64.7882
Guyana,GUY,2002,64.7275
Guyana,GUY,2003,64.6003
Guyana,GUY,2004,64.9305
Guyana,GUY,2005,65.132
Guyana,GUY,2006,65.6666
Guyana,GUY,2007,66.2535
Guyana,GUY,2008,66.288
Guyana,GUY,2009,66.5625
Guyana,GUY,2010,66.743
Guyana,GUY,2011,66.9818
Guyana,GUY,2012,67.2298
Guyana,GUY,2013,67.4727
Guyana,GUY,2014,67.8818
Guyana,GUY,2015,68.2015
Guyana,GUY,2016,68.384
Guyana,GUY,2017,68.6668
Guyana,GUY,2018,68.8959
Guyana,GUY,2019,69.1239
Haiti,HTI,2000,58.3652
Haiti,HTI,2001,58.4886
Haiti,HTI,2002,58.8545
Haiti,HTI,2003,59.5065
Haiti,HTI,2004,58.4755
Haiti,HTI,2005,60.4153
Haiti,HTI,2006,60.7632
Haiti,HTI,2007,61.103
Haiti,HTI,2008,61.3322
Haiti,HTI,2009,61.7409
Haiti,HTI,2010,46.0185
Haiti,HTI,2011,61.6227
Haiti,HTI,2012,62.2915
Haiti,HTI,2013,62.6047
Haiti,HTI,2014,62.9875
Haiti,HTI,2015,63.2372
Haiti,HTI,2016,63.3922
Haiti,HTI,2017,63.8538
Haiti,HTI,2018,64.0188
Haiti,HTI,2019,64.2546
Honduras,HND,2000,68.6618
Honduras,HND,2001,69.0061
Honduras,HND,2002,69.3664
Honduras,HND,2003,69.5071
Honduras,HND,2004,69.7957
Honduras,HND,2005,70.1041
Honduras,HND,2006,70.2608
Honduras,HND,2007,70.3765
Honduras,HND,2008,70.4414
Honduras,HND,2009,70.9113
Honduras,HND,2010,71.0884
Honduras,HND,2011,71.4386
Honduras,HND,2012,71.7344
Honduras,HND,2013,71.9629
Honduras,HND,2014,72.2594
Honduras,HND,2015,72.4871
Honduras,HND,2016,72.5878
Honduras,HND,2017,72.6918
Honduras,HND,2018,72.8141
Honduras,HND,2019,72.8811
Hungary,HUN,2000,71.7579
Hungary,HUN,2001,72.3942
Hungary,HUN,2002,72.5074
Hungary,HUN,2003,72.5137
Hungary,HUN,2004,72.906
Hungary,HUN,2005,72.8648
Hungary,HUN,2006,73.3444
Hungary,HUN,2007,73.4316
Hungary,HUN,2008,73.9576
Hungary,HUN,2009,74.1794
Hungary,HUN,2010,74.5192
Hungary,HUN,2011,74.9232
Hungary,HUN,2012,75.1808
Hungary,HUN,2013,75.6809
Hungary,HUN,2014,75.8474
Hungary,HUN,2015,75.6517
Hungary,HUN,2016,76.1552
Hungary,HUN,2017,76.0055
Hungary,HUN,2018,76.2039
Hungary,HUN,2019,76.4543
Iceland,ISL,2000,79.8915
Iceland,ISL,2001,80.7039
Iceland,ISL,2002,80.5426
Iceland,ISL,2003,80.7763
Iceland,ISL,2004,80.9788
Iceland,ISL,2005,81.2416
Iceland,ISL,2006,81.2385
Iceland,ISL,2007,81.3511
Iceland,ISL,2008,81.3883
Iceland,ISL,2009,81.5565
Iceland,ISL,2010,81.7003
Iceland,ISL,2011,82.178
Iceland,ISL,2012,82.5564
Iceland,ISL,2013,81.9289
Iceland,ISL,2014,82.6133
Iceland,ISL,2015,82.3508
Iceland,ISL,2016,82.03
Iceland,ISL,2017,82.5352
Iceland,ISL,2018,82.7703
Iceland,ISL,2019,82.4042
India,IND,2000,62.6693
India,IND,2001,63.0913
India,IND,2002,63.616
India,IND,2003,64.0942
India,IND,2004,64.5244
India,IND,2005,64.9955
India,IND,2006,65.4123
India,IND,2007,65.7884
India,IND,2008,66.149
India,IND,2009,66.5132
India,IND,2010,66.9086
India,IND,2011,67.359
India,IND,2012,67.8872
India,IND,2013,68.4598
India,IND,2014,69.0736
India,IND,2015,69.6363
India,IND,2016,70.1167
India,IND,2017,70.4672
India,IND,2018,70.7095
India,IND,2019,70.9098
Indonesia,IDN,2000,66.4334
Indonesia,IDN,2001,66.7577
Indonesia,IDN,2002,67.1336
Indonesia,IDN,2003,67.4126
Indonesia,IDN,2004,65.7503
Indonesia,IDN,2005,67.6492
Indonesia,IDN,2006,67.9144
Indonesia,IDN,2007,68.1893
Indonesia,IDN,2008,68.2261
Indonesia,IDN,2009,68.4936
Indonesia,IDN,2010,68.6793
Indonesia,IDN,2011,68.8228
Indonesia,IDN,2012,68.973
Indonesia,IDN,2013,69.2641
Indonesia,IDN,2014,69.5333
Indonesia,IDN,2015,69.6989
Indonesia,IDN,2016,69.7976
Indonesia,IDN,2017,69.9356
Indonesia,IDN,2018,70.3375
Indonesia,IDN,2019,70.5184
"Iran, Islamic Republic of",IRN,2000,69.6909
"Iran, Islamic Republic of",IRN,2001,69.9546
"Iran, Islamic Republic of",IRN,2002,70.4454
"Iran, Islamic Republic of",IRN,2003,69.8231
"Iran, Islamic Republic of",IRN,2004,71.3703
"Iran, Islamic Republic of",IRN,2005,71.8384
"Iran, Islamic Republic of",IRN,2006,72.2761
"Iran, Islamic Republic of",IRN,2007,72.772
"Iran, Islamic Republic of",IRN,2008,72.6244
"Iran, Islamic Republic of",IRN,2009,72.6979
"Iran, Islamic Republic of",IRN,2010,73.0691
"Iran, Islamic Republic of",IRN,2011,73.6786
"Iran, Islamic Republic of",IRN,2012,74.186
"Iran, Islamic Republic of",IRN,2013,74.4493
"Iran, Islamic Republic of",IRN,2014,74.7825
"Iran, Islamic Republic of",IRN,2015,75.1239
"Iran, Islamic Republic of",IRN,2016,75.6
"Iran, Islamic Republic of",IRN,2017,75.9712
"Iran, Islamic Republic of",IRN,2018,76.195
"Iran, Islamic Republic of",IRN,2019,76.1031
Iraq,IRQ,2000,66.8171
Iraq,IRQ,2001,67.0339
Iraq,IRQ,2002,67.0836
Iraq,IRQ,2003,65.6427
Iraq,IRQ,2004,65.0307
Iraq,IRQ,2005,64.8438
Iraq,IRQ,2006,63.5873
Iraq,IRQ,2007,63.5527
Iraq,IRQ,2008,64.9421
Iraq,IRQ,2009,66.4457
Iraq,IRQ,2010,67.0622
Iraq,IRQ,2011,67.659
Iraq,IRQ,2012,68.0232
Iraq,IRQ,2013,68.2534
Iraq,IRQ,2014,68.9136
Iraq,IRQ,2015,69.4403
Iraq,IRQ,2016,68.9878
Iraq,IRQ,2017,70.4126
Iraq,IRQ,2018,71.5143
Iraq,IRQ,2019,71.5764
Ireland,IRL,2000,76.5423
Ireland,IRL,2001,77.1087
Ireland,IRL,2002,77.5999
Ireland,IRL,2003,78.1107
Ireland,IRL,2004,78.5126
Ireland,IRL,2005,78.9162
Ireland,IRL,2006,79.1518
Ireland,IRL,2007,79.5547
Ireland,IRL,2008,79.7625
Ireland,IRL,2009,80.0461
Ireland,IRL,2010,80.5226
Ireland,IRL,2011,80.6332
Ireland,IRL,2012,80.7523
Ireland,IRL,2013,80.9675
Ireland,IRL,2014,81.3067
Ireland,IRL,2015,81.4163
Ireland,IRL,2016,81.5498
Ireland,IRL,2017,81.9168
Ireland,IRL,2018,82.0863
Ireland,IRL,2019,82.2586
Israel,ISR,2000,78.9276
Israel,ISR,2001,79.3448
Israel,ISR,2002,79.2593
Israel,ISR,2003,79.6242
Israel,ISR,2004,80.1467
Israel,ISR,2005,80.2171
Israel,ISR,2006,80.5057
Israel,ISR,2007,80.6651
Israel,ISR,2008,81.0552
Israel,ISR,2009,81.5756
Israel,ISR,2010,81.7443
Israel,ISR,2011,81.7274
Israel,ISR,2012,81.7346
Israel,ISR,2013,82.1154
Israel,ISR,2014,82.2236
Israel,ISR,2015,82.0999
Israel,ISR,2016,82.4854
Israel,ISR,2017,82.7195
Israel,ISR,2018,82.8232
Israel,ISR,2019,82.8123
Italy,ITA,2000,79.6072
Italy,ITA,2001,79.8859
Italy,ITA,2002,80.1136
Italy,ITA,2003,80.1929
Italy,ITA,2004,81.0199
Italy,ITA,2005,81.023
Italy,ITA,2006,81.4169
Italy,ITA,2007,81.5029
Italy,ITA,2008,81.6466
Italy,ITA,2009,81.7633
Italy,ITA,2010,82.1371
Italy,ITA,2011,82.235
Italy,ITA,2012,82.2588
Italy,ITA,2013,82.6599
Italy,ITA,2014,82.908
Italy,ITA,2015,82.5255
Italy,ITA,2016,83.0492
Italy,ITA,2017,82.7282
Italy,ITA,2018,83.1847
Italy,ITA,2019,83.552
Jamaica,JAM,2000,70.9442
Jamaica,JAM,2001,70.758
Jamaica,JAM,2002,70.8882
Jamaica,JAM,2003,70.8062
Jamaica,JAM,2004,70.8603
Jamaica,JAM,2005,71.0438
Jamaica,JAM,2006,71.1993
Jamaica,JAM,2007,71.4179
Jamaica,JAM,2008,71.6122
Jamaica,JAM,2009,72.1238
Jamaica,JAM,2010,72.6219
Jamaica,JAM,2011,73.0942
Jamaica,JAM,2012,73.4335
Jamaica,JAM,2013,73.4119
Jamaica,JAM,2014,72.982
Jamaica,JAM,2015,72.394
Jamaica,JAM,2016,72.0198
Jamaica,JAM,2017,71.9114
Jamaica,JAM,2018,71.793
Jamaica,JAM,2019,71.767
Japan,JPN,2000,81.1759
Japan,JPN,2001,81.509
Japan,JPN,2002,81.7953
Japan,JPN,2003,81.8558
Japan,JPN,2004,82.1309
Japan,JPN,2005,82.012
Japan,JPN,2006,82.3765
Japan,JPN,2007,82.5544
Japan,JPN,2008,82.6382
Japan,JPN,2009,82.9742
Japan,JPN,2010,82.9193
Japan,JPN,2011,82.6756
Japan,JPN,2012,83.1755
Japan,JPN,2013,83.4107
Japan,JPN,2014,83.6525
Japan,JPN,2015,83.8928
Japan,JPN,2016,84.0664
Japan,JPN,2017,84.1976
Japan,JPN,2018,84.2971
Japan,JPN,2019,84.4258
Jordan,JOR,2000,71.9178
Jordan,JOR,2001,72.1467
Jordan,JOR,2002,72.3585
Jordan,JOR,2003,72.5734
Jordan,JOR,2004,72.7725
Jordan,JOR,2005,72.9321
Jordan,JOR,2006,73.1449
Jordan,JOR,2007,73.3728
Jordan,JOR,2008,73.591
Jordan,JOR,2009,73.8014
Jordan,JOR,2010,73.9996
Jordan,JOR,2011,74.1891
Jordan,JOR,2012,74.3659
Jordan,JOR,2013,74.5621
Jordan,JOR,2014,74.7889
Jordan,JOR,2015,75.0112
Jordan,JOR,2016,75.2153
Jordan,JOR,2017,75.5018
Jordan,JOR,2018,75.7743
Jordan,JOR,2019,76.044
Kazakhstan,KAZ,2000,64.1781
Kazakhstan,KAZ,2001,64.3676
Kazakhstan,KAZ,2002,64.2693
Kazakhstan,KAZ,2003,64.5543
Kazakhstan,KAZ,2004,64.8566
Kazakhstan,KAZ,2005,65.117
Kazakhstan,KAZ,2006,65.627
Kazakhstan,KAZ,2007,65.928
Kazakhstan,KAZ,2008,66.7018
Kazakhstan,KAZ,2009,67.2789
Kazakhstan,KAZ,2010,68.1157
Kazakhstan,KAZ,2011,68.7452
Kazakhstan,KAZ,2012,69.1295
Kazakhstan,KAZ,2013,69.8136
Kazakhstan,KAZ,2014,70.3334
Kazakhstan,KAZ,2015,70.7265
Kazakhstan,KAZ,2016,70.8984
Kazakhstan,KAZ,2017,71.3958
Kazakhstan,KAZ,2018,71.4717
Kazakhstan,KAZ,2019,71.5675
Kenya,KEN,2000,54.4112
Kenya,KEN,2001,54.5079
Kenya,KEN,2002,54.9896
Kenya,KEN,2003,55.601
Kenya,KEN,2004,56.3615
Kenya,KEN,2005,57.344
Kenya,KEN,2006,58.2222
Kenya,KEN,2007,58.8651
Kenya,KEN,2008,59.6141
Kenya,KEN,2009,60.3649
Kenya,KEN,2010,60.649
Kenya,KEN,2011,61.0458
Kenya,KEN,2012,61.1152
Kenya,KEN,2013,61.3891
Kenya,KEN,2014,61.8162
Kenya,KEN,2015,61.8922
Kenya,KEN,2016,62.1632
Kenya,KEN,2017,62.4808
Kenya,KEN,2018,62.6765
Kenya,KEN,2019,62.9432
Latvia,LVA,2000,70.2517
Latvia,LVA,2001,70.0696
Latvia,LVA,2002,70.3509
Latvia,LVA,2003,70.6236
Latvia,LVA,2004,70.9252
Latvia,LVA,2005,70.7781
Latvia,LVA,2006,70.877
Latvia,LVA,2007,71.0566
Latvia,LVA,2008,72.0358
Latvia,LVA,2009,72.754
Latvia,LVA,2010,72.9538
Latvia,LVA,2011,73.6934
Latvia,LVA,2012,73.7447
Latvia,LVA,2013,74.1825
Latvia,LVA,2014,74.4319
Latvia,LVA,2015,74.6854
Latvia,LVA,2016,74.7535
Latvia,LVA,2017,74.8054
Latvia,LVA,2018,75.0012
Latvia,LVA,2019,75.5337
Lebanon,LBN,2000,73.9309
Lebanon,LBN,2001,74.3648
Lebanon,LBN,2002,75.0642
Lebanon,LBN,2003,75.5932
Lebanon,LBN,2004,75.9761
Lebanon,LBN,2005,76.2726
Lebanon,LBN,2006,76.0796
Lebanon,LBN,2007,77.0801
Lebanon,LBN,2008,77.5844
Lebanon,LBN,2009,77.8892
Lebanon,LBN,2010,78.1559
Lebanon,LBN,2011,78.4036
Lebanon,LBN,2012,78.6284
Lebanon,LBN,2013,78.7652
Lebanon,LBN,2014,78.9727
Lebanon,LBN,2015,79.2294
Lebanon,LBN,2016,79.5054
Lebanon,LBN,2017,79.6543
Lebanon,LBN,2018,79.729
Lebanon,LBN,2019,79.2359
Lesotho,LSO,2000,48.4266
Lesotho,LSO,2001,46.8493
Lesotho,LSO,2002,45.5946
Lesotho,LSO,2003,44.5296
Lesotho,LSO,2004,43.7108
Lesotho,LSO,2005,43.2325
Lesotho,LSO,2006,42.9136
Lesotho,LSO,2007,43.1225
Lesotho,LSO,2008,43.5657
Lesotho,LSO,2009,44.034
Lesotho,LSO,2010,45.5955
Lesotho,LSO,2011,46.6919
Lesotho,LSO,2012,47.8354
Lesotho,LSO,2013,49.0024
Lesotho,LSO,2014,50.0327
Lesotho,LSO,2015,51.1014
Lesotho,LSO,2016,52.2641
Lesotho,LSO,2017,53.0636
Lesotho,LSO,2018,53.733
Lesotho,LSO,2019,54.1726
Liberia,LBR,2000,51.356
Liberia,LBR,2001,52.7518
Liberia,LBR,2002,53.7879
Liberia,LBR,2003,53.0424
Liberia,LBR,2004,56.0131
Liberia,LBR,2005,56.9117
Liberia,LBR,2006,57.6199
Liberia,LBR,2007,58.2845
Liberia,LBR,2008,58.7717
Liberia,LBR,2009,59.1942
Liberia,LBR,2010,59.4331
Liberia,LBR,2011,59.6198
Liberia,LBR,2012,59.9128
Liberia,LBR,2013,59.9426
Liberia,LBR,2014,59.1208
Liberia,LBR,2015,59.1485
Liberia,LBR,2016,60.4162
Liberia,LBR,2017,60.5535
Liberia,LBR,2018,60.8532
Liberia,LBR,2019,61.1044
Lithuania,LTU,2000,72.0888
Lithuania,LTU,2001,71.7902
Lithuania,LTU,2002,71.8008
Lithuania,LTU,2003,72.1439
Lithuania,LTU,2004,72.228
Lithuania,LTU,2005,71.7418
Lithuania,LTU,2006,71.5768
Lithuania,LTU,2007,71.5366
Lithuania,LTU,2008,72.417
Lithuania,LTU,2009,73.1775
Lithuania,LTU,2010,73.4236
Lithuania,LTU,2011,73.9256
Lithuania,LTU,2012,74.2029
Lithuania,LTU,2013,74.3116
Lithuania,LTU,2014,74.8426
Lithuania,LTU,2015,74.6103
Lithuania,LTU,2016,74.8816
Lithuania,LTU,2017,75.4399
Lithuania,LTU,2018,75.6767
Lithuania,LTU,2019,76.2119
Luxembourg,LUX,2000,77.8112
Luxembourg,LUX,2001,78.1614
Luxembourg,LUX,2002,78.3607
Luxembourg,LUX,2003,77.7679
Luxembourg,LUX,2004,79.2197
Luxembourg,LUX,2005,79.4015
Luxembourg,LUX,2006,79.4147
Luxembourg,LUX,2007,79.4774
Luxembourg,LUX,2008,80.4718
Luxembourg,LUX,2009,80.6129
Luxembourg,LUX,2010,80.5731
Luxembourg,LUX,2011,80.7663
Luxembourg,LUX,2012,80.9818
Luxembourg,LUX,2013,81.3663
Luxembourg,LUX,2014,81.7343
Luxembourg,LUX,2015,81.8384
Luxembourg,LUX,2016,82.0535
Luxembourg,LUX,2017,81.734
Luxembourg,LUX,2018,81.8035
Luxembourg,LUX,2019,82.1434
Malawi,MWI,2000,44.5181
Malawi,MWI,2001,45.895
Malawi,MWI,2002,47.2214
Malawi,MWI,2003,48.79
Malawi,MWI,2004,50.4534
Malawi,MWI,2005,52.0445
Malawi,MWI,2006,53.2377
Malawi,MWI,2007,53.946
Malawi,MWI,2008,54.6036
Malawi,MWI,2009,55.4476
Malawi,MWI,2010,56.3806
Malawi,MWI,2011,57.4547
Malawi,MWI,2012,58.6786
Malawi,MWI,2013,59.7288
Malawi,MWI,2014,60.8991
Malawi,MWI,2015,61.3781
Malawi,MWI,2016,62.2093
Malawi,MWI,2017,62.9769
Malawi,MWI,2018,63.2758
Malawi,MWI,2019,64.1188
Malaysia,MYS,2000,72.7755
Malaysia,MYS,2001,73.3439
Malaysia,MYS,2002,73.5627
Malaysia,MYS,2003,73.7964
Malaysia,MYS,2004,73.8985
Malaysia,MYS,2005,74.0959
Malaysia,MYS,2006,74.1642
Malaysia,MYS,2007,74.2109
Malaysia,MYS,2008,74.2502
Malaysia,MYS,2009,74.2266
Malaysia,MYS,2010,74.4423
Malaysia,MYS,2011,74.7459
Malaysia,MYS,2012,74.944
Malaysia,MYS,2013,75.0348
Malaysia,MYS,2014,75.1459
Malaysia,MYS,2015,75.0942
Malaysia,MYS,2016,75.2888
Malaysia,MYS,2017,75.4763
Malaysia,MYS,2018,75.6444
Malaysia,MYS,2019,75.7603
Mauritania,MRT,2000,61.0282
Mauritania,MRT,2001,61.1852
Mauritania,MRT,2002,61.2679
Mauritania,MRT,2003,61.3473
Mauritania,MRT,2004,61.5931
Mauritania,MRT,2005,61.656
Mauritania,MRT,2006,61.8909
Mauritania,MRT,2007,62.2285
Mauritania,MRT,2008,62.399
Mauritania,MRT,2009,62.8005
Mauritania,MRT,2010,63.1049
Mauritania,MRT,2011,63.3456
Mauritania,MRT,2012,63.5779
Mauritania,MRT,2013,63.9106
Mauritania,MRT,2014,64.1546
Mauritania,MRT,2015,64.4847
Mauritania,MRT,2016,64.7679
Mauritania,MRT,2017,65.0827
Mauritania,MRT,2018,65.31
Mauritania,MRT,2019,65.6869
Mexico,MEX,2000,73.5692
Mexico,MEX,2001,73.8668
Mexico,MEX,2002,74.1059
Mexico,MEX,2003,74.2743
Mexico,MEX,2004,74.372
Mexico,MEX,2005,74.3765
Mexico,MEX,2006,74.3313
Mexico,MEX,2007,74.2384
Mexico,MEX,2008,74.1524
Mexico,MEX,2009,74.119
Mexico,MEX,2010,74.1901
Mexico,MEX,2011,74.3651
Mexico,MEX,2012,74.574
Mexico,MEX,2013,74.7391
Mexico,MEX,2014,74.7974
Mexico,MEX,2015,74.6822
Mexico,MEX,2016,74.4122
Mexico,MEX,2017,74.1378
Mexico,MEX,2018,74.0146
Mexico,MEX,2019,74.2021
"Moldova, Republic of",MDA,2000,66.4168
"Moldova, Republic of",MDA,2001,66.7866
"Moldova, Republic of",MDA,2002,66.9379
"Moldova, Republic of",MDA,2003,67.4194
"Moldova, Republic of",MDA,2004,67.8612
"Moldova, Republic of",MDA,2005,68.1689
"Moldova, Republic of",MDA,2006,68.4794
"Moldova, Republic of",MDA,2007,68.9471
"Moldova, Republic of",MDA,2008,69.3936
"Moldova, Republic of",MDA,2009,69.5732
"Moldova, Republic of",MDA,2010,69.3569
"Moldova, Republic of",MDA,2011,69.1919
"Moldova, Republic of",MDA,2012,69.1431
"Moldova, Republic of",MDA,2013,69.0988
"Moldova, Republic of",MDA,2014,69.0307
"Moldova, Republic of",MDA,2015,69.2396
"Moldova, Republic of",MDA,2016,69.9169
"Moldova, Republic of",MDA,2017,70.5155
"Moldova, Republic of",MDA,2018,70.4916
"Moldova, Republic of",MDA,2019,70.9351
Mongolia,MNG,2000,62.8821
Mongolia,MNG,2001,63.2786
Mongolia,MNG,2002,63.5178
Mongolia,MNG,2003,64.2078
Mongolia,MNG,2004,64.7955
Mongolia,MNG,2005,64.8787
Mongolia,MNG,2006,65.5128
Mongolia,MNG,2007,65.9701
Mongolia,MNG,2008,66.3821
Mongolia,MNG,2009,66.7658
Mongolia,MNG,2010,67.1822
Mongolia,MNG,2011,67.4393
Mongolia,MNG,2012,68.1114
Mongolia,MNG,2013,68.5854
Mongolia,MNG,2014,69.0472
Mongolia,MNG,2015,69.4977
Mongolia,MNG,2016,69.8647
Mongolia,MNG,2017,70.2375
Mongolia,MNG,2018,71.1992
Mongolia,MNG,2019,71.8221
Montenegro,MNE,2000,73.9793
Montenegro,MNE,2001,74.2326
Montenegro,MNE,2002,74.0432
Montenegro,MNE,2003,74.0749
Montenegro,MNE,2004,74.6954
Montenegro,MNE,2005,74.262
Montenegro,MNE,2006,74.0494
Montenegro,MNE,2007,74.5255
Montenegro,MNE,2008,75.305
Montenegro,MNE,2009,75.2687
Montenegro,MNE,2010,76.1387
Montenegro,MNE,2011,76.0684
Montenegro,MNE,2012,76.3268
Montenegro,MNE,2013,76.6085
Montenegro,MNE,2014,76.7465
Montenegro,MNE,2015,76.7561
Montenegro,MNE,2016,76.7462
Montenegro,MNE,2017,76.9388
Montenegro,MNE,2018,77.1595
Montenegro,MNE,2019,77.0396
Morocco,MAR,2000,66.7869
Morocco,MAR,2001,67.1798
Morocco,MAR,2002,67.5468
Morocco,MAR,2003,67.915
Morocco,MAR,2004,68.231
Morocco,MAR,2005,68.7039
Morocco,MAR,2006,69.1282
Morocco,MAR,2007,69.604
Morocco,MAR,2008,70.0481
Morocco,MAR,2009,70.4578
Morocco,MAR,2010,70.8288
Morocco,MAR,2011,71.2691
Morocco,MAR,2012,71.6789
Morocco,MAR,2013,72.1223
Morocco,MAR,2014,72.5377
Morocco,MAR,2015,72.9197
Morocco,MAR,2016,73.284
Morocco,MAR,2017,73.6603
Morocco,MAR,2018,73.9863
Morocco,MAR,2019,74.2705
Mozambique,MOZ,2000,49.4912
Mozambique,MOZ,2001,50.0653
Mozambique,MOZ,2002,50.5895
Mozambique,MOZ,2003,50.8696
Mozambique,MOZ,2004,51.2495
Mozambique,MOZ,2005,51.561
Mozambique,MOZ,2006,51.961
Mozambique,MOZ,2007,52.5664
Mozambique,MOZ,2008,53.1639
Mozambique,MOZ,2009,53.7876
Mozambique,MOZ,2010,54.1984
Mozambique,MOZ,2011,54.869
Mozambique,MOZ,2012,55.6387
Mozambique,MOZ,2013,56.4919
Mozambique,MOZ,2014,57.2742
Mozambique,MOZ,2015,58.1509
Mozambique,MOZ,2016,59.038
Mozambique,MOZ,2017,59.7709
Mozambique,MOZ,2018,60.5261
Mozambique,MOZ,2019,61.1662
Myanmar,MMR,2000,60.1546
Myanmar,MMR,2001,60.4159
Myanmar,MMR,2002,60.7248
Myanmar,MMR,2003,60.9803
Myanmar,MMR,2004,61.2496
Myanmar,MMR,2005,61.5985
Myanmar,MMR,2006,61.8931
Myanmar,MMR,2007,62.3709
Myanmar,MMR,2008,56.5056
Myanmar,MMR,2009,63.1547
Myanmar,MMR,2010,63.3294
Myanmar,MMR,2011,63.9007
Myanmar,MMR,2012,64.1412
Myanmar,MMR,2013,64.8148
Myanmar,MMR,2014,65.0563
Myanmar,MMR,2015,65.5613
Myanmar,MMR,2016,65.685
Myanmar,MMR,2017,65.843
Myanmar,MMR,2018,66.4646
Myanmar,MMR,2019,66.6104
Namibia,NAM,2000,51.9903
Namibia,NAM,2001,51.2604
Namibia,NAM,2002,51.2539
Namibia,NAM,2003,51.0832
Namibia,NAM,2004,51.2464
Namibia,NAM,2005,51.7866
Namibia,NAM,2006,52.6551
Namibia,NAM,2007,53.6799
Namibia,NAM,2008,54.6529
Namibia,NAM,2009,55.4959
Namibia,NAM,2010,56.0153
Namibia,NAM,2011,56.553
Namibia,NAM,2012,57.64
Namibia,NAM,2013,58.6938
Namibia,NAM,2014,59.8217
Namibia,NAM,2015,60.7002
Namibia,NAM,2016,61.6825
Namibia,NAM,2017,62.2931
Namibia,NAM,2018,62.5859
Namibia,NAM,2019,63.075
Nepal,NPL,2000,62.6145
Nepal,NPL,2001,63.3362
Nepal,NPL,2002,63.2638
Nepal,NPL,2003,64.1966
Nepal,NPL,2004,64.8177
Nepal,NPL,2005,65.4566
Nepal,NPL,2006,65.8685
Nepal,NPL,2007,66.3288
Nepal,NPL,2008,66.4207
Nepal,NPL,2009,66.7609
Nepal,NPL,2010,66.8138
Nepal,NPL,2011,67.313
Nepal,NPL,2012,67.47
Nepal,NPL,2013,67.9651
Nepal,NPL,2014,68.0855
Nepal,NPL,2015,67.4562
Nepal,NPL,2016,68.7758
Nepal,NPL,2017,68.9099
Nepal,NPL,2018,68.9786
Nepal,NPL,2019,69.5576
Netherlands,NLD,2000,78.1222
Netherlands,NLD,2001,78.3304
Netherlands,NLD,2002,78.4046
Netherlands,NLD,2003,78.6571
Netherlands,NLD,2004,79.2308
Netherlands,NLD,2005,79.4797
Netherlands,NLD,2006,79.8376
Netherlands,NLD,2007,80.2452
Netherlands,NLD,2008,80.3766
Netherlands,NLD,2009,80.66
Netherlands,NLD,2010,80.8186
Netherlands,NLD,2011,81.0999
Netherlands,NLD,2012,81.0495
Netherlands,NLD,2013,81.2919
Netherlands,NLD,2014,81.6425
Netherlands,NLD,2015,81.4821
Netherlands,NLD,2016,81.547
Netherlands,NLD,2017,81.7291
Netherlands,NLD,2018,81.7741
Netherlands,NLD,2019,82.0455
Nicaragua,NIC,2000,67.2335
Nicaragua,NIC,2001,67.2145
Nicaragua,NIC,2002,67.1799
Nicaragua,NIC,2003,67.2174
Nicaragua,NIC,2004,67.4233
Nicaragua,NIC,2005,67.9359
Nicaragua,NIC,2006,68.7246
Nicaragua,NIC,2007,69.5595
Nicaragua,NIC,2008,70.5863
Nicaragua,NIC,2009,71.4328
Nicaragua,NIC,2010,72.009
Nicaragua,NIC,2011,72.4162
Nicaragua,NIC,2012,72.6148
Nicaragua,NIC,2013,72.7044
Nicaragua,NIC,2014,72.8121
Nicaragua,NIC,2015,72.983
Nicaragua,NIC,2016,73.2562
Nicaragua,NIC,2017,73.5536
Nicaragua,NIC,2018,73.8497
Nicaragua,NIC,2019,74.0543
Niger,NER,2000,49.3216
Niger,NER,2001,49.8407
Niger,NER,2002,50.5616
Niger,NER,2003,51.4344
Niger,NER,2004,52.5891
Niger,NER,2005,53.59
Niger,NER,2006,54.5965
Niger,NER,2007,55.5533
Niger,NER,2008,56.508
Niger,NER,2009,57.3961
Niger,NER,2010,58.3668
Niger,NER,2011,58.9941
Niger,NER,2012,59.6498
Niger,NER,2013,60.239
Niger,NER,2014,60.786
Niger,NER,2015,61.0827
Niger,NER,2016,61.6288
Niger,NER,2017,62.1599
Niger,NER,2018,62.4544
Niger,NER,2019,62.8967
Nigeria,NGA,2000,47.1928
Nigeria,NGA,2001,47.6187
Nigeria,NGA,2002,47.9285
Nigeria,NGA,2003,48.4405
Nigeria,NGA,2004,48.7672
Nigeria,NGA,2005,49.297
Nigeria,NGA,2006,49.7305
Nigeria,NGA,2007,50.033
Nigeria,NGA,2008,50.2251
Nigeria,NGA,2009,50.7124
Nigeria,NGA,2010,50.9448
Nigeria,NGA,2011,51.3573
Nigeria,NGA,2012,51.4973
Nigeria,NGA,2013,51.7068
Nigeria,NGA,2014,51.7911
Nigeria,NGA,2015,51.8413
Nigeria,NGA,2016,52.0427
Nigeria,NGA,2017,52.3052
Nigeria,NGA,2018,52.5536
Nigeria,NGA,2019,52.9104
North Macedonia,MKD,2000,72.8567
North Macedonia,MKD,2001,73.233
North Macedonia,MKD,2002,73.1458
North Macedonia,MKD,2003,73.3865
North Macedonia,MKD,2004,73.7816
North Macedonia,MKD,2005,73.7446
North Macedonia,MKD,2006,73.9988
North Macedonia,MKD,2007,73.9042
North Macedonia,MKD,2008,74.5326
North Macedonia,MKD,2009,74.7186
North Macedonia,MKD,2010,75.1187
North Macedonia,MKD,2011,75.1869
North Macedonia,MKD,2012,75.1399
North Macedonia,MKD,2013,75.8657
North Macedonia,MKD,2014,75.9347
North Macedonia,MKD,2015,75.9814
North Macedonia,MKD,2016,76.0296
North Macedonia,MKD,2017,76.4766
North Macedonia,MKD,2018,77.3142
North Macedonia,MKD,2019,77.2928
Norway,NOR,2000,78.6919
Norway,NOR,2001,78.8959
Norway,NOR,2002,78.9605
Norway,NOR,2003,79.5294
Norway,NOR,2004,79.9648
Norway,NOR,2005,80.1699
Norway,NOR,2006,80.4411
Norway,NOR,2007,80.5033
Norway,NOR,2008,80.678
Norway,NOR,2009,80.8669
Norway,NOR,2010,81.0401
Norway,NOR,2011,81.243
Norway,NOR,2012,81.4437
Norway,NOR,2013,81.6666
Norway,NOR,2014,82.0859
Norway,NOR,2015,82.2718
Norway,NOR,2016,82.4147
Norway,NOR,2017,82.624
Norway,NOR,2018,82.7605
Norway,NOR,2019,82.9552
Pakistan,PAK,2000,62.1018
Pakistan,PAK,2001,62.4214
Pakistan,PAK,2002,62.6264
Pakistan,PAK,2003,62.843
Pakistan,PAK,2004,63.0522
Pakistan,PAK,2005,62.4657
Pakistan,PAK,2006,63.7312
Pakistan,PAK,2007,63.8517
Pakistan,PAK,2008,64.036
Pakistan,PAK,2009,64.14
Pakistan,PAK,2010,64.4361
Pakistan,PAK,2011,64.6482
Pakistan,PAK,2012,64.7823
Pakistan,PAK,2013,65.1495
Pakistan,PAK,2014,65.2842
Pakistan,PAK,2015,65.6971
Pakistan,PAK,2016,65.8797
Pakistan,PAK,2017,66.2972
Pakistan,PAK,2018,66.482
Pakistan,PAK,2019,66.7558
Panama,PAN,2000,74.0015
Panama,PAN,2001,74.4144
Panama,PAN,2002,74.8238
Panama,PAN,2003,75.2175
Panama,PAN,2004,75.5444
Panama,PAN,2005,75.8285
Panama,PAN,2006,76.0123
Panama,PAN,2007,76.154
Panama,PAN,2008,76.2247
Panama,PAN,2009,76.3429
Panama,PAN,2010,76.4479
Panama,PAN,2011,76.6269
Panama,PAN,2012,76.8185
Panama,PAN,2013,77.0378
Panama,PAN,2014,77.2478
Panama,PAN,2015,77.4684
Panama,PAN,2016,77.6529
Panama,PAN,2017,77.7954
Panama,PAN,2018,77.8629
Panama,PAN,2019,77.8103
Paraguay,PRY,2000,69.7502
Paraguay,PRY,2001,69.8997
Paraguay,PRY,2002,70.025
Paraguay,PRY,2003,70.297
Paraguay,PRY,2004,70.4809
Paraguay,PRY,2005,70.5269
Paraguay,PRY,2006,70.7809
Paraguay,PRY,2007,71.1061
Paraguay,PRY,2008,71.3838
Paraguay,PRY,2009,71.6345
Paraguay,PRY,2010,71.8872
Paraguay,PRY,2011,72.1314
Paraguay,PRY,2012,72.4536
Paraguay,PRY,2013,72.7568
Paraguay,PRY,2014,72.8777
Paraguay,PRY,2015,73.1905
Paraguay,PRY,2016,73.5336
Paraguay,PRY,2017,73.6436
Paraguay,PRY,2018,73.5676
Paraguay,PRY,2019,73.6207
Peru,PER,2000,70.424
Peru,PER,2001,71.0409
Peru,PER,2002,71.6608
Peru,PER,2003,72.2166
Peru,PER,2004,72.668
Peru,PER,2005,72.9858
Peru,PER,2006,73.1721
Peru,PER,2007,73.2227
Peru,PER,2008,73.3772
Peru,PER,2009,73.4661
Peru,PER,2010,73.7106
Peru,PER,2011,74.1327
Peru,PER,2012,74.544
Peru,PER,2013,74.9668
Peru,PER,2014,75.3334
Peru,PER,2015,75.6206
Peru,PER,2016,75.789
Peru,PER,2017,75.879
Peru,PER,2018,76.0089
Peru,PER,2019,76.1559
Philippines,PHL,2000,69.4134
Philippines,PHL,2001,69.6136
Philippines,PHL,2002,69.781
Philippines,PHL,2003,69.9242
Philippines,PHL,2004,70.0367
Philippines,PHL,2005,70.2402
Philippines,PHL,2006,70.2817
Philippines,PHL,2007,70.4832
Philippines,PHL,2008,70.5638
Philippines,PHL,2009,70.6334
Philippines,PHL,2010,70.7542
Philippines,PHL,2011,70.7881
Philippines,PHL,2012,70.8813
Philippines,PHL,2013,70.8349
Philippines,PHL,2014,71.151
Philippines,PHL,2015,71.2684
Philippines,PHL,2016,71.3871
Philippines,PHL,2017,71.5156
Philippines,PHL,2018,71.689
Philippines,PHL,2019,71.8649
Poland,POL,2000,73.7335
Poland,POL,2001,74.2193
Poland,POL,2002,74.5826
Poland,POL,2003,74.7384
Poland,POL,2004,74.972
Poland,POL,2005,75.0936
Poland,POL,2006,75.2835
Poland,POL,2007,75.3386
Poland,POL,2008,75.5842
Poland,POL,2009,75.7811
Poland,POL,2010,76.3175
Poland,POL,2011,76.6506
Poland,POL,2012,76.7138
Poland,POL,2013,76.9705
Poland,POL,2014,77.5691
Poland,POL,2015,77.4151
Poland,POL,2016,77.8025
Poland,POL,2017,77.7205
Poland,POL,2018,77.6282
Poland,POL,2019,77.9272
Portugal,PRT,2000,76.8304
Portugal,PRT,2001,77.1508
Portugal,PRT,2002,77.3676
Portugal,PRT,2003,77.5784
Portugal,PRT,2004,78.4199
Portugal,PRT,2005,78.3053
Portugal,PRT,2006,79.0713
Portugal,PRT,2007,79.281
Portugal,PRT,2008,79.5613
Portugal,PRT,2009,79.7706
Portugal,PRT,2010,80.035
Portugal,PRT,2011,80.4971
Portugal,PRT,2012,80.4784
Portugal,PRT,2013,80.8172
Portugal,PRT,2014,81.2157
Portugal,PRT,2015,81.2093
Portugal,PRT,2016,81.2324
Portugal,PRT,2017,81.498
Portugal,PRT,2018,81.3947
Portugal,PRT,2019,81.7007
Romania,ROU,2000,71.2823
Romania,ROU,2001,71.2944
Romania,ROU,2002,70.7048
Romania,ROU,2003,69.8004
Romania,ROU,2004,69.5031
Romania,ROU,2005,70.6095
Romania,ROU,2006,71.4718
Romania,ROU,2007,72.5458
Romania,ROU,2008,73.6078
Romania,ROU,2009,74.029
Romania,ROU,2010,73.9959
Romania,ROU,2011,74.4314
Romania,ROU,2012,74.3908
Romania,ROU,2013,74.9756
Romania,ROU,2014,74.9279
Romania,ROU,2015,74.7901
Romania,ROU,2016,75.2458
Romania,ROU,2017,75.9519
Romania,ROU,2018,76.1546
Romania,ROU,2019,76.5079
Russian Federation,RUS,2000,65.2711
Russian Federation,RUS,2001,65.4166
Russian Federation,RUS,2002,65.1401
Russian Federation,RUS,2003,65.264
Russian Federation,RUS,2004,65.904
Russian Federation,RUS,2005,66.0746
Russian Federation,RUS,2006,67.2791
Russian Federation,RUS,2007,68.1535
Russian Federation,RUS,2008,68.4943
Russian Federation,RUS,2009,69.2116
Russian Federation,RUS,2010,69.386
Russian Federation,RUS,2011,70.3981
Russian Federation,RUS,2012,70.7695
Russian Federation,RUS,2013,71.3025
Russian Federation,RUS,2014,71.5664
Russian Federation,RUS,2015,72.1006
Russian Federation,RUS,2016,72.6609
Russian Federation,RUS,2017,73.3743
Russian Federation,RUS,2018,73.5306
Russian Federation,RUS,2019,73.9332
Rwanda,RWA,2000,47.1292
Rwanda,RWA,2001,49.0206
Rwanda,RWA,2002,51.0322
Rwanda,RWA,2003,53.3678
Rwanda,RWA,2004,55.4912
Rwanda,RWA,2005,57.316
Rwanda,RWA,2006,58.7137
Rwanda,RWA,2007,59.9653
Rwanda,RWA,2008,61.1342
Rwanda,RWA,2009,61.9578
Rwanda,RWA,2010,62.5397
Rwanda,RWA,2011,63.2615
Rwanda,RWA,2012,64.0094
Rwanda,RWA,2013,64.4257
Rwanda,RWA,2014,64.9401
Rwanda,RWA,2015,65.2977
Rwanda,RWA,2016,65.7373
Rwanda,RWA,2017,65.9409
Rwanda,RWA,2018,66.2505
Rwanda,RWA,2019,66.437
Serbia,SRB,2000,71.4392
Serbia,SRB,2001,72.3072
Serbia,SRB,2002,72.2585
Serbia,SRB,2003,72.4425
Serbia,SRB,2004,72.6165
Serbia,SRB,2005,72.7092
Serbia,SRB,2006,73.3551
Serbia,SRB,2007,73.6228
Serbia,SRB,2008,73.9388
Serbia,SRB,2009,74.0376
Serbia,SRB,2010,74.3753
Serbia,SRB,2011,74.7717
Serbia,SRB,2012,75.1062
Serbia,SRB,2013,75.605
Serbia,SRB,2014,75.7234
Serbia,SRB,2015,75.8172
Serbia,SRB,2016,76.2609
Serbia,SRB,2017,76.213
Serbia,SRB,2018,76.5115
Serbia,SRB,2019,76.704
Sierra Leone,SLE,2000,45.0503
Sierra Leone,SLE,2001,45.6607
Sierra Leone,SLE,2002,46.3586
Sierra Leone,SLE,2003,46.9628
Sierra Leone,SLE,2004,47.5771
Sierra Leone,SLE,2005,48.2373
Sierra Leone,SLE,2006,49.323
Sierra Leone,SLE,2007,50.3654
Sierra Leone,SLE,2008,51.5259
Sierra Leone,SLE,2009,52.6256
Sierra Leone,SLE,2010,53.6932
Sierra Leone,SLE,2011,54.6198
Sierra Leone,SLE,2012,55.451
Sierra Leone,SLE,2013,56.3132
Sierra Leone,SLE,2014,56.3933
Sierra Leone,SLE,2015,57.189
Sierra Leone,SLE,2016,58.4045
Sierra Leone,SLE,2017,58.6517
Sierra Leone,SLE,2018,59.7959
Sierra Leone,SLE,2019,60.2549
Slovakia,SVK,2000,73.1407
Slovakia,SVK,2001,73.5726
Slovakia,SVK,2002,73.7669
Slovakia,SVK,2003,73.82
Slovakia,SVK,2004,74.2186
Slovakia,SVK,2005,74.1572
Slovakia,SVK,2006,74.4167
Slovakia,SVK,2007,74.4951
Slovakia,SVK,2008,74.8642
Slovakia,SVK,2009,75.217
Slovakia,SVK,2010,75.495
Slovakia,SVK,2011,76.0166
Slovakia,SVK,2012,76.1746
Slovakia,SVK,2013,76.5121
Slovakia,SVK,2014,76.847
Slovakia,SVK,2015,76.6493
Slovakia,SVK,2016,77.2146
Slovakia,SVK,2017,77.219
Slovakia,SVK,2018,77.264
Slovakia,SVK,2019,77.6851
Slovenia,SVN,2000,76.1957
Slovenia,SVN,2001,76.5433
Slovenia,SVN,2002,76.7904
Slovenia,SVN,2003,76.6721
Slovenia,SVN,2004,77.4848
Slovenia,SVN,2005,77.7151
Slovenia,SVN,2006,78.4191
Slovenia,SVN,2007,78.5936
Slovenia,SVN,2008,79.1346
Slovenia,SVN,2009,79.2704
Slovenia,SVN,2010,79.7039
Slovenia,SVN,2011,79.9905
Slovenia,SVN,2012,80.1284
Slovenia,SVN,2013,80.336
Slovenia,SVN,2014,80.9406
Slovenia,SVN,2015,80.8218
Slovenia,SVN,2016,81.1577
Slovenia,SVN,2017,81.0714
Slovenia,SVN,2018,81.3581
Slovenia,SVN,2019,81.6042
South Africa,ZAF,2000,58.4704
South Africa,ZAF,2001,57.2614
South Africa,ZAF,2002,55.6662
South Africa,ZAF,2003,54.3308
South Africa,ZAF,2004,54.043
South Africa,ZAF,2005,53.9797
South Africa,ZAF,2006,54.2775
South Africa,ZAF,2007,54.9922
South Africa,ZAF,2008,56.0222
South Africa,ZAF,2009,57.4474
South Africa,ZAF,2010,58.8987
South Africa,ZAF,2011,60.6507
South Africa,ZAF,2012,61.8457
South Africa,ZAF,2013,62.5331
South Africa,ZAF,2014,63.3796
South Africa,ZAF,2015,63.9499
South Africa,ZAF,2016,64.7469
South Africa,ZAF,2017,65.402
South Africa,ZAF,2018,65.6743
South Africa,ZAF,2019,66.175
"Korea, Republic of",KOR,2000,76.4661
"Korea, Republic of",KOR,2001,77.2697
"Korea, Republic of",KOR,2002,77.5435
"Korea, Republic of",KOR,2003,77.5473
"Korea, Republic of",KOR,2004,78.006
"Korea, Republic of",KOR,2005,78.5192
"Korea, Republic of",KOR,2006,79.0754
"Korea, Republic of",KOR,2007,79.48
"Korea, Republic of",KOR,2008,80.0441
"Korea, Republic of",KOR,2009,80.5759
"Korea, Republic of",KOR,2010,80.763
"Korea, Republic of",KOR,2011,81.2098
"Korea, Republic of",KOR,2012,81.3473
"Korea, Republic of",KOR,2013,81.8637
"Korea, Republic of",KOR,2014,82.3781
"Korea, Republic of",KOR,2015,82.5605
"Korea, Republic of",KOR,2016,82.9259
"Korea, Republic of",KOR,2017,83.2855
"Korea, Republic of",KOR,2018,83.3427
"Korea, Republic of",KOR,2019,83.6557
Spain,ESP,2000,79.4172
Spain,ESP,2001,79.7444
Spain,ESP,2002,79.8238
Spain,ESP,2003,79.7548
Spain,ESP,2004,80.3362
Spain,ESP,2005,80.3283
Spain,ESP,2006,80.9725
Spain,ESP,2007,80.9803
Spain,ESP,2008,81.2902
Spain,ESP,2009,81.6408
Spain,ESP,2010,82.0214
Spain,ESP,2011,82.1974
Spain,ESP,2012,82.2112
Spain,ESP,2013,82.7199
Spain,ESP,2014,82.858
Spain,ESP,2015,82.6464
Spain,ESP,2016,83.0411
Spain,ESP,2017,83.0295
Spain,ESP,2018,83.1436
Spain,ESP,2019,83.5321
Sri Lanka,LKA,2000,70.355
Sri Lanka,LKA,2001,70.7866
Sri Lanka,LKA,2002,71.1165
Sri Lanka,LKA,2003,71.3726
Sri Lanka,LKA,2004,67.0914
Sri Lanka,LKA,2005,72.1182
Sri Lanka,LKA,2006,71.9693
Sri Lanka,LKA,2007,72.0488
Sri Lanka,LKA,2008,71.7288
Sri Lanka,LKA,2009,69.1873
Sri Lanka,LKA,2010,73.215
Sri Lanka,LKA,2011,73.38
Sri Lanka,LKA,2012,73.9058
Sri Lanka,LKA,2013,74.2388
Sri Lanka,LKA,2014,74.6508
Sri Lanka,LKA,2015,74.9275
Sri Lanka,LKA,2016,75.3314
Sri Lanka,LKA,2017,75.4035
Sri Lanka,LKA,2018,75.748
Sri Lanka,LKA,2019,76.0084
Sweden,SWE,2000,79.7382
Sweden,SWE,2001,79.8359
Sweden,SWE,2002,79.9347
Sweden,SWE,2003,80.195
Sweden,SWE,2004,80.5462
Sweden,SWE,2005,80.621
Sweden,SWE,2006,80.8317
Sweden,SWE,2007,80.9697
Sweden,SWE,2008,81.1371
Sweden,SWE,2009,81.3631
Sweden,SWE,2010,81.5187
Sweden,SWE,2011,81.7581
Sweden,SWE,2012,81.7296
Sweden,SWE,2013,81.9348
Sweden,SWE,2014,82.2233
Sweden,SWE,2015,82.1834
Sweden,SWE,2016,82.3391
Sweden,SWE,2017,82.4382
Sweden,SWE,2018,82.5326
Sweden,SWE,2019,83.0524
Switzerland,CHE,2000,79.8335
Switzerland,CHE,2001,80.2507
Switzerland,CHE,2002,80.4431
Switzerland,CHE,2003,80.532
Switzerland,CHE,2004,81.0534
Switzerland,CHE,2005,81.2338
Switzerland,CHE,2006,81.5464
Switzerland,CHE,2007,81.6988
Switzerland,CHE,2008,81.9664
Switzerland,CHE,2009,81.985
Switzerland,CHE,2010,82.2831
Switzerland,CHE,2011,82.5707
Switzerland,CHE,2012,82.6158
Switzerland,CHE,2013,82.6903
Switzerland,CHE,2014,83.0849
Switzerland,CHE,2015,82.8468
Switzerland,CHE,2016,83.4452
Switzerland,CHE,2017,83.4125
Switzerland,CHE,2018,83.5615
Switzerland,CHE,2019,83.7802
Syrian Arab Republic,SYR,2000,70.7639
Syrian Arab Republic,SYR,2001,71.6439
Syrian Arab Republic,SYR,2002,71.9394
Syrian Arab Republic,SYR,2003,72.4137
Syrian Arab Republic,SYR,2004,72.4747
Syrian Arab Republic,SYR,2005,72.7685
Syrian Arab Republic,SYR,2006,73.3495
Syrian Arab Republic,SYR,2007,73.7088
Syrian Arab Republic,SYR,2008,73.5508
Syrian Arab Republic,SYR,2009,73.8527
Syrian Arab Republic,SYR,2010,73.8808
Syrian Arab Republic,SYR,2011,73.3053
Syrian Arab Republic,SYR,2012,66.7687
Syrian Arab Republic,SYR,2013,63.8265
Syrian Arab Republic,SYR,2014,63.1529
Syrian Arab Republic,SYR,2015,65.1239
Syrian Arab Republic,SYR,2016,65.9933
Syrian Arab Republic,SYR,2017,68.4811
Syrian Arab Republic,SYR,2018,70.145
Syrian Arab Republic,SYR,2019,71.8224
Tajikistan,TJK,2000,63.2596
Tajikistan,TJK,2001,64.0569
Tajikistan,TJK,2002,64.8464
Tajikistan,TJK,2003,65.5521
Tajikistan,TJK,2004,66.0284
Tajikistan,TJK,2005,66.5143
Tajikistan,TJK,2006,67.0127
Tajikistan,TJK,2007,67.2169
Tajikistan,TJK,2008,67.6884
Tajikistan,TJK,2009,68.0386
Tajikistan,TJK,2010,67.742
Tajikistan,TJK,2011,68.1485
Tajikistan,TJK,2012,68.4841
Tajikistan,TJK,2013,68.8848
Tajikistan,TJK,2014,69.0693
Tajikistan,TJK,2015,69.3059
Tajikistan,TJK,2016,69.5493
Tajikistan,TJK,2017,69.9047
Tajikistan,TJK,2018,70.3532
Tajikistan,TJK,2019,70.8674
"Tanzania, United Republic of",TZA,2000,52.3623
"Tanzania, United Republic of",TZA,2001,53.161
"Tanzania, United Republic of",TZA,2002,53.8634
"Tanzania, United Republic of",TZA,2003,54.8949
"Tanzania, United Republic of",TZA,2004,55.5963
"Tanzania, United Republic of",TZA,2005,56.2991
"Tanzania, United Republic of",TZA,2006,56.9111
"Tanzania, United Republic of",TZA,2007,57.52
"Tanzania, United Republic of",TZA,2008,58.0861
"Tanzania, United Republic of",TZA,2009,58.8937
"Tanzania, United Republic of",TZA,2010,60.1048
"Tanzania, United Republic of",TZA,2011,61.0492
"Tanzania, United Republic of",TZA,2012,62.0303
"Tanzania, United Republic of",TZA,2013,62.9603
"Tanzania, United Republic of",TZA,2014,63.8733
"Tanzania, United Republic of",TZA,2015,64.6507
"Tanzania, United Republic of",TZA,2016,65.3862
"Tanzania, United Republic of",TZA,2017,65.9987
"Tanzania, United Republic of",TZA,2018,66.5346
"Tanzania, United Republic of",TZA,2019,66.9885
Thailand,THA,2000,72.3156
Thailand,THA,2001,72.6127
Thailand,THA,2002,72.9296
Thailand,THA,2003,73.1546
Thailand,THA,2004,73.0797
Thailand,THA,2005,73.8202
Thailand,THA,2006,74.9381
Thailand,THA,2007,75.1872
Thailand,THA,2008,75.4916
Thailand,THA,2009,75.8416
Thailand,THA,2010,76.1313
Thailand,THA,2011,76.4212
Thailand,THA,2012,76.7721
Thailand,THA,2013,77.0827
Thailand,THA,2014,77.4153
Thailand,THA,2015,77.7166
Thailand,THA,2016,78.0489
Thailand,THA,2017,78.3939
Thailand,THA,2018,78.6622
Thailand,THA,2019,78.9751
Trinidad and Tobago,TTO,2000,69.1022
Trinidad and Tobago,TTO,2001,69.6462
Trinidad and Tobago,TTO,2002,70.4878
Trinidad and Tobago,TTO,2003,69.729
Trinidad and Tobago,TTO,2004,71.0756
Trinidad and Tobago,TTO,2005,71.3077
Trinidad and Tobago,TTO,2006,71.256
Trinidad and Tobago,TTO,2007,71.6523
Trinidad and Tobago,TTO,2008,71.4697
Trinidad and Tobago,TTO,2009,73.126
Trinidad and Tobago,TTO,2010,72.7254
Trinidad and Tobago,TTO,2011,73.2779
Trinidad and Tobago,TTO,2012,73.7159
Trinidad and Tobago,TTO,2013,73.9623
Trinidad and Tobago,TTO,2014,74.2152
Trinidad and Tobago,TTO,2015,74.5032
Trinidad and Tobago,TTO,2016,74.281
Trinidad and Tobago,TTO,2017,74.2301
Trinidad and Tobago,TTO,2018,73.8018
Trinidad and Tobago,TTO,2019,74.2279
Tunisia,TUN,2000,73.6901
Tunisia,TUN,2001,73.8156
Tunisia,TUN,2002,74.0595
Tunisia,TUN,2003,74.3054
Tunisia,TUN,2004,74.4902
Tunisia,TUN,2005,74.7642
Tunisia,TUN,2006,74.9215
Tunisia,TUN,2007,75.072
Tunisia,TUN,2008,75.1846
Tunisia,TUN,2009,75.2667
Tunisia,TUN,2010,75.4206
Tunisia,TUN,2011,75.4595
Tunisia,TUN,2012,75.5498
Tunisia,TUN,2013,75.6502
Tunisia,TUN,2014,75.6497
Tunisia,TUN,2015,75.6919
Tunisia,TUN,2016,75.7861
Tunisia,TUN,2017,75.8448
Tunisia,TUN,2018,75.9501
Tunisia,TUN,2019,75.9933
Türkiye,TUR,2000,71.8613
Türkiye,TUR,2001,72.2305
Türkiye,TUR,2002,72.5785
Türkiye,TUR,2003,72.8899
Türkiye,TUR,2004,73.24
Türkiye,TUR,2005,73.5341
Türkiye,TUR,2006,73.8448
Türkiye,TUR,2007,74.1927
Türkiye,TUR,2008,74.4501
Türkiye,TUR,2009,74.7653
Türkiye,TUR,2010,75.0693
Türkiye,TUR,2011,74.9406
Türkiye,TUR,2012,75.678
Türkiye,TUR,2013,76.2968
Türkiye,TUR,2014,76.5648
Türkiye,TUR,2015,76.646
Türkiye,TUR,2016,76.6605
Türkiye,TUR,2017,77.1408
Türkiye,TUR,2018,77.5631
Türkiye,TUR,2019,77.8318
Turkmenistan,TKM,2000,65.0258
Turkmenistan,TKM,2001,65.1555
Turkmenistan,TKM,2002,65.3846
Turkmenistan,TKM,2003,65.7459
Turkmenistan,TKM,2004,66.0747
Turkmenistan,TKM,2005,66.0683
Turkmenistan,TKM,2006,66.4989
Turkmenistan,TKM,2007,66.8948
Turkmenistan,TKM,2008,67.407
Turkmenistan,TKM,2009,67.9583
Turkmenistan,TKM,2010,68.2933
Turkmenistan,TKM,2011,68.567
Turkmenistan,TKM,2012,68.7225
Turkmenistan,TKM,2013,68.7401
Turkmenistan,TKM,2014,68.6135
Turkmenistan,TKM,2015,68.7816
Turkmenistan,TKM,2016,68.7774
Turkmenistan,TKM,2017,68.9158
Turkmenistan,TKM,2018,68.7963
Turkmenistan,TKM,2019,69.0016
Uganda,UGA,2000,48.3415
Uganda,UGA,2001,49.0061
Uganda,UGA,2002,49.6476
Uganda,UGA,2003,50.3682
Uganda,UGA,2004,51.5469
Uganda,UGA,2005,52.9756
Uganda,UGA,2006,54.3688
Uganda,UGA,2007,55.2365
Uganda,UGA,2008,55.823
Uganda,UGA,2009,56.4881
Uganda,UGA,2010,57.0547
Uganda,UGA,2011,57.9651
Uganda,UGA,2012,58.8166
Uganda,UGA,2013,59.7628
Uganda,UGA,2014,60.4081
Uganda,UGA,2015,61.0856
Uganda,UGA,2016,61.6479
Uganda,UGA,2017,62.115
Uganda,UGA,2018,62.7139
Uganda,UGA,2019,62.9913
Ukraine,UKR,2000,67.8555
Ukraine,UKR,2001,68.1814
Ukraine,UKR,2002,68.1732
Ukraine,UKR,2003,68.2087
Ukraine,UKR,2004,68.4016
Ukraine,UKR,2005,68.1506
Ukraine,UKR,2006,68.7406
Ukraine,UKR,2007,68.7657
Ukraine,UKR,2008,69.1168
Ukraine,UKR,2009,70.2472
Ukraine,UKR,2010,70.6207
Ukraine,UKR,2011,71.3872
Ukraine,UKR,2012,71.6273
Ukraine,UKR,2013,71.8617
Ukraine,UKR,2014,72.5905
Ukraine,UKR,2015,73.4581
Ukraine,UKR,2016,74.3121
Ukraine,UKR,2017,74.7181
Ukraine,UKR,2018,74.4122
Ukraine,UKR,2019,74.5364
United Arab Emirates,ARE,2000,74.38
United Arab Emirates,ARE,2001,74.6356
United Arab Emirates,ARE,2002,74.901
United Arab Emirates,ARE,2003,76.2223
United Arab Emirates,ARE,2004,76.4532
United Arab Emirates,ARE,2005,76.6825
United Arab Emirates,ARE,2006,76.9087
United Arab Emirates,ARE,2007,77.1289
United Arab Emirates,ARE,2008,77.4877
United Arab Emirates,ARE,2009,78.003
United Arab Emirates,ARE,2010,78.3335
United Arab Emirates,ARE,2011,78.5168
United Arab Emirates,ARE,2012,78.7155
United Arab Emirates,ARE,2013,78.8528
United Arab Emirates,ARE,2014,79.0442
United Arab Emirates,ARE,2015,79.2232
United Arab Emirates,ARE,2016,79.3347
United Arab Emirates,ARE,2017,79.5036
United Arab Emirates,ARE,2018,79.6274
United Arab Emirates,ARE,2019,79.7262
United Kingdom,GBR,2000,77.8525
United Kingdom,GBR,2001,78.1239
United Kingdom,GBR,2002,78.2411
United Kingdom,GBR,2003,78.334
United Kingdom,GBR,2004,78.9045
United Kingdom,GBR,2005,79.1116
United Kingdom,GBR,2006,79.355
United Kingdom,GBR,2007,79.5424
United Kingdom,GBR,2008,79.6652
United Kingdom,GBR,2009,80.1668
United Kingdom,GBR,2010,80.4008
United Kingdom,GBR,2011,80.8046
United Kingdom,GBR,2012,80.8659
United Kingdom,GBR,2013,80.9291
United Kingdom,GBR,2014,81.1602
United Kingdom,GBR,2015,80.9238
United Kingdom,GBR,2016,81.0747
United Kingdom,GBR,2017,81.1684
United Kingdom,GBR,2018,81.1254
United Kingdom,GBR,2019,81.725
United States,USA,2000,76.8114
United States,USA,2001,76.9285
United States,USA,2002,77.0005
United States,USA,2003,77.1536
United States,USA,2004,77.5581
United States,USA,2005,77.5573
United States,USA,2006,77.8386
United States,USA,2007,78.1004
United States,USA,2008,78.1958
United States,USA,2009,78.564
United States,USA,2010,78.7724
United States,USA,2011,78.82
United States,USA,2012,78.9441
United States,USA,2013,78.9507
United States,USA,2014,79.0175
United States,USA,2015,78.8694
United States,USA,2016,78.8482
United States,USA,2017,78.8213
United States,USA,2018,78.9896
United States,USA,2019,79.138
Uruguay,URY,2000,75.0247
Uruguay,URY,2001,75.2851
Uruguay,URY,2002,75.5399
Uruguay,URY,2003,75.7851
Uruguay,URY,2004,76.0069
Uruguay,URY,2005,76.1935
Uruguay,URY,2006,76.3615
Uruguay,URY,2007,76.4981
Uruguay,URY,2008,76.623
Uruguay,URY,2009,76.7384
Uruguay,URY,2010,76.858
Uruguay,URY,2011,76.9833
Uruguay,URY,2012,77.111
Uruguay,URY,2013,77.24
Uruguay,URY,2014,77.3663
Uruguay,URY,2015,77.4827
Uruguay,URY,2016,77.5707
Uruguay,URY,2017,77.6247
Uruguay,URY,2018,77.611
Uruguay,URY,2019,77.5085
Uzbekistan,UZB,2000,65.7235
Uzbekistan,UZB,2001,66.087
Uzbekistan,UZB,2002,66.6037
Uzbekistan,UZB,2003,67.0397
Uzbekistan,UZB,2004,67.4012
Uzbekistan,UZB,2005,67.4901
Uzbekistan,UZB,2006,67.891
Uzbekistan,UZB,2007,68.2918
Uzbekistan,UZB,2008,68.7646
Uzbekistan,UZB,2009,68.8705
Uzbekistan,UZB,2010,69.2354
Uzbekistan,UZB,2011,69.6487
Uzbekistan,UZB,2012,69.8742
Uzbekistan,UZB,2013,69.9895
Uzbekistan,UZB,2014,70.2343
Uzbekistan,UZB,2015,70.4753
Uzbekistan,UZB,2016,70.7548
Uzbekistan,UZB,2017,71.0095
Uzbekistan,UZB,2018,71.1494
Uzbekistan,UZB,2019,71.3441
"Venezuela, Bolivarian Republic of",VEN,2000,72.4775
"Venezuela, Bolivarian Republic of",VEN,2001,71.2015
"Venezuela, Bolivarian Republic of",VEN,2002,72.6618
"Venezuela, Bolivarian Republic of",VEN,2003,71.9402
"Venezuela, Bolivarian Republic of",VEN,2004,72.514
"Venezuela, Bolivarian Republic of",VEN,2005,72.7825
"Venezuela, Bolivarian Republic of",VEN,2006,72.7418
"Venezuela, Bolivarian Republic of",VEN,2007,73.0583
"Venezuela, Bolivarian Republic of",VEN,2008,72.436
"Venezuela, Bolivarian Republic of",VEN,2009,72.5788
"Venezuela, Bolivarian Republic of",VEN,2010,72.8901
"Venezuela, Bolivarian Republic of",VEN,2011,72.913
"Venezuela, Bolivarian Republic of",VEN,2012,73.0364
"Venezuela, Bolivarian Republic of",VEN,2013,73.1962
"Venezuela, Bolivarian Republic of",VEN,2014,72.8533
"Venezuela, Bolivarian Republic of",VEN,2015,73.0064
"Venezuela, Bolivarian Republic of",VEN,2016,72.0578
"Venezuela, Bolivarian Republic of",VEN,2017,71.943
"Venezuela, Bolivarian Republic of",VEN,2018,71.9788
"Venezuela, Bolivarian Republic of",VEN,2019,72.1614
Viet Nam,VNM,2000,72.462
Viet Nam,VNM,2001,72.6472
Viet Nam,VNM,2002,72.8009
Viet Nam,VNM,2003,72.9803
Viet Nam,VNM,2004,73.135
Viet Nam,VNM,2005,73.2714
Viet Nam,VNM,2006,73.3194
Viet Nam,VNM,2007,73.4361
Viet Nam,VNM,2008,73.411
Viet Nam,VNM,2009,73.4982
Viet Nam,VNM,2010,73.5126
Viet Nam,VNM,2011,73.6921
Viet Nam,VNM,2012,73.7044
Viet Nam,VNM,2013,73.7755
Viet Nam,VNM,2014,73.8545
Viet Nam,VNM,2015,73.8763
Viet Nam,VNM,2016,73.9382
Viet Nam,VNM,2017,73.9632
Viet Nam,VNM,2018,73.9757
Viet Nam,VNM,2019,74.0929
Yemen,YEM,2000,62.588
Yemen,YEM,2001,63.2222
Yemen,YEM,2002,63.9062
Yemen,YEM,2003,64.5411
Yemen,YEM,2004,65.0059
Yemen,YEM,2005,65.543
Yemen,YEM,2006,65.9877
Yemen,YEM,2007,66.5653
Yemen,YEM,2008,66.9629
Yemen,YEM,2009,67.1964
Yemen,YEM,2010,67.28
Yemen,YEM,2011,67.4194
Yemen,YEM,2012,67.3429
Yemen,YEM,2013,67.5451
Yemen,YEM,2014,67.3842
Yemen,YEM,2015,65.8734
Yemen,YEM,2016,66.0641
Yemen,YEM,2017,65.9573
Yemen,YEM,2018,64.5751
Yemen,YEM,2019,65.0917
Zambia,ZMB,2000,45.2312
Zambia,ZMB,2001,46.0188
Zambia,ZMB,2002,46.9791
Zambia,ZMB,2003,48.284
Zambia,ZMB,2004,49.4873
Zambia,ZMB,2005,50.6591
Zambia,ZMB,2006,51.7955
Zambia,ZMB,2007,52.7389
Zambia,ZMB,2008,53.9449
Zambia,ZMB,2009,55.3004
Zambia,ZMB,2010,56.7991
Zambia,ZMB,2011,57.7708
Zambia,ZMB,2012,58.8672
Zambia,ZMB,2013,59.8777
Zambia,ZMB,2014,60.699
Zambia,ZMB,2015,61.2078
Zambia,ZMB,2016,61.7937
Zambia,ZMB,2017,62.1201
Zambia,ZMB,2018,62.3422
Zambia,ZMB,2019,62.7926
Zimbabwe,ZWE,2000,44.6864
Zimbabwe,ZWE,2001,41.9572
Zimbabwe,ZWE,2002,44.5654
Zimbabwe,ZWE,2003,43.3926
Zimbabwe,ZWE,2004,44.5023
Zimbabwe,ZWE,2005,44.7677
Zimbabwe,ZWE,2006,45.3635
Zimbabwe,ZWE,2007,45.6102
Zimbabwe,ZWE,2008,46.7232
Zimbabwe,ZWE,2009,48.0625
Zimbabwe,ZWE,2010,50.6523
Zimbabwe,ZWE,2011,53.347
Zimbabwe,ZWE,2012,55.6263
Zimbabwe,ZWE,2013,57.4577
Zimbabwe,ZWE,2014,58.846
Zimbabwe,ZWE,2015,59.5911
Zimbabwe,ZWE,2016,60.3059
Zimbabwe,ZWE,2017,60.7095
Zimbabwe,ZWE,2018,61.4141
Zimbabwe,ZWE,2019,61.2925
