Year,Entity,Share below $2.15 a day,Number below $2.15 a day,palma_ratio,gini
2002,Albania,1.0926474,33337,1.2150564,0.3173898
2005,Albania,0.5910857,17800,1.1427183,0.30595654
2008,Albania,0.19992515,5892,1.1146566,0.2998467
2012,Albania,0.6206909,18003,1.0411927,0.28960484
2014,Albania,1.0231007,29558,1.3762153,0.34598896
2015,Albania,0.120621055,3475,1.2485063,0.32753733
2016,Albania,0.13930316,4006,1.3069715,0.33736297
2017,Albania,0.39256993,11280,1.2598372,0.33055663
2018,Albania,0.04810705,1379,1.0838289,0.30148283
2019,Albania,0.0,0,1.100914,0.30115768
2011,Algeria,0.45546755,166444,0.99291563,0.27615732
2000,Angola,21.408848,3509780,3.6532643,0.5195689
2008,Angola,14.632487,3174009,2.1471257,0.42715514
2018,Angola,31.122005,9732950,3.465666,0.5127211
2001,Armenia,13.9747505,437848,1.4838349,0.3536436
2002,Armenia,9.966604,309467,1.4441952,0.34779674
2003,Armenia,7.5395174,232526,1.3355553,0.33028087
2004,Armenia,5.317806,163030,1.6627996,0.37505633
2005,Armenia,2.6295705,80129,1.5489758,0.35992354
2006,Armenia,1.9985934,60487,1.1076194,0.29709986
2007,Armenia,1.5362027,46154,1.1846744,0.31226057
2008,Armenia,0.8796942,26245,1.0675352,0.2918814
2009,Armenia,1.2476557,36984,1.0019711,0.2801588
2010,Armenia,0.9514653,28033,1.1300746,0.29992583
2011,Armenia,1.1850709,34710,1.0775794,0.29352945
2012,Armenia,0.8322223,24254,1.10675,0.29602262
2013,Armenia,1.7382652,50434,1.1477672,0.30579662
2014,Armenia,1.4391431,41590,1.2195029,0.3148329
2015,Armenia,1.1463602,32999,1.286211,0.32356772
2016,Armenia,1.1079466,31752,1.2662035,0.32547948
2017,Armenia,0.7856546,22406,1.3677049,0.3362184
2018,Armenia,1.339821,38005,1.4349346,0.344335
2019,Armenia,1.0300698,29054,1.1406493,0.30031213
2001,Australia,0.7474116,144061,1.2841069,0.33464798
2003,Australia,0.9973307,196681,1.286293,0.33500516
2004,Australia,0.7125372,142028,1.2707465,0.3305741
2008,Australia,0.36123243,76759,1.4556009,0.3542851
2010,Australia,0.34916842,76928,1.3857151,0.34656727
2014,Australia,0.4984838,117022,1.3759246,0.34399432
2016,Australia,0.49874178,120650,1.3159124,0.3368581
2018,Australia,0.49709398,124108,1.3693596,0.34333763
2000,Austria,0.0,0,1.0400411,0.28964692
2003,Austria,0.33220324,26980,1.0710937,0.29466078
2004,Austria,0.08165289,6673,1.0942217,0.2978899
2005,Austria,0.1536901,12645,1.0292728,0.28715435
2006,Austria,0.090110004,7451,1.0812539,0.29587582
2007,Austria,0.37229174,30883,1.1289062,0.30579996
2008,Austria,0.47116703,39208,1.1324798,0.30437386
2009,Austria,0.6562347,54752,1.1924477,0.31496233
2010,Austria,0.49070254,41039,1.10904,0.30252263
2011,Austria,0.41540423,34859,1.1333177,0.3080167
2012,Austria,0.6169174,52006,1.1121352,0.30476317
2013,Austria,0.33799785,28662,1.1464553,0.30753133
2014,Austria,0.22426021,19166,1.1356505,0.30535683
2015,Austria,0.677193,58528,1.1316746,0.30532774
2016,Austria,0.6640636,58017,1.1404171,0.30797073
2017,Austria,0.3180896,27984,1.0777779,0.29737586
2018,Austria,0.56835836,50246,1.1461102,0.3084879
2019,Austria,0.6406389,56888,1.0965174,0.30211553
2001,Azerbaijan,6.1576586,499460,1.5561032,0.36454937
2002,Azerbaijan,0.07950147,6497,0.91745806,0.25277665
2003,Azerbaijan,0.050580967,4165,0.97821015,0.2683288
2004,Azerbaijan,0.0,0,0.9860875,0.26621592
2005,Azerbaijan,0.0,0,0.9796185,0.26554906
2000,Bangladesh,33.321335,43048939,1.3423593,0.33406532
2005,Bangladesh,23.96659,33771944,1.336674,0.33201292
2010,Bangladesh,18.223856,27042588,1.2630436,0.3213032
2016,Bangladesh,13.468303,21520269,1.273082,0.32385272
2000,Belarus,13.642426,1361461,1.159456,0.31167483
2001,Belarus,6.624224,657689,1.1312459,0.30576724
2002,Belarus,4.394347,433526,1.1228567,0.30336243
2003,Belarus,3.5103552,343901,1.0254792,0.28821012
2004,Belarus,1.3008308,126573,0.9146619,0.26479885
2005,Belarus,0.89088666,86095,0.9616764,0.2755341
2006,Belarus,0.39857948,38283,1.0044397,0.28275442
2007,Belarus,0.21858977,20899,1.080875,0.2961238
2008,Belarus,0.16652432,15866,0.9865741,0.27826044
2009,Belarus,0.13817227,13133,0.98597234,0.27689305
2010,Belarus,0.033942714,3219,1.0276477,0.285666
2011,Belarus,0.0065759616,622,0.94974005,0.2715255
2012,Belarus,0.01205592,1139,0.9285474,0.26526198
2013,Belarus,0.0,0,0.9355052,0.26575053
2014,Belarus,0.0,0,0.968506,0.27176666
2015,Belarus,0.0,0,0.8847625,0.25633225
2016,Belarus,0.0,0,0.87448204,0.25306615
2017,Belarus,0.0,0,0.8806507,0.2544457
2018,Belarus,0.0,0,0.87545025,0.25240526
2019,Belarus,0.0,0,0.8757605,0.25277847
2000,Belgium,0.305506,31318,1.3327157,0.3313756
2003,Belgium,0.29441932,30549,0.9899948,0.28143948
2004,Belgium,0.052021958,5421,1.1504588,0.30541503
2005,Belgium,0.19307023,20231,1.0706635,0.2933733
2006,Belgium,0.16894151,17820,0.9912459,0.28054497
2007,Belgium,0.15145147,16093,1.0598493,0.29237974
2008,Belgium,0.11841667,12682,1.007924,0.2837401
2009,Belgium,0.107580915,11615,1.0138566,0.2855135
2010,Belgium,0.13711528,14940,1.010813,0.2837519
2011,Belgium,0.16826819,18574,0.99258375,0.28060696
2012,Belgium,0.15657145,17390,0.9604883,0.27491096
2013,Belgium,0.14450805,16126,0.96473783,0.276692
2014,Belgium,0.07649596,8574,0.9965853,0.28134146
2015,Belgium,0.07075855,7977,0.9814912,0.27729464
2016,Belgium,0.059816156,6778,0.97288454,0.27580982
2017,Belgium,0.14786859,16820,0.9585208,0.27387968
2018,Belgium,0.0811136,9269,0.9585582,0.27214414
2019,Belgium,0.07855247,9025,0.9592784,0.27219802
2003,Bhutan,13.3622055,84800,1.952503,0.40898
2007,Bhutan,5.853421,39898,1.6826245,0.3809077
2012,Bhutan,1.7303301,12478,1.7560287,0.38809326
2017,Bhutan,0.94576234,7151,1.5993699,0.3744141
2000,"Bolivia, Plurinational State of",24.247425,2083498,7.540501,0.61639917
2001,"Bolivia, Plurinational State of",19.031044,1664471,5.2873163,0.57398796
2002,"Bolivia, Plurinational State of",19.68643,1752207,6.0195765,0.5931104
2004,"Bolivia, Plurinational State of",10.216771,941606,4.277196,0.5500987
2005,"Bolivia, Plurinational State of",15.606612,1463493,5.591226,0.58527935
2006,"Bolivia, Plurinational State of",12.494706,1192328,4.9922576,0.5666768
2007,"Bolivia, Plurinational State of",9.466773,919333,4.3125663,0.5453707
2008,"Bolivia, Plurinational State of",8.344567,824493,3.4523365,0.5081608
2009,"Bolivia, Plurinational State of",8.781656,882672,3.1557207,0.49222964
2011,"Bolivia, Plurinational State of",5.298905,550887,2.5988386,0.46080953
2012,"Bolivia, Plurinational State of",6.4679384,683641,2.7048063,0.46581927
2013,"Bolivia, Plurinational State of",5.173073,555761,2.8533902,0.47589034
2014,"Bolivia, Plurinational State of",4.2758923,466799,2.8641033,0.47830656
2015,"Bolivia, Plurinational State of",4.6299644,513467,2.696265,0.46732494
2016,"Bolivia, Plurinational State of",5.620338,633020,2.48669,0.45244002
2017,"Bolivia, Plurinational State of",4.9333615,564156,2.4046724,0.44618952
2018,"Bolivia, Plurinational State of",3.274886,380113,2.1180975,0.42579758
2019,"Bolivia, Plurinational State of",1.9205352,226187,2.0090604,0.41644758
2002,Botswana,29.139406,523090,7.717085,0.64731306
2009,Botswana,17.686708,362400,5.8151317,0.6045905
2015,Botswana,15.426243,355601,3.788458,0.5332503
2001,Brazil,13.042174,23242704,5.43746,0.58413327
2002,Brazil,11.73864,21185508,5.29953,0.5811364
2003,Brazil,12.605869,23022009,5.1372156,0.5756279
2004,Brazil,11.055812,20422521,4.7705636,0.5647875
2005,Brazil,9.962901,18610434,4.716167,0.563163
2006,Brazil,8.2642355,15604586,4.511604,0.5564732
2007,Brazil,7.870375,15015059,4.357786,0.5492774
2008,Brazil,6.507662,12538463,4.1146283,0.5404328
2009,Brazil,6.120392,11905236,4.031018,0.5368723
2011,Brazil,5.32249,10548393,3.8597693,0.5294759
2012,Brazil,4.493511,8986020,3.957351,0.53439856
2013,Brazil,3.7285519,7521301,3.7884426,0.5268654
2014,Brazil,3.3259485,6766963,3.6369603,0.5203314
2015,Brazil,3.8774729,7956117,3.6253579,0.51930827
2016,Brazil,4.7061925,9735210,3.945212,0.53342843
2017,Brazil,5.269049,10986229,3.9605095,0.5333405
2018,Brazil,5.3017626,11142533,4.0875483,0.53870946
2019,Brazil,5.388581,11412092,4.013316,0.5348577
2001,Bulgaria,2.5740716,206161,1.2541094,0.32682163
2003,Bulgaria,0.93046033,72346,1.0515524,0.28917906
2006,Bulgaria,5.8306923,443192,1.4579617,0.35702574
2007,Bulgaria,0.49950868,37690,0.991508,0.28136343
2008,Bulgaria,1.251184,93746,1.3120832,0.33573127
2009,Bulgaria,1.3057501,97206,1.3292671,0.33823198
2010,Bulgaria,2.0077357,148484,1.4656788,0.35653573
2011,Bulgaria,2.4587572,180678,1.3608403,0.34278607
2012,Bulgaria,2.3094437,168725,1.4919721,0.36013922
2013,Bulgaria,1.7837765,129593,1.5419866,0.36573645
2014,Bulgaria,1.6603086,119940,1.619586,0.37418568
2015,Bulgaria,3.4196482,245462,1.7001939,0.38567346
2016,Bulgaria,1.966491,140168,1.9164058,0.40591064
2017,Bulgaria,1.3717663,97065,1.900863,0.40379047
2018,Bulgaria,0.87046057,61150,1.9797202,0.412841
2019,Bulgaria,0.9236337,64430,1.8775256,0.40271384
2006,Burundi,71.844315,5501974,1.3416942,0.33359864
2013,Burundi,65.13289,6610713,1.7364041,0.3862482
2001,Cameroon,25.694448,3980906,2.0826814,0.42136794
2007,Cameroon,31.42313,5735308,2.157092,0.42820063
2014,Cameroon,25.657516,5721520,2.6999702,0.46640873
2000,Canada,0.24782088,76046,1.3064407,0.33418295
2001,Canada,0.24938154,77360,1.3134352,0.33554783
2002,Canada,0.24230576,75987,1.3099862,0.3356031
2003,Canada,0.23710853,75031,1.3293196,0.33809465
2004,Canada,0.2435585,77794,1.3244038,0.33776483
2005,Canada,0.24498986,78994,1.3163385,0.33621806
2006,Canada,0.24914758,81150,1.3512564,0.3409054
2007,Canada,0.24825242,81648,1.3339026,0.33841008
2008,Canada,0.24546228,81609,1.3388753,0.33930567
2009,Canada,0.24430971,82159,1.3395423,0.33952153
2010,Canada,0.248831,84615,1.3160895,0.33592603
2011,Canada,0.2261454,77657,1.2511332,0.32657078
2012,Canada,0.24652141,85578,1.3066591,0.33539012
2013,Canada,0.49648547,174182,1.3177046,0.3379898
2014,Canada,0.24215806,85815,1.2842745,0.33157605
2015,Canada,0.24590448,87795,1.3207598,0.33746484
2016,Canada,0.24871367,89809,1.2569463,0.32701823
2017,Canada,0.24701066,90271,1.2980224,0.33308205
2018,Canada,0.2499711,92652,1.2392083,0.3250927
2019,Canada,0.24863754,93491,1.1934435,0.31749648
2000,Chile,5.826292,894441,3.7018971,0.5277201
2003,Chile,5.287876,838610,3.4580197,0.51489866
2006,Chile,2.0872688,340946,2.727742,0.47294816
2009,Chile,1.7247627,290337,2.6835334,0.4699122
2011,Chile,0.9312065,159921,2.5509396,0.4604835
2013,Chile,0.53117096,93008,2.5232193,0.45831105
2015,Chile,0.4314343,77098,2.3391712,0.44371328
2017,Chile,0.33757934,62009,2.3533728,0.4444103
2002,China,36.503,467384400,2.0548937,0.41985723
2005,China,22.117523,288350582,1.9407308,0.40900767
2008,China,17.958988,237894636,2.1827688,0.4296504
2010,China,13.902283,185971531,2.2829425,0.43744954
2011,China,10.225214,137532708,2.1167622,0.42409223
2012,China,8.49286,115009453,2.10006,0.42237166
2013,China,2.8830345,39302678,1.8292325,0.397364
2014,China,2.0791492,28523018,1.7749187,0.39177653
2015,China,1.1696801,16139949,1.7231148,0.38595304
2016,China,0.83326894,11564023,1.7120491,0.38480517
2017,China,0.675714,9434420,1.7689055,0.39075777
2018,China,0.42781484,6001216,1.7146186,0.38497642
2019,China,0.14242858,2005031,1.688956,0.38168344
2000,Colombia,17.496916,6861439,5.437551,0.58682895
2001,Colombia,20.995247,8364060,5.0032005,0.5748304
2002,Colombia,14.178107,5735619,4.5028834,0.560189
2003,Colombia,13.005037,5339568,3.910106,0.5358648
2004,Colombia,12.007561,5000941,4.190376,0.54981047
2005,Colombia,10.736817,4533185,3.9628444,0.53913337
2008,Colombia,11.025411,4830818,4.412383,0.55323243
2009,Colombia,9.602201,4255112,4.1270723,0.54296416
2010,Colombia,8.284389,3712740,4.182165,0.54625475
2011,Colombia,6.8281503,3093760,3.9145148,0.53490293
2012,Colombia,6.7151165,3074343,3.7514648,0.5264548
2013,Colombia,6.111701,2825924,3.7470489,0.52632636
2014,Colombia,5.4313827,2535258,3.7227573,0.52551013
2015,Colombia,4.925476,2320871,3.407524,0.5099042
2016,Colombia,4.9135303,2340116,3.323953,0.5057068
2017,Colombia,4.33946,2098201,3.1603005,0.49715486
2018,Colombia,4.4982615,2216606,3.287686,0.50418705
2019,Colombia,5.2847376,2652273,3.4770186,0.5133497
2000,Costa Rica,6.9267936,275630,2.8051386,0.47449473
2001,Costa Rica,5.094759,206502,3.5143669,0.51515067
2002,Costa Rica,4.6752872,192744,3.5635915,0.5182363
2003,Costa Rica,4.724285,197882,3.1079473,0.493087
2004,Costa Rica,4.663471,198328,2.9384198,0.48423937
2005,Costa Rica,3.3339496,143890,2.7800395,0.47513703
2006,Costa Rica,3.3378456,146137,3.0746036,0.49285266
2007,Costa Rica,1.820663,80838,3.0511265,0.493143
2008,Costa Rica,2.42061,108974,2.9442754,0.4864548
2009,Costa Rica,2.4773993,113047,3.3080566,0.5056012
2010,Costa Rica,1.4892362,68836,2.840334,0.4804597
2011,Costa Rica,1.7502996,81913,2.9744465,0.48762167
2012,Costa Rica,1.673368,79261,2.9148822,0.4841903
2013,Costa Rica,1.6425788,78705,3.027359,0.4915247
2014,Costa Rica,1.5053035,72921,2.961029,0.48634195
2015,Costa Rica,1.5732268,77013,2.8997731,0.4837614
2016,Costa Rica,1.3367381,66104,2.9775891,0.48706067
2017,Costa Rica,1.1723511,58545,2.8884096,0.4834654
2018,Costa Rica,1.5057526,75901,2.8441532,0.47972405
2019,Costa Rica,1.0571395,53751,2.8706527,0.48191166
2000,Croatia,0.08932984,3992,1.194866,0.31325644
2001,Croatia,0.077125244,3316,1.1740048,0.31102163
2004,Croatia,0.0,0,1.082416,0.29677406
2008,Croatia,0.0,0,1.3703406,0.33708772
2009,Croatia,0.034421198,1482,1.3148608,0.33183348
2010,Croatia,0.0,0,0.9720887,0.273541
2011,Croatia,0.6253363,26768,1.208933,0.32257435
2012,Croatia,0.78740203,33603,1.2170292,0.3247515
2013,Croatia,0.72886807,31018,1.1950036,0.31995484
2014,Croatia,0.981814,41613,1.206888,0.32107148
2015,Croatia,0.5948145,25004,1.1428154,0.31115314
2016,Croatia,0.61599094,25714,1.1329585,0.30899724
2017,Croatia,0.5171488,21330,1.1011459,0.30354577
2018,Croatia,0.4375505,17886,1.0662938,0.29729474
2019,Croatia,0.25992584,10567,1.024935,0.2890909
2004,Cyprus,0.094067946,958,1.1164508,0.30089402
2005,Cyprus,0.0063513494,66,1.1398301,0.30259457
2006,Cyprus,0.018198818,192,1.2034495,0.31125963
2007,Cyprus,0.025159188,270,1.1928241,0.31113273
2008,Cyprus,0.008470222,93,1.2367126,0.3170866
2009,Cyprus,0.11196495,1244,1.2486441,0.32108846
2010,Cyprus,0.036670096,414,1.2025031,0.31457928
2011,Cyprus,0.008045135,92,1.2802378,0.32625523
2012,Cyprus,0.0042377994,49,1.3952929,0.34312433
2013,Cyprus,0.09701857,1132,1.6180254,0.37041992
2014,Cyprus,0.0783298,922,1.4903824,0.35565653
2015,Cyprus,0.026797833,318,1.3738968,0.33966377
2016,Cyprus,0.041149013,493,1.3015181,0.32891795
2017,Cyprus,0.032828864,397,1.2006652,0.31416234
2018,Cyprus,0.01650658,201,1.3017251,0.3273986
2019,Cyprus,0.1538318,1890,1.1935896,0.31224227
2002,Czechia,0.0,0,0.9439842,0.26555094
2004,Czechia,0.0,0,0.99044406,0.2753318
2005,Czechia,0.004932986,504,0.9660903,0.26946044
2006,Czechia,0.06581068,6738,0.950158,0.26744154
2007,Czechia,0.11590256,11937,0.9172815,0.2599869
2008,Czechia,0.032779835,3404,0.9391096,0.26280272
2009,Czechia,0.012035621,1257,0.9235053,0.26156676
2010,Czechia,0.036178336,3789,0.94084764,0.26623514
2011,Czechia,0.046060845,4835,0.9294128,0.26381344
2012,Czechia,0.032207154,3385,0.92066294,0.26110017
2013,Czechia,0.04569093,4804,0.94217753,0.26473904
2014,Czechia,0.0,0,0.91158944,0.25923222
2015,Czechia,0.008764512,924,0.9091737,0.25867432
2016,Czechia,0.0,0,0.8886252,0.25406334
2017,Czechia,0.0,0,0.8601179,0.2485221
2018,Czechia,0.008861816,942,0.8655444,0.24990341
2019,Czechia,0.0,0,0.8742237,0.25262198
2000,Denmark,0.0,0,0.80150795,0.2376632
2003,Denmark,0.3432746,18504,0.88490707,0.25631672
2004,Denmark,0.31498066,17023,0.8439958,0.24912797
2005,Denmark,0.2548476,13811,0.8584258,0.2518689
2006,Denmark,0.13750921,7477,0.8999124,0.25913078
2007,Denmark,0.01391448,760,0.91526395,0.26184258
2008,Denmark,0.113210574,6219,0.8631592,0.252465
2009,Denmark,0.49477512,27327,0.9253965,0.2670156
2010,Denmark,0.05729401,3178,0.9617493,0.2719856
2011,Denmark,0.0,0,0.9706875,0.27311745
2012,Denmark,0.0,0,0.99399465,0.2779075
2013,Denmark,0.31091565,17458,1.035443,0.28543764
2014,Denmark,0.20261092,11434,1.0227467,0.2835288
2015,Denmark,0.17542586,9970,1.02326,0.28177446
2016,Denmark,0.27838695,15946,1.0236659,0.28187442
2017,Denmark,0.14090516,8123,1.052953,0.28746662
2018,Denmark,0.17011176,9856,1.0196816,0.28166336
2019,Denmark,0.25140718,14618,1.0022014,0.27723646
2000,Ecuador,28.430418,3589769,4.5939975,0.5637852
2003,Ecuador,14.853653,1975712,3.969671,0.5352869
2004,Ecuador,15.017041,2032495,4.0383167,0.53931993
2005,Ecuador,11.803507,1625344,3.8683956,0.5305848
2006,Ecuador,8.153784,1142269,3.6301897,0.52251405
2007,Ecuador,8.518901,1214100,3.8625383,0.5336345
2008,Ecuador,7.5139523,1089282,3.1956234,0.4979347
2009,Ecuador,7.3105,1077770,2.9471526,0.4850599
2010,Ecuador,5.678202,851139,2.9936755,0.48804435
2011,Ecuador,4.6691976,711480,2.550708,0.4587748
2012,Ecuador,4.463145,691068,2.6036832,0.46112326
2013,Ecuador,3.2410893,509596,2.6885257,0.46864903
2014,Ecuador,2.6356108,420591,2.4309845,0.4499505
2015,Ecuador,3.4400663,557150,2.5558805,0.45954296
2016,Ecuador,3.5750275,587720,2.4348123,0.45020068
2017,Ecuador,3.2132533,536515,2.396514,0.4467303
2018,Ecuador,3.3114905,563472,2.4940088,0.45440298
2019,Ecuador,3.5835843,621528,2.534178,0.45711532
2004,Egypt,3.1076138,2409098,1.2638727,0.31847546
2008,Egypt,2.871903,2407941,1.2185118,0.31102437
2010,Egypt,1.037314,905082,1.1586406,0.30191457
2012,Egypt,0.8900781,812111,1.055097,0.28292203
2015,Egypt,0.9060302,885407,1.267743,0.31823358
2017,Egypt,2.5048509,2549672,1.235108,0.31533954
2019,Egypt,1.4670148,1549441,1.2639556,0.31893557
2000,El Salvador,12.942934,771202,3.5415292,0.5147437
2001,El Salvador,14.104641,844599,3.5629098,0.5137044
2002,El Salvador,14.728867,885393,3.6527817,0.5187049
2003,El Salvador,15.813787,953073,3.41332,0.5049769
2004,El Salvador,11.488363,693398,2.85356,0.47819686
2005,El Salvador,11.278455,680972,2.9584024,0.48484933
2006,El Salvador,7.650643,461673,2.5257158,0.4569256
2007,El Salvador,5.0684905,306346,2.4481928,0.45217994
2008,El Salvador,7.7175083,468306,2.6806974,0.46885678
2009,El Salvador,7.41996,451964,2.550027,0.45825085
2010,El Salvador,6.345635,387974,2.2503831,0.4351413
2011,El Salvador,5.3409295,327791,2.097612,0.4231836
2012,El Salvador,4.6371474,285708,2.0483236,0.41829276
2013,El Salvador,3.6247292,224213,2.2243316,0.43358964
2014,El Salvador,3.4414842,213700,2.0169215,0.41559842
2015,El Salvador,2.308848,143866,1.9206437,0.40551943
2016,El Salvador,2.632982,164575,1.8566368,0.3997858
2017,El Salvador,2.1554992,135078,1.6747172,0.38007188
2018,El Salvador,1.8427663,115658,1.7213367,0.38610572
2019,El Salvador,1.4019152,88043,1.7383628,0.38778764
2000,Estonia,1.4341083,20034,1.4863182,0.357844
2001,Estonia,1.2181876,16910,1.5002689,0.36012456
2002,Estonia,1.3671545,18858,1.4716189,0.35791573
2003,Estonia,1.177246,16137,1.4215618,0.34909624
2004,Estonia,0.54937655,7486,1.455317,0.35378188
2005,Estonia,0.81168425,10996,1.302244,0.33448943
2006,Estonia,0.823972,11097,1.3329118,0.33671072
2007,Estonia,0.4253237,5702,1.1459618,0.31180158
2008,Estonia,0.38617754,5164,1.2010901,0.31917077
2009,Estonia,0.5550371,7407,1.1676024,0.3144361
2010,Estonia,0.7922196,10548,1.1878068,0.320012
2011,Estonia,0.97961545,13004,1.217176,0.32491633
2012,Estonia,0.73973876,9784,1.2482356,0.3291576
2013,Estonia,0.8596548,11330,1.398014,0.35079786
2014,Estonia,0.8305271,10918,1.3644811,0.34591556
2015,Estonia,0.6000405,7893,1.2201737,0.3267033
2016,Estonia,0.47005862,6185,1.1253893,0.31196827
2017,Estonia,0.26870602,3540,1.075814,0.30355027
2018,Estonia,0.24873585,3288,1.0758765,0.30321452
2019,Estonia,0.5569404,7390,1.1149938,0.30767542
2004,Ethiopia,34.576767,26036661,1.1435618,0.29806852
2010,Ethiopia,30.750937,27441456,1.3277214,0.33170602
2015,Ethiopia,26.984606,27651636,1.4644171,0.34993124
2002,Fiji,1.6781589,14263,1.6774735,0.38102055
2008,Fiji,1.0271412,9211,1.8901358,0.40375587
2013,Fiji,0.3635516,3321,1.5756973,0.36696598
2019,Fiji,1.3182689,12108,1.1382171,0.30706868
2000,Finland,0.0,0,0.966293,0.27156627
2003,Finland,0.049275037,2569,0.9896116,0.27686605
2004,Finland,0.039413903,2061,1.0012985,0.27897766
2005,Finland,0.05531524,2902,0.98782814,0.27619594
2006,Finland,0.08037546,4233,1.0016102,0.27999076
2007,Finland,0.063742585,3371,1.0192622,0.28285572
2008,Finland,0.053872228,2862,0.9941589,0.2783821
2009,Finland,0.052470084,2801,0.97343624,0.27455446
2010,Finland,0.053840697,2888,0.98003477,0.2771409
2011,Finland,0.04739088,2554,0.9817472,0.2764282
2012,Finland,0.05272516,2855,0.9521467,0.2709663
2013,Finland,0.08513758,4631,0.9558501,0.27193958
2014,Finland,0.06616784,3614,0.9351439,0.26776975
2015,Finland,0.07020851,3847,0.95686626,0.2710204
2016,Finland,0.047236145,2596,0.9570769,0.27078485
2017,Finland,0.065777734,3623,0.97125417,0.27383086
2018,Finland,0.056774255,3131,0.9681187,0.27329773
2019,Finland,0.03882923,2144,0.99306095,0.27737328
2000,France,0.0,0,1.2554562,0.32553056
2001,France,0.0,0,1.2570565,0.3253329
2002,France,0.0,0,1.2081597,0.31778157
2003,France,0.15735751,97966,1.1963495,0.31411117
2004,France,0.049725942,31186,1.1472099,0.3064734
2005,France,0.043055452,27206,1.097785,0.29834014
2006,France,0.027628507,17580,1.083775,0.2969109
2007,France,0.014867865,9519,1.2643362,0.32427728
2008,France,0.009692239,6240,1.3034685,0.32996476
2009,France,0.044349,28699,1.2758493,0.32661268
2010,France,0.08739457,56833,1.350663,0.3372048
2011,France,0.025783392,16848,1.3264134,0.3329475
2012,France,0.060952414,40023,1.3146917,0.3311486
2013,France,0.06039008,39859,1.2727783,0.32512635
2014,France,0.018678669,12386,1.2577125,0.32262185
2015,France,0.13355504,88879,1.2900177,0.32704335
2016,France,0.058125883,38784,1.2396752,0.31923744
2017,France,0.015888225,10632,1.2231164,0.31632066
2018,France,0.021168053,14216,1.2748969,0.32380688
2019,France,0.051448993,34670,1.1842016,0.31199586
2000,Georgia,22.899906,933659,1.898397,0.40478113
2001,Georgia,23.008429,923644,1.8028948,0.3957413
2002,Georgia,12.689577,504857,1.6001116,0.37249377
2003,Georgia,12.949128,511715,1.5318277,0.36655083
2004,Georgia,12.372008,485891,1.5017272,0.36175355
2005,Georgia,12.882766,502746,1.5969551,0.3737934
2006,Georgia,12.590183,488543,1.5525876,0.36868623
2007,Georgia,14.197019,548027,1.6726614,0.3811308
2008,Georgia,12.4464655,478996,1.7135798,0.38534853
2009,Georgia,12.127902,462609,1.6798081,0.38237402
2010,Georgia,14.364216,543929,1.7998077,0.39461464
2011,Georgia,13.401543,503421,1.8072684,0.39595714
2012,Georgia,10.6662245,397730,1.7502301,0.38954768
2013,Georgia,8.078715,300340,1.717441,0.3858902
2014,Georgia,6.127039,227890,1.6277174,0.37554133
2015,Georgia,4.879492,181775,1.5387412,0.36503676
2016,Georgia,4.9133716,183146,1.552261,0.3663965
2017,Georgia,6.2298656,232250,1.6671216,0.37939733
2018,Georgia,5.55908,207162,1.5253541,0.36411363
2019,Georgia,4.8486285,180377,1.493179,0.35900766
2000,Germany,0.0,0,1.0290698,0.28780577
2001,Germany,0.0,0,1.0974219,0.29949388
2002,Germany,0.0,0,1.0888541,0.2986499
2003,Germany,0.0,0,1.0939997,0.2989323
2004,Germany,0.0,0,1.1087681,0.30164394
2005,Germany,0.0,0,1.1984704,0.3158797
2006,Germany,0.0,0,1.1611307,0.3104196
2007,Germany,0.0,0,1.1783549,0.31145447
2008,Germany,0.0,0,1.1561115,0.30904445
2009,Germany,0.0,0,1.12349,0.30479428
2010,Germany,0.0,0,1.1165271,0.3025288
2011,Germany,0.0,0,1.1435415,0.30668032
2012,Germany,0.0,0,1.1582066,0.3105579
2013,Germany,0.0,0,1.1910208,0.31473666
2014,Germany,0.0,0,1.1429937,0.30871856
2015,Germany,0.0,0,1.1849394,0.31443062
2016,Germany,0.0,0,1.1796731,0.31390682
2017,Germany,0.24747899,204559,1.203434,0.31851348
2018,Germany,0.0,0,1.2123399,0.3179069
2019,Germany,0.0,0,1.2054325,0.31719428
2005,Ghana,42.467743,9553947,2.1593652,0.42765537
2012,Ghana,25.689972,6900008,2.09634,0.42373204
2016,Ghana,25.208553,7450212,2.2534266,0.4352088
2000,Greece,0.49310544,53284,1.3657577,0.34239194
2003,Greece,0.49829754,54454,1.253636,0.32762337
2004,Greece,0.64183205,70314,1.3185718,0.3359099
2005,Greece,0.3385617,37199,1.3959608,0.3459823
2006,Greece,0.55271566,60911,1.434036,0.35123804
2007,Greece,0.49926442,55161,1.351867,0.33953574
2008,Greece,0.3444438,38157,1.3280721,0.33589363
2009,Greece,0.62663525,69600,1.3346748,0.33619058
2010,Greece,0.97306836,108218,1.3508494,0.34103328
2011,Greece,1.1229174,124699,1.4003713,0.3484941
2012,Greece,1.4559224,160807,1.5197408,0.36251
2013,Greece,0.95517564,104737,1.4963651,0.36127362
2014,Greece,1.5131936,164823,1.4657998,0.35809505
2015,Greece,1.3700905,148256,1.4862489,0.3600026
2016,Greece,1.0391967,111984,1.4053423,0.3495864
2017,Greece,0.8727766,93864,1.37027,0.34352022
2018,Greece,0.13956267,14979,1.2691116,0.32891205
2019,Greece,0.6895518,73931,1.2762514,0.33104455
2000,Guatemala,9.607776,1113518,4.0269065,0.5417652
2006,Guatemala,11.650105,1539367,4.234359,0.5457072
2014,Guatemala,9.521302,1457361,2.9050307,0.48278588
2002,Guinea-Bissau,53.166588,683551,1.4750534,0.35569745
2010,Guinea-Bissau,66.68512,1045102,3.283583,0.5066424
2018,Guinea-Bissau,21.66049,416955,1.417653,0.34765232
2001,Haiti,67.83363,5773814,5.6381707,0.5947662
2012,Haiti,29.192194,2950904,1.9753735,0.41103774
2001,Honduras,19.837118,1356435,4.674374,0.55360717
2002,Honduras,21.995176,1544041,4.678224,0.55730957
2003,Honduras,26.499472,1908460,5.4712443,0.5812125
2004,Honduras,25.43302,1877823,5.455487,0.5813391
2005,Honduras,25.067038,1896224,6.1220527,0.5951159
2006,Honduras,21.142117,1637499,5.383294,0.5754278
2007,Honduras,15.642992,1239623,4.6094007,0.5582031
2008,Honduras,15.244036,1235038,4.5732937,0.55499905
2009,Honduras,12.32208,1019936,3.5595112,0.51283324
2010,Honduras,13.802202,1166415,3.9466925,0.5308707
2011,Honduras,14.32309,1235009,3.841582,0.5255979
2012,Honduras,16.992704,1494061,4.0429354,0.5337071
2013,Honduras,14.568504,1305434,3.2854931,0.49959752
2014,Honduras,13.282177,1212377,3.2854419,0.49878585
2015,Honduras,12.977554,1206199,3.1625395,0.49249893
2016,Honduras,14.606982,1381937,3.306815,0.4981186
2017,Honduras,13.855521,1333849,3.2052495,0.49445528
2018,Honduras,14.233573,1393872,3.1096034,0.48937786
2019,Honduras,12.742991,1269053,2.993204,0.48168167
2000,Hungary,0.060886286,6217,0.97407174,0.2722058
2001,Hungary,0.0,0,0.9475312,0.26924485
2002,Hungary,0.0,0,0.9471126,0.2683789
2003,Hungary,0.018131863,1837,1.16533,0.30925757
2004,Hungary,0.0,0,1.113582,0.30022427
2005,Hungary,0.0,0,1.1139154,0.3019102
2006,Hungary,0.0,0,1.0487224,0.28958917
2007,Hungary,0.0,0,1.188399,0.31155092
2008,Hungary,0.021265052,2135,0.9704781,0.27514043
2009,Hungary,0.06479282,6494,0.936725,0.2695964
2010,Hungary,0.071793154,7179,1.0695227,0.29444227
2011,Hungary,0.09156373,9130,1.0582869,0.29158342
2012,Hungary,0.32575902,32316,1.1438375,0.30804187
2013,Hungary,0.1802988,17837,1.1866549,0.31504104
2014,Hungary,0.6576744,64889,1.1559428,0.30917662
2015,Hungary,0.62615484,61633,1.1252903,0.3040823
2016,Hungary,1.3487226,132364,1.1237274,0.30327618
2017,Hungary,0.60926735,59635,1.1313008,0.30584124
2018,Hungary,0.20753036,20287,1.0731069,0.29612043
2019,Hungary,0.30170247,29480,1.0889198,0.29950473
2003,Iceland,0.0,0,0.95189834,0.26836038
2004,Iceland,0.17006549,497,1.015087,0.2798214
2005,Iceland,0.03701966,110,1.0694954,0.29002446
2006,Iceland,0.14680485,446,1.1411108,0.3024515
2007,Iceland,0.08061417,251,1.0959853,0.2947096
2008,Iceland,0.060815003,193,1.2545955,0.3178928
2009,Iceland,0.09720067,310,1.0515724,0.2865641
2010,Iceland,0.14938448,475,0.9195067,0.2617162
2011,Iceland,0.12328397,393,0.9470172,0.26830798
2012,Iceland,0.033555817,108,0.93930686,0.26769423
2013,Iceland,0.047026344,152,0.8796753,0.25402915
2014,Iceland,0.0,0,1.0115783,0.27800417
2015,Iceland,0.034490183,114,0.95176107,0.26787972
2016,Iceland,0.0,0,0.9711077,0.27241105
2017,Iceland,0.0,0,0.92202157,0.2613158
2004,India,39.909657,453479273,1.4231976,0.34406307
2009,India,32.867126,402175337,1.4913523,0.35380337
2011,India,22.532263,283370501,1.5183554,0.35712585
2015,India,18.730556,247780264,1.4536575,0.34705412
2016,India,18.106346,242378125,1.4571172,0.34772223
2017,India,13.365696,180997683,1.5309695,0.3593948
2018,India,11.087926,151794070,1.4140623,0.34584644
2019,India,12.731296,176088087,1.4466658,0.3502112
2000,Indonesia,43.60342,93342897,1.1053373,0.29458433
2001,Indonesia,39.873127,86569516,1.141429,0.3002393
2002,Indonesia,26.794165,58978002,1.3143007,0.32833797
2003,Indonesia,26.447796,58999777,1.3123697,0.330267
2004,Indonesia,27.014864,61037003,1.3669221,0.3385328
2005,Indonesia,24.643833,56386360,1.3823953,0.34057844
2006,Indonesia,30.586498,70898718,1.4705374,0.35300556
2007,Indonesia,25.249058,59299506,1.5672437,0.3666469
2008,Indonesia,24.746971,58882087,1.5254797,0.36060256
2009,Indonesia,20.957842,50504477,1.5227495,0.3599317
2010,Indonesia,18.253092,44540494,1.609761,0.37205338
2011,Indonesia,15.693082,38777558,1.9077011,0.4045815
2012,Indonesia,13.735316,34368880,1.9100057,0.40459642
2013,Indonesia,11.178797,28313200,1.9302577,0.4079118
2014,Indonesia,9.261918,23731791,1.8828541,0.40175667
2015,Indonesia,8.276287,21443196,1.9139026,0.4039737
2016,Indonesia,7.5173607,19684223,1.8049772,0.39300278
2017,Indonesia,6.6183476,17505454,1.7437271,0.38785264
2018,Indonesia,5.4243,14486507,1.7086288,0.38410378
2019,Indonesia,4.380574,11809279,1.6423688,0.37610123
2005,"Iran, Islamic Republic of",1.0210205,716579,2.2393243,0.43558642
2006,"Iran, Islamic Republic of",0.8490968,605200,2.3959715,0.44752038
2009,"Iran, Islamic Republic of",1.4918264,1108765,2.0638947,0.42050025
2013,"Iran, Islamic Republic of",0.30533245,239561,1.6149426,0.3735951
2014,"Iran, Islamic Republic of",0.8125961,649765,1.7338172,0.38783294
2015,"Iran, Islamic Republic of",0.7442688,608744,1.8021128,0.39471003
2016,"Iran, Islamic Republic of",0.69328684,577551,1.8505142,0.39965197
2017,"Iran, Islamic Republic of",0.55679095,470517,1.932341,0.4080294
2018,"Iran, Islamic Republic of",0.86956036,744496,2.0504742,0.420033
2019,"Iran, Islamic Republic of",0.92208225,798193,1.9515338,0.4093597
2006,Iraq,0.03518214,10170,1.0423042,0.28600612
2012,Iraq,0.08875247,30056,1.0812231,0.29541856
2000,Ireland,0.1782722,6784,1.2918061,0.33005205
2002,Ireland,0.23505183,9242,1.2256609,0.32290256
2003,Ireland,0.12763272,5101,1.2818769,0.32887623
2004,Ireland,0.052105937,2121,1.3353199,0.33609638
2005,Ireland,0.021705687,903,1.3407788,0.33754012
2006,Ireland,0.3984308,17027,1.2630651,0.32727954
2007,Ireland,0.098496266,4333,1.2180368,0.31946772
2008,Ireland,0.1805067,8104,1.1596993,0.30906218
2009,Ireland,0.49060217,22251,1.2591702,0.32682547
2010,Ireland,0.54275715,24751,1.2266691,0.32297096
2011,Ireland,0.5449447,24959,1.2690552,0.32874694
2012,Ireland,0.33501238,15409,1.2961634,0.33220753
2013,Ireland,0.6822285,31545,1.3169633,0.33489192
2014,Ireland,0.38895378,18116,1.2042052,0.31876454
2015,Ireland,0.36762756,17286,1.2179909,0.3182154
2016,Ireland,0.13472612,6407,1.2659732,0.32807598
2017,Ireland,0.24319613,11691,1.1891575,0.31359804
2018,Ireland,0.003921386,191,1.1500019,0.30602926
2019,Ireland,0.058011558,2862,1.1593604,0.308315
2001,Israel,0.24897778,16032,1.7586645,0.38947663
2002,Israel,0.48042536,31564,1.8151609,0.39559424
2003,Israel,0.46270582,30954,1.9383206,0.4072257
2004,Israel,0.49913883,33986,2.0105464,0.414563
2005,Israel,0.4833153,33494,2.0974658,0.42267624
2006,Israel,0.22496581,15868,2.025607,0.4155532
2007,Israel,0.4918124,35313,1.9760976,0.41098633
2008,Israel,0.4835079,35339,2.0419397,0.4164268
2009,Israel,0.49162772,36801,2.165065,0.4263395
2010,Israel,0.22767836,17357,2.163031,0.42527026
2011,Israel,0.23077059,17921,2.0140057,0.41444165
2012,Israel,0.7390074,58459,2.0377805,0.41609597
2013,Israel,0.45378035,36572,1.8755684,0.40224823
2014,Israel,0.49243245,40457,1.8314447,0.3975749
2015,Israel,0.49385363,41385,1.8291183,0.3971953
2016,Israel,0.24139464,20630,1.7587051,0.39013016
2017,Israel,0.45742482,39857,1.6730853,0.38202065
2018,Israel,0.49676624,44127,1.7175397,0.38577175
2000,Italy,1.2495171,711501,1.4335462,0.3525281
2003,Italy,0.7694033,440970,1.4184457,0.34931308
2004,Italy,0.6045206,348720,1.3736092,0.34295115
2005,Italy,0.6472902,375231,1.329685,0.33833605
2006,Italy,0.65343624,379934,1.3246394,0.33697397
2007,Italy,0.680243,397523,1.2656604,0.32890737
2008,Italy,0.70417947,414246,1.3330203,0.33770102
2009,Italy,0.91157925,538701,1.3266736,0.33835772
2010,Italy,1.2652895,750031,1.3900727,0.3472131
2011,Italy,1.156048,686455,1.4183418,0.35057214
2012,Italy,1.2006085,714839,1.4234561,0.3515561
2013,Italy,1.3731673,827113,1.3992088,0.3491185
2014,Italy,1.2321203,748995,1.377291,0.3465733
2015,Italy,1.9488665,1183558,1.4343692,0.35397437
2016,Italy,1.6299454,988195,1.4268116,0.3524625
2017,Italy,1.4216343,860611,1.4848689,0.35928002
2018,Italy,1.4576468,880736,1.4202127,0.35222572
2019,Italy,0.9943459,593914,1.379727,0.34587252
2002,Jamaica,2.1286912,56160,2.8780122,0.48315963
2004,Jamaica,1.177246,31362,2.4654918,0.45457473
2008,Japan,0.4798256,614479,1.4085579,0.34842315
2010,Japan,0.0,0,1.2311355,0.3210032
2013,Japan,0.72788787,927657,1.2831644,0.3285473
2002,Jordan,0.1951805,10297,1.5946714,0.36954618
2006,Jordan,0.09088745,5522,1.3609201,0.33856255
2008,Jordan,0.010805056,717,1.2777792,0.3257345
2010,Jordan,0.040854882,2832,1.3520349,0.3365573
2001,Kazakhstan,12.814419,1904009,1.4921288,0.35964757
2002,Kazakhstan,8.887372,1320570,1.4090792,0.3481114
2003,Kazakhstan,6.167813,919560,1.3250567,0.33691478
2004,Kazakhstan,3.3167064,497937,1.2143128,0.3183876
2005,Kazakhstan,8.661422,1311948,1.8287196,0.39826038
2006,Kazakhstan,1.0114723,154837,1.1316713,0.30243865
2007,Kazakhstan,0.38554862,59699,1.1199969,0.30084056
2008,Kazakhstan,0.2428652,38317,1.0357001,0.28496444
2009,Kazakhstan,0.2441653,39293,1.0131108,0.28208867
2010,Kazakhstan,0.19512291,31848,1.0033234,0.27954513
2011,Kazakhstan,0.07109477,11771,1.0022885,0.27983844
2012,Kazakhstan,0.03842411,6452,1.0092877,0.2816882
2013,Kazakhstan,0.033109628,5640,0.9609775,0.2706543
2014,Kazakhstan,0.01927526,3332,0.96180224,0.2701586
2015,Kazakhstan,0.038270585,6714,0.9527808,0.26803666
2016,Kazakhstan,0.05052872,8991,0.9702832,0.27225325
2017,Kazakhstan,0.041498996,7485,0.98371774,0.27450275
2018,Kazakhstan,0.0151407905,2767,1.0041503,0.27792874
2005,Kenya,36.67384,13145007,2.6151986,0.46452925
2015,Kenya,29.365105,13757988,1.9240285,0.40775773
2002,Latvia,0.71719414,16568,1.4411687,0.35091233
2003,Latvia,0.6044631,13830,1.5374118,0.36528602
2004,Latvia,0.28444555,6437,1.4256159,0.3495713
2005,Latvia,2.3620217,52881,1.7466671,0.38981482
2006,Latvia,1.5533317,34458,1.4443365,0.35602766
2007,Latvia,0.021305429,469,1.5041379,0.3604693
2008,Latvia,0.027127188,591,1.4932015,0.35817897
2009,Latvia,0.35493138,7601,1.4160726,0.3483174
2010,Latvia,1.7326765,36344,1.4226792,0.3503441
2011,Latvia,1.0286086,21186,1.474813,0.35774368
2012,Latvia,1.0676994,21720,1.4213713,0.35237688
2013,Latvia,1.1653787,23455,1.4348137,0.3550057
2014,Latvia,0.79135585,15778,1.4116999,0.35115233
2015,Latvia,0.650311,12860,1.3533263,0.34204435
2016,Latvia,0.64695126,12677,1.3542328,0.3432963
2017,Latvia,0.7972179,15484,1.4618089,0.35571936
2018,Latvia,0.36000243,6938,1.4274698,0.3509615
2019,Latvia,0.2391008,4576,1.3807974,0.3448954
2011,Lebanon,0.0,0,1.2067288,0.3183245
2002,Lesotho,66.33909,1325146,3.6475058,0.5157492
2017,Lesotho,32.39991,703278,2.439084,0.44879702
2007,Liberia,53.34778,1937986,1.5491732,0.36477745
2014,Liberia,25.930763,1171914,1.3088887,0.33237883
2016,Liberia,27.617746,1299718,1.4409803,0.3526546
2000,Lithuania,0.24524175,8582,1.2016785,0.31674933
2001,Lithuania,0.5785247,20080,1.2179973,0.32012275
2002,Lithuania,0.5038035,17346,1.2155293,0.31915566
2003,Lithuania,0.19467595,6649,1.4739168,0.35456488
2004,Lithuania,0.092465654,3123,1.4424381,0.35204017
2005,Lithuania,1.7817268,59198,1.437486,0.35302207
2006,Lithuania,1.5230172,49801,1.3776925,0.34418988
2007,Lithuania,1.3395644,43285,1.3958771,0.3479719
2008,Lithuania,0.14939542,4778,1.6021085,0.37055656
2009,Lithuania,2.2432506,70952,1.5821426,0.37225989
2010,Lithuania,1.5343399,47523,1.3087441,0.33619305
2011,Lithuania,0.70057505,21214,1.2330797,0.32491052
2012,Lithuania,0.94779253,28318,1.4284999,0.3509868
2013,Lithuania,0.70500815,20852,1.4446062,0.35311148
2014,Lithuania,1.262026,37007,1.6396506,0.37681442
2015,Lithuania,0.7198586,20911,1.6106015,0.37375224
2016,Lithuania,1.2705059,36441,1.7036469,0.38391206
2017,Lithuania,1.0225072,28921,1.5923908,0.372897
2018,Lithuania,0.9250136,25915,1.4641078,0.35707808
2019,Lithuania,0.54792964,15310,1.442041,0.35253152
2000,Luxembourg,0.0,0,1.1035215,0.30102962
2001,Luxembourg,0.0,0,1.1574136,0.30926323
2002,Luxembourg,0.0,0,1.1727958,0.3098299
2003,Luxembourg,0.07174669,324,1.1063361,0.30187473
2004,Luxembourg,0.018192332,83,1.1055471,0.30172697
2005,Luxembourg,0.03469405,161,1.1494019,0.30840808
2006,Luxembourg,0.0,0,1.1541818,0.3094812
2007,Luxembourg,0.021916224,105,1.1861296,0.3113375
2008,Luxembourg,0.0,0,1.2624267,0.32561544
2009,Luxembourg,0.04411102,220,1.168899,0.3119692
2010,Luxembourg,0.0,0,1.1267885,0.3050438
2011,Luxembourg,0.11757935,609,1.2145046,0.3205412
2012,Luxembourg,0.043618947,232,1.3767263,0.3434715
2013,Luxembourg,0.08910331,484,1.2043499,0.32036045
2014,Luxembourg,0.13992491,778,1.1675203,0.3115832
2015,Luxembourg,0.30012453,1710,1.2671304,0.32922232
2016,Luxembourg,0.11721951,682,1.1851956,0.31727982
2017,Luxembourg,0.28312987,1688,1.3653941,0.34515738
2018,Luxembourg,0.28481787,1732,1.4383307,0.35368094
2019,Luxembourg,0.101187475,627,1.3572773,0.34241262
2004,Malawi,68.864586,8547019,1.8614006,0.3987346
2010,Malawi,68.42152,10070567,2.4826992,0.45475972
2016,Malawi,65.73572,11441713,2.3494751,0.44694307
2019,Malawi,70.0606,13218569,1.7304217,0.38543174
2003,Malaysia,1.5712516,388718,2.6282532,0.46416202
2006,Malaysia,0.77013826,204159,2.3961825,0.4475235
2008,Malaysia,0.69657385,192702,2.5041714,0.45479712
2011,Malaysia,0.13992567,40836,2.2894573,0.43943596
2013,Malaysia,0.03397699,10239,1.9939878,0.41348827
2015,Malaysia,0.019036654,5914,1.9642886,0.410664
2018,Malaysia,0.01102865,3573,1.976249,0.41176775
2000,Mauritania,21.487999,579102,1.7632414,0.39028475
2004,Mauritania,18.126389,534108,1.8940512,0.4016877
2008,Mauritania,11.842612,382911,1.4561895,0.35685378
2014,Mauritania,6.490837,249454,1.2527075,0.3261935
2000,Mexico,8.9235115,8733748,3.7068024,0.5258397
2002,Mexico,6.5888734,6649299,3.2044916,0.50088656
2004,Mexico,5.9505153,6185312,3.1623042,0.50030077
2005,Mexico,6.544524,6900704,3.2130353,0.5012036
2006,Mexico,4.1524005,4438368,2.9977763,0.48936054
2008,Mexico,5.3621807,5881480,3.1667614,0.49883848
2010,Mexico,4.51838,5084642,2.723829,0.4721391
2012,Mexico,3.8398933,4444903,2.9626145,0.48713467
2014,Mexico,3.7135117,4410014,2.9315104,0.4872244
2016,Mexico,3.2149105,3906734,2.7871747,0.47677714
2018,Mexico,2.6293807,3260796,2.638672,0.46706957
2000,"Moldova, Republic of",31.08438,909115,1.5427369,0.36425692
2001,"Moldova, Republic of",23.255726,678633,1.6739227,0.37989193
2002,"Moldova, Republic of",13.558621,394744,1.4935051,0.3584591
2003,"Moldova, Republic of",5.6087055,162832,1.4302155,0.34902084
2004,"Moldova, Republic of",6.550409,189701,1.4429766,0.35029566
2005,"Moldova, Republic of",10.87486,314173,1.5299472,0.36280838
2006,"Moldova, Republic of",1.9625398,56540,1.4612025,0.35400927
2007,"Moldova, Republic of",0.9524417,27376,1.3909478,0.34421042
2008,"Moldova, Republic of",0.9574248,27467,1.4044163,0.34692442
2009,"Moldova, Republic of",0.65801674,18854,1.2650094,0.32910907
2010,"Moldova, Republic of",0.41040125,11747,1.2328713,0.3205092
2011,"Moldova, Republic of",0.21669711,6199,1.1445577,0.30628577
2012,"Moldova, Republic of",0.13851036,3962,1.0637685,0.2915884
2013,"Moldova, Republic of",0.025188606,720,1.0333244,0.2853416
2014,"Moldova, Republic of",0.0,0,0.94212985,0.26833853
2015,"Moldova, Republic of",0.031209245,885,0.96238977,0.27028158
2016,"Moldova, Republic of",0.10805441,3029,0.9415719,0.26345387
2017,"Moldova, Republic of",0.0,0,0.9011169,0.25899243
2018,"Moldova, Republic of",0.0,0,0.9020469,0.25661647
2019,"Moldova, Republic of",0.02864514,763,0.91373783,0.26016647
2002,Mongolia,11.612102,289677,1.2548705,0.32892948
2007,Mongolia,1.6951885,44171,1.4889668,0.3582187
2010,Mongolia,1.1435707,30905,1.2909384,0.33081213
2011,Mongolia,0.85668147,23507,1.3489404,0.33883506
2012,Mongolia,0.47310936,13211,1.3357933,0.33751616
2014,Mongolia,0.32755226,9508,1.2325264,0.3203779
2016,Mongolia,0.7064973,21404,1.2528157,0.32345733
2018,Mongolia,0.7115856,22515,1.2709432,0.3274099
2005,Montenegro,0.22841841,1403,1.1160648,0.30217275
2006,Montenegro,0.0,0,1.0890263,0.3003536
2007,Montenegro,0.3606451,2221,1.1893171,0.3144807
2008,Montenegro,0.093895994,579,1.1434312,0.30487993
2009,Montenegro,0.0,0,1.1711617,0.31008518
2010,Montenegro,0.0,0,1.0388561,0.28893095
2011,Montenegro,0.21124175,1310,1.1585867,0.30819854
2012,Montenegro,1.2642962,7846,1.2189955,0.32273737
2013,Montenegro,1.0383036,6450,1.235876,0.32442936
2014,Montenegro,0.0,0,1.2397963,0.31926522
2015,Montenegro,1.3457713,8373,1.7477814,0.39005032
2016,Montenegro,2.4743311,15398,1.6937774,0.38487947
2017,Montenegro,3.3115063,20610,1.5437901,0.36906824
2018,Montenegro,2.839833,17670,1.5419633,0.36811927
2000,Morocco,7.9340315,2265516,1.9201741,0.40637007
2006,Morocco,4.242266,1308019,1.9429374,0.40718302
2013,Morocco,1.4431101,487822,1.8271799,0.39548507
2002,Mozambique,80.58823,15065926,2.6760654,0.4703907
2008,Mozambique,70.795815,15465750,2.503076,0.45578337
2014,Mozambique,64.64086,16831643,3.8336759,0.5399668
2019,Mozambique,74.38077,22526658,3.229746,0.5045398
2015,Myanmar,6.2170024,3200758,1.6976382,0.3806851
2017,Myanmar,1.9911567,1041143,1.170339,0.3069687
2003,Namibia,35.861526,686901,6.5461874,0.6331876
2009,Namibia,26.944029,557181,5.7581544,0.60965174
2015,Namibia,15.617013,356490,5.512386,0.5906661
2003,Nepal,40.30675,10351946,2.2799573,0.43768105
2010,Nepal,8.2404995,2238249,1.292102,0.32840586
2004,Netherlands,0.23587565,38405,1.0885549,0.29800025
2005,Netherlands,0.14832005,24206,1.0494987,0.2904823
2006,Netherlands,0.045792855,7485,1.1203357,0.30043328
2007,Netherlands,0.02863133,4690,1.0861683,0.2959278
2008,Netherlands,0.13360895,21973,1.0674043,0.29298013
2009,Netherlands,0.1107701,18311,0.9851915,0.27881998
2010,Netherlands,0.047438905,7882,0.98620063,0.2784525
2011,Netherlands,0.09605309,16034,0.9849509,0.27750087
2012,Netherlands,0.07584219,12707,0.97678673,0.2762093
2013,Netherlands,0.08687879,14599,1.0009592,0.2810648
2014,Netherlands,0.05771296,9733,1.0320563,0.2863142
2015,Netherlands,0.06166262,10446,1.0112828,0.2824158
2016,Netherlands,0.045917112,7820,1.0085206,0.2817357
2017,Netherlands,0.18876624,32338,1.0306621,0.2853582
2018,Netherlands,0.10091632,17390,1.0093964,0.2812108
2019,Netherlands,0.0957287,16604,1.0725368,0.29248333
2001,Nicaragua,18.791191,975782,2.1720395,0.42998204
2005,Nicaragua,17.257347,941333,1.9119081,0.40531987
2009,Nicaragua,8.276645,477615,2.2906232,0.43942162
2014,Nicaragua,3.9410286,244686,2.601133,0.46156293
2005,Niger,80.50121,11153621,2.3389952,0.44425443
2007,Niger,78.89103,11753086,1.6439936,0.37304455
2011,Niger,60.55905,10466489,1.2237833,0.31451714
2014,Niger,53.56471,10376563,1.3798501,0.34276575
2018,Niger,50.905937,11493063,1.6374785,0.37259424
2003,Nigeria,47.878925,63736328,1.8602918,0.40063578
2010,Nigeria,34.88533,56148932,1.456468,0.3565021
2012,Nigeria,33.82892,57534851,1.4461554,0.35513008
2015,Nigeria,32.25663,59350840,1.4744202,0.3587978
2018,Nigeria,30.863297,61228961,1.4303354,0.35127744
2000,North Macedonia,5.2176623,105728,1.3749988,0.34263873
2002,North Macedonia,1.4565549,29425,1.7147303,0.38509068
2003,North Macedonia,1.2436886,25207,1.73379,0.38722393
2004,North Macedonia,0.76593405,15568,1.7101076,0.3843255
2005,North Macedonia,1.49612,30474,1.7677377,0.3930525
2006,North Macedonia,2.841009,57963,2.1134007,0.42642504
2008,North Macedonia,0.63659596,13030,2.5591767,0.46141624
2009,North Macedonia,9.767671,200303,2.1587372,0.42764455
2010,North Macedonia,10.448227,214711,1.8574984,0.40160623
2011,North Macedonia,9.087074,187061,1.7631108,0.39374107
2012,North Macedonia,6.9127917,142476,1.6519488,0.38136518
2013,North Macedonia,5.2256985,107860,1.4757962,0.36242935
2014,North Macedonia,4.5167346,93382,1.4054705,0.35205436
2015,North Macedonia,5.5025377,113915,1.432997,0.3559466
2016,North Macedonia,4.2366357,87804,1.3572776,0.3453469
2017,North Macedonia,4.4940066,93228,1.3251466,0.34200203
2018,North Macedonia,3.3985562,70561,1.2403722,0.329607
2019,North Macedonia,2.6633506,55310,1.2631437,0.33505884
2000,Norway,0.23508184,10557,0.98201215,0.27358785
2003,Norway,0.20452435,9336,0.9942326,0.27627292
2004,Norway,0.2648449,12161,1.2304348,0.31579077
2005,Norway,0.20196272,9337,1.172511,0.3059756
2006,Norway,0.13099638,6105,0.8993048,0.26354173
2007,Norway,0.12668282,5966,0.9473542,0.27090815
2008,Norway,0.2267255,10811,0.9352371,0.26996532
2009,Norway,0.086947724,4198,0.89639395,0.2615837
2010,Norway,0.15098813,7382,0.8772533,0.25723967
2011,Norway,0.09757115,4833,0.85573184,0.25300366
2012,Norway,0.117306806,5887,0.87565595,0.25726262
2013,Norway,0.13043559,6626,0.9046732,0.26361203
2014,Norway,0.11292123,5801,0.92611784,0.26752627
2015,Norway,0.17004924,8823,0.96637183,0.27496895
2016,Norway,0.28067333,14692,1.020122,0.28493744
2017,Norway,0.29165247,15390,0.93276834,0.2698733
2018,Norway,0.25446132,13517,0.9659413,0.27560863
2019,Norway,0.15653396,8371,0.97510195,0.27742285
2001,Pakistan,33.275234,52980072,1.0705949,0.2865302
2004,Pakistan,20.203358,34476752,1.1899657,0.30886108
2005,Pakistan,20.296938,35392198,1.2271943,0.31261253
2007,Pakistan,14.898684,27104358,1.1281105,0.29669502
2010,Pakistan,9.381865,18243457,1.0828683,0.28780863
2011,Pakistan,9.587885,19041802,1.1343447,0.29697958
2013,Pakistan,7.362643,15118271,1.1145222,0.29528573
2015,Pakistan,5.110188,10780928,1.2269478,0.31291267
2018,Pakistan,4.932448,10838141,1.1222515,0.29589266
2000,Panama,11.071512,332337,4.99032,0.56639016
2001,Panama,14.062808,430466,5.196694,0.5674528
2002,Panama,9.564354,298503,4.8395376,0.5610198
2003,Panama,9.920747,315639,4.6846867,0.55662787
2004,Panama,8.794022,285217,4.4521046,0.54780126
2005,Panama,8.564978,283147,4.171767,0.5381147
2006,Panama,9.389637,316297,4.392247,0.546454
2007,Panama,6.665941,228749,3.8940833,0.5268926
2008,Panama,4.0731487,142368,3.8200216,0.52693385
2009,Panama,2.5282087,89988,3.6016867,0.5177117
2010,Panama,3.3920667,122916,3.5716677,0.5160976
2011,Panama,2.452237,90455,3.5252905,0.51348317
2012,Panama,3.4651458,130111,3.6175816,0.51739955
2013,Panama,2.2445593,85777,3.5806744,0.51457196
2014,Panama,2.8937745,112533,3.3668292,0.5046687
2015,Panama,1.5139548,59909,3.4193878,0.50806665
2016,Panama,1.5169268,61077,3.3478696,0.5040773
2017,Panama,2.0971286,85900,3.2554667,0.49888504
2018,Panama,1.4056449,58549,3.1348226,0.49212474
2019,Panama,1.0040996,42499,3.247524,0.49838337
2001,Paraguay,8.94098,465963,4.2443466,0.546293
2002,Paraguay,13.235834,699714,4.854204,0.5727629
2003,Paraguay,8.302468,444452,4.2033625,0.5493835
2004,Paraguay,5.7077723,309151,3.5726426,0.5226281
2005,Paraguay,6.0722804,332571,3.4173722,0.5138179
2006,Paraguay,7.947744,439882,3.8009548,0.5299549
2007,Paraguay,7.842305,438396,3.7565591,0.5304121
2008,Paraguay,4.321988,243983,3.3121998,0.50704694
2009,Paraguay,5.767492,328895,3.0706732,0.4914576
2010,Paraguay,5.4597416,314951,3.400538,0.5098244
2011,Paraguay,5.048014,295003,3.6870952,0.5230993
2012,Paraguay,3.33131,197324,2.8519378,0.47633564
2013,Paraguay,1.7875661,107355,2.862857,0.4793603
2014,Paraguay,2.413888,147023,3.3055193,0.50702643
2015,Paraguay,1.8913445,116846,2.810144,0.47605908
2016,Paraguay,1.6942916,106175,2.8461032,0.47899717
2017,Paraguay,0.98143935,62374,2.9196813,0.4854749
2018,Paraguay,1.4066867,90637,2.5534065,0.459551
2019,Paraguay,1.0115106,66052,2.5024273,0.45650637
2000,Peru,19.268625,5135944,3.136941,0.49073362
2001,Peru,20.254484,5471730,3.536323,0.5130633
2002,Peru,17.54501,4795841,4.013947,0.53565925
2003,Peru,14.664634,4050862,3.8424613,0.5308133
2004,Peru,16.311806,4550001,3.251947,0.4988085
2005,Peru,17.811798,5013535,3.383515,0.50451356
2006,Peru,15.597147,4426638,3.3748772,0.50332856
2007,Peru,13.215263,3779616,3.3098269,0.5002204
2008,Peru,10.917175,3144822,2.856978,0.4748734
2009,Peru,8.811538,2556168,2.756325,0.4700658
2010,Peru,6.8237686,1994558,2.53442,0.45537925
2011,Peru,6.5040245,1917238,2.4308095,0.4466015
2012,Peru,6.078547,1808343,2.3956435,0.4444041
2013,Peru,5.3963337,1620994,2.3132322,0.43882897
2014,Peru,4.824813,1464521,2.2186604,0.43139225
2015,Peru,4.7185483,1449154,2.231951,0.433564
2016,Peru,4.596183,1430919,2.2711303,0.43639258
2017,Peru,4.4970593,1421317,2.2331474,0.4329279
2018,Peru,3.5750043,1151292,2.1135452,0.42387646
2019,Peru,2.9952693,983193,2.0246346,0.41562784
2000,Philippines,15.031992,11718674,2.1385207,0.42799473
2003,Philippines,13.634615,11308936,2.003246,0.4149466
2006,Philippines,15.298533,13447692,2.144999,0.4285884
2009,Philippines,11.126217,10341480,2.029286,0.41760337
2012,Philippines,12.485543,12239868,2.0786185,0.4222433
2015,Philippines,8.290904,8542232,1.8836691,0.40351498
2018,Philippines,5.057057,5490388,1.6584466,0.37811705
2000,Poland,0.13940534,53335,1.29283,0.32965538
2001,Poland,0.08741436,33434,1.2785438,0.32849026
2002,Poland,0.084758155,32403,1.362653,0.34050205
2003,Poland,0.07538549,28801,1.4182512,0.34911335
2004,Poland,0.10529657,40205,1.4503509,0.3542606
2005,Poland,0.18467623,70483,1.3952645,0.3449258
2006,Poland,0.039085574,14908,1.3384801,0.33709115
2007,Poland,0.031426504,11980,1.329577,0.3350894
2008,Poland,0.012630832,4816,1.3458939,0.33717042
2009,Poland,0.015364228,5862,1.3326566,0.3357809
2010,Poland,0.0074669006,2841,1.3065008,0.33218834
2011,Poland,0.028970925,11027,1.2802075,0.32776344
2012,Poland,0.021968883,8362,1.2535214,0.32391277
2013,Poland,0.00905477,3444,1.2616521,0.3254952
2014,Poland,0.010303651,3917,1.2310666,0.32080153
2015,Poland,0.0,0,1.213845,0.31823528
2016,Poland,0.0045403675,1724,1.1552117,0.3079635
2017,Poland,0.0018125186,688,1.1285698,0.30296582
2018,Poland,0.0064735403,2458,1.1816705,0.3114105
2019,Poland,0.0,0,1.1297374,0.30239472
2003,Portugal,0.8958964,93700,1.7364563,0.38775352
2004,Portugal,0.5366484,56261,1.7573274,0.38938835
2005,Portugal,0.5435212,57088,1.7036136,0.38480073
2006,Portugal,0.092665896,9751,1.6622231,0.3806078
2007,Portugal,0.25771353,27171,1.5648628,0.36750183
2008,Portugal,0.13725239,14491,1.561004,0.3663415
2009,Portugal,0.16589662,17532,1.4325364,0.34907416
2010,Portugal,0.13645983,14428,1.5025653,0.35844672
2011,Portugal,0.5080361,53636,1.5328106,0.36344677
2012,Portugal,0.7032106,73941,1.4958086,0.36034793
2013,Portugal,0.8551859,89429,1.5066247,0.36187103
2014,Portugal,0.5456738,56756,1.4663054,0.35562173
2015,Portugal,0.48239422,49967,1.4619262,0.355233
2016,Portugal,0.374637,38683,1.4412775,0.3519052
2017,Portugal,0.41049597,42282,1.3463697,0.3380384
2018,Portugal,0.2902539,29849,1.3287264,0.33492562
2019,Portugal,0.14872062,15298,1.2769436,0.32762748
2000,Romania,6.21738,1395365,1.0660015,0.29323864
2001,Romania,4.441618,983018,1.0690835,0.2942906
2002,Romania,4.587095,996798,1.1146601,0.30229938
2003,Romania,3.1756175,685118,1.0992104,0.2991129
2004,Romania,2.2387342,480248,1.101981,0.30039373
2005,Romania,1.7717738,377737,1.0912627,0.2981939
2006,Romania,1.932632,409597,1.1266466,0.30464298
2007,Romania,0.86101323,179805,1.1129247,0.3020729
2008,Romania,0.0,0,1.0750841,0.29583812
2009,Romania,0.0,0,0.9930547,0.28189346
2010,Romania,0.0,0,0.9856524,0.2815824
2011,Romania,0.0,0,0.94398856,0.2721152
2012,Romania,0.0,0,0.9453875,0.27334237
2013,Romania,0.0,0,0.95627946,0.274507
2014,Romania,7.0226746,1398143,1.4615183,0.3601154
2015,Romania,5.266119,1043514,1.4675047,0.3591389
2016,Romania,0.0,0,1.0037707,0.28345704
2017,Romania,3.2661333,639794,1.4687406,0.36016828
2018,Romania,0.0,0,1.028007,0.28782865
2019,Romania,2.1640766,419217,1.3811892,0.348042
2000,Russian Federation,2.9754066,4361853,1.5749067,0.3709283
2001,Russian Federation,1.7576264,2565721,1.5636424,0.36925116
2002,Russian Federation,1.0113968,1469625,1.5892135,0.3728383
2003,Russian Federation,1.0929874,1580991,1.840692,0.3997157
2004,Russian Federation,1.0032749,1445391,1.8778741,0.40315843
2005,Russian Federation,0.7747562,1111921,1.9704959,0.41265607
2006,Russian Federation,0.44096822,630803,1.9464257,0.4095095
2007,Russian Federation,0.20139945,287609,2.09018,0.42272472
2008,Russian Federation,0.09212515,131502,2.0104365,0.41568586
2009,Russian Federation,0.066181496,94497,1.8342195,0.398456
2010,Russian Federation,0.08332945,119036,1.8060035,0.39548978
2011,Russian Federation,0.038264908,54704,1.829594,0.39749315
2012,Russian Federation,0.0322114,46127,1.9308597,0.40714827
2013,Russian Federation,0.008163993,11716,1.9501383,0.40884423
2014,Russian Federation,0.021315757,30656,1.8572053,0.3988122
2015,Russian Federation,0.03634019,52365,1.6477901,0.37740842
2016,Russian Federation,0.027193299,39251,1.567601,0.368485
2017,Russian Federation,0.033431694,48308,1.6011659,0.37239072
2018,Russian Federation,0.029192207,42176,1.6366794,0.37473005
2019,Russian Federation,0.030001637,43324,1.6572229,0.37691438
2000,Rwanda,75.21361,6099815,2.9024847,0.48547274
2005,Rwanda,66.05174,5962028,3.4629924,0.52039415
2010,Rwanda,59.20516,6103478,2.701993,0.47222415
2013,Rwanda,53.74719,5966664,2.4296727,0.4511283
2016,Rwanda,52.005394,6204711,2.2505758,0.43710047
2002,Serbia,0.12799849,9595,1.2824149,0.32743752
2003,Serbia,0.38046145,28461,1.2846035,0.32828978
2004,Serbia,0.7966685,59457,1.4686756,0.3547365
2005,Serbia,0.7877403,58614,1.5557965,0.36460423
2006,Serbia,0.47052857,34874,1.0883938,0.2972948
2007,Serbia,0.36930904,27261,1.0354638,0.287067
2008,Serbia,0.11198602,8231,0.9772357,0.2756142
2009,Serbia,0.14450179,10579,0.993992,0.2797415
2010,Serbia,0.09777941,7130,1.0427681,0.29016605
2012,Serbia,5.340191,384444,1.8386376,0.39924657
2013,Serbia,0.22547902,16154,1.0445737,0.29017115
2014,Serbia,6.92315,493660,1.9029225,0.40494144
2015,Serbia,0.07171906,5089,1.0275952,0.28515735
2016,Serbia,6.3563867,448654,1.7260137,0.38832498
2017,Serbia,5.394842,378764,1.4785497,0.36151898
2018,Serbia,0.037043028,2587,1.1190357,0.30351058
2019,Serbia,0.045231834,3141,1.0359144,0.28953245
2003,Sierra Leone,61.33198,3281817,1.8791432,0.4016773
2011,Sierra Leone,38.698128,2558869,1.3570726,0.3403024
2018,Sierra Leone,26.062035,2048810,1.5024241,0.35690176
2004,Slovakia,0.07502055,4030,1.0714293,0.28937387
2005,Slovakia,0.09284782,4989,1.1128252,0.29834425
2006,Slovakia,0.0,0,1.0135508,0.2770951
2007,Slovakia,0.0,0,1.0286056,0.28004834
2008,Slovakia,0.0,0,0.97134167,0.26874396
2009,Slovakia,0.0,0,0.92678326,0.26016095
2010,Slovakia,0.4951079,26693,0.9517069,0.2731572
2011,Slovakia,0.4238608,22882,0.9057899,0.26538378
2012,Slovakia,0.40092897,21681,0.8817434,0.26116297
2013,Slovakia,0.28149927,15239,0.99157095,0.2808621
2014,Slovakia,0.6754492,36600,0.8781727,0.26106635
2015,Slovakia,0.66175985,35893,0.905785,0.26491657
2016,Slovakia,1.3807007,74983,0.83658475,0.25167745
2017,Slovakia,0.22536847,12258,0.7452847,0.23237751
2018,Slovakia,0.16945708,9230,0.81976795,0.24970147
2019,Slovakia,0.11811627,6442,0.7552238,0.23232324
2002,Slovenia,0.0,0,1.0492514,0.2912161
2003,Slovenia,0.0,0,1.1415395,0.30866024
2004,Slovenia,0.025957223,518,0.84431106,0.24790739
2005,Slovenia,0.101450935,2029,0.8390295,0.24634863
2006,Slovenia,0.05046054,1013,0.8249578,0.24363928
2007,Slovenia,0.03234887,653,0.825396,0.24354753
2008,Slovenia,0.0,0,0.8025221,0.23718019
2009,Slovenia,0.0,0,0.8438442,0.24787736
2010,Slovenia,0.009157744,188,0.8517622,0.24933259
2011,Slovenia,0.0,0,0.84971005,0.24868034
2012,Slovenia,0.026254445,540,0.877562,0.25585502
2013,Slovenia,0.021756856,448,0.90686405,0.26241106
2014,Slovenia,0.0,0,0.8825767,0.25657535
2015,Slovenia,0.004852958,100,0.8744915,0.25408465
2016,Slovenia,0.0,0,0.8442894,0.24757937
2017,Slovenia,0.0,0,0.82337505,0.24219307
2018,Slovenia,0.0,0,0.8488715,0.24633364
2019,Slovenia,0.0,0,0.83644545,0.24384232
2000,South Africa,36.825283,17239118,5.1871986,0.5776966
2005,South Africa,28.331333,13887211,7.4292936,0.6476249
2008,South Africa,18.662973,9437084,6.860522,0.63009
2010,South Africa,18.035963,9339909,7.1338053,0.63383186
2014,South Africa,20.492558,11215484,7.0650516,0.6302607
2006,"Korea, Republic of",0.24944234,120826,1.1852024,0.31702983
2008,"Korea, Republic of",0.24275911,119085,1.2224115,0.32324833
2010,"Korea, Republic of",0.4958997,245739,1.19989,0.32021224
2012,"Korea, Republic of",0.24928062,125139,1.170449,0.31558052
2014,"Korea, Republic of",0.23564287,119581,1.147472,0.31192905
2016,"Korea, Republic of",0.22666515,116093,1.1714294,0.31404856
2000,Spain,0.67538816,273991,1.346273,0.34129852
2003,Spain,0.8087511,341193,1.1893973,0.31804666
2004,Spain,0.81765175,350952,1.2827018,0.33305293
2005,Spain,0.7379749,322149,1.2275991,0.32435638
2006,Spain,0.76963174,341696,1.299456,0.33545226
2007,Spain,0.36304086,164192,1.3480667,0.34138834
2008,Spain,0.4889186,224678,1.3563737,0.34221572
2009,Spain,0.80560046,373500,1.398976,0.34926125
2010,Spain,0.67572516,314732,1.4226907,0.35246837
2011,Spain,1.1273297,526944,1.4553683,0.35698605
2012,Spain,0.93659365,438073,1.4316181,0.3540633
2013,Spain,1.136304,529745,1.4941528,0.36185166
2014,Spain,0.7871572,365878,1.4837854,0.36054415
2015,Spain,0.90352696,419642,1.4987999,0.3618142
2016,Spain,1.1252797,523076,1.4596453,0.35759893
2017,Spain,0.67809105,315945,1.3802161,0.34654546
2018,Spain,0.8386145,392453,1.3788416,0.3471895
2019,Spain,0.79381347,374163,1.3449954,0.34305838
2002,Sri Lanka,11.017083,2105443,1.8742869,0.40171906
2006,Sri Lanka,5.6293645,1118594,1.8273573,0.3966902
2009,Sri Lanka,3.4954607,715957,1.5295255,0.36054152
2012,Sri Lanka,2.5871487,543745,1.7528206,0.38713607
2016,Sri Lanka,1.2953176,277528,1.8160186,0.39345774
2019,Sri Lanka,0.95861256,209006,1.6653275,0.37663776
2000,Sweden,0.0,0,0.95158273,0.2723644
2002,Sweden,0.0,0,0.88206095,0.25799814
2003,Sweden,0.32370964,28999,0.8425335,0.25269747
2004,Sweden,0.397172,35720,0.89228845,0.26142174
2005,Sweden,1.0845832,97933,0.9125862,0.26825675
2006,Sweden,0.36438262,33088,0.8994754,0.26352492
2007,Sweden,0.41083917,37584,0.9338602,0.27116105
2008,Sweden,0.5764025,53142,0.9852457,0.28121334
2009,Sweden,0.45801592,42589,0.934632,0.2734147
2010,Sweden,0.5474092,51337,0.9560983,0.2773816
2011,Sweden,0.6156513,58174,0.94607365,0.2760662
2012,Sweden,0.45700213,43504,0.94865304,0.2764538
2013,Sweden,0.65087146,62486,1.00593,0.2882522
2014,Sweden,0.47433352,45992,0.990665,0.28389722
2015,Sweden,0.5691551,55773,1.0378115,0.29210192
2016,Sweden,0.26145265,25944,1.0621969,0.29562175
2017,Sweden,0.24834995,24978,1.0085342,0.28774604
2018,Sweden,0.72550684,73822,1.0689924,0.2997419
2019,Sweden,0.3165186,32535,1.0387313,0.29305574
2000,Switzerland,0.0,0,1.2987957,0.33431056
2002,Switzerland,0.0,0,1.1811594,0.31686732
2006,Switzerland,0.046570357,3485,1.3421466,0.33918807
2007,Switzerland,0.0208164,1572,1.3745263,0.34255534
2008,Switzerland,0.068479605,5237,1.3474385,0.337947
2009,Switzerland,0.038057733,2947,1.2773699,0.32855856
2010,Switzerland,0.048670206,3808,1.2581975,0.3255303
2011,Switzerland,0.0031113164,246,1.1996449,0.3171362
2012,Switzerland,0.008965495,717,1.2010106,0.31567127
2013,Switzerland,0.042183742,3412,1.2543713,0.3246219
2014,Switzerland,0.032768063,2683,1.2558901,0.3252566
2015,Switzerland,0.030542554,2530,1.2422619,0.32306957
2016,Switzerland,0.03427533,2870,1.2881725,0.33042452
2017,Switzerland,0.0,0,1.2621231,0.32676333
2018,Switzerland,0.03050398,2597,1.2947546,0.3314105
2003,Syrian Arab Republic,1.0981212,193394,1.6336439,0.37514603
2003,Tajikistan,36.74976,2452125,1.2668046,0.32722694
2004,Tajikistan,21.35816,1452612,1.3395082,0.3360195
2007,Tajikistan,12.797472,919932,1.2281169,0.32191613
2009,Tajikistan,6.792115,507276,1.1442807,0.30774954
2015,Tajikistan,6.114529,521206,1.3552,0.33995718
2000,"Tanzania, United Republic of",84.03533,28961688,1.6014012,0.3730113
2007,"Tanzania, United Republic of",56.240715,23461656,1.887967,0.40279096
2011,"Tanzania, United Republic of",44.655464,20727294,1.6725353,0.3778315
2018,"Tanzania, United Republic of",44.94932,26111261,1.9110783,0.4049123
2000,Thailand,3.9674916,2502162,2.1384509,0.42833668
2002,Thailand,1.7592947,1129865,2.0547066,0.41944495
2004,Thailand,1.1857115,774402,2.131046,0.42540312
2006,Thailand,0.92987514,616689,2.0448403,0.41819033
2007,Thailand,0.54169595,361998,1.8328271,0.39761516
2008,Thailand,0.30446866,204993,1.8806475,0.40288273
2009,Thailand,0.24722661,167653,1.8169885,0.39601263
2010,Thailand,0.26523823,181079,1.8008525,0.3940277
2011,Thailand,0.07156153,49172,1.6363328,0.37459034
2012,Thailand,0.11532052,79752,1.780666,0.39256668
2013,Thailand,0.060821895,42319,1.64944,0.37847108
2014,Thailand,0.090258256,63146,1.5813012,0.37032664
2015,Thailand,0.04653752,32713,1.5129905,0.35987332
2016,Thailand,0.0361475,25523,1.5758654,0.3689063
2017,Thailand,0.037088282,26295,1.5481654,0.36528754
2018,Thailand,0.032133956,22856,1.5339434,0.36412174
2019,Thailand,0.0950376,67769,1.4167985,0.34855723
2000,Tunisia,4.379243,433252,1.9529554,0.4080948
2005,Tunisia,2.5680616,266779,1.650907,0.37733382
2010,Tunisia,1.4960226,162993,1.4748656,0.35808256
2015,Tunisia,0.14006154,16188,1.2694681,0.32815883
2002,Türkiye,2.1044152,1388675,2.0083535,0.41396376
2003,Türkiye,3.8555894,2578130,2.0896094,0.42184338
2004,Türkiye,2.0136497,1364954,1.9995761,0.4128751
2005,Türkiye,2.3406663,1608148,2.164212,0.42614657
2006,Türkiye,1.7702271,1232102,1.8280971,0.39647412
2007,Türkiye,1.3053389,919858,1.6893001,0.384428
2008,Türkiye,0.56494784,402925,1.7717892,0.3902054
2009,Türkiye,0.72038996,520306,1.7521124,0.3896531
2010,Türkiye,0.77376914,566363,1.7347964,0.3878508
2011,Türkiye,0.12952742,96075,1.8611007,0.40039355
2012,Türkiye,0.09306085,70054,1.8679279,0.40168938
2013,Türkiye,0.29810533,228277,1.8719348,0.401785
2014,Türkiye,0.20468259,159882,1.9769623,0.41236562
2015,Türkiye,0.21237287,169147,2.1581771,0.42854458
2016,Türkiye,0.20271698,164240,2.0491233,0.41873705
2017,Türkiye,0.13864724,113815,1.99583,0.41405666
2018,Türkiye,0.040396955,33452,2.049299,0.4187752
2019,Türkiye,0.3606098,301043,2.039494,0.41909108
2002,Uganda,66.704,17039598,2.4272826,0.45172325
2005,Uganda,58.031536,16217834,2.1694522,0.4294474
2009,Uganda,46.715183,14674416,2.3209722,0.4419556
2012,Uganda,37.544044,12867581,1.9592223,0.41009966
2016,Uganda,42.730896,16557495,2.141714,0.42753693
2019,Uganda,42.20773,18127832,2.1396534,0.42705452
2002,Ukraine,2.662997,1283630,1.0491055,0.29045695
2003,Ukraine,1.138516,544358,1.0379562,0.28664893
2004,Ukraine,0.9296715,441144,1.0430031,0.28934017
2005,Ukraine,0.3968115,186919,1.047493,0.29020715
2006,Ukraine,0.16045214,75072,1.1004609,0.29794392
2007,Ukraine,0.10203078,47454,0.9481321,0.27012688
2008,Ukraine,0.026821088,12407,0.93239003,0.2663823
2009,Ukraine,0.06931827,31923,0.87259746,0.25316665
2010,Ukraine,0.012536798,5751,0.855737,0.24818976
2011,Ukraine,0.011348583,5187,0.8411859,0.24551843
2012,Ukraine,0.11384704,51907,0.8469685,0.24740657
2013,Ukraine,0.004414646,2008,0.84973824,0.24554986
2014,Ukraine,0.012276275,5558,0.82177293,0.24025366
2015,Ukraine,0.12321677,55637,0.88837385,0.2545754
2016,Ukraine,0.0983475,44261,0.86633897,0.25002202
2017,Ukraine,0.03222395,14446,0.91016144,0.26049048
2018,Ukraine,0.009935224,4433,0.9206305,0.26071486
2019,Ukraine,0.0,0,0.9421191,0.26619467
2013,United Arab Emirates,0.0,0,1.1739618,0.3251042
2000,United Kingdom,0.2488854,146575,1.7532496,0.38848642
2001,United Kingdom,0.24793082,146576,1.5972219,0.37086216
2002,United Kingdom,0.24940577,148073,1.4463974,0.35146394
2003,United Kingdom,0.24987273,149043,1.4227456,0.34856063
2004,United Kingdom,0.24976642,149830,1.4183339,0.34834158
2005,United Kingdom,0.24664982,148979,1.4727739,0.35485032
2006,United Kingdom,0.23013963,140033,1.50243,0.35879987
2007,United Kingdom,0.24377541,149489,1.3831128,0.34413147
2008,United Kingdom,0.2468745,152586,1.4614167,0.35445124
2009,United Kingdom,0.24892771,155023,1.4365021,0.35137364
2010,United Kingdom,0.24635163,154626,1.3365462,0.337056
2011,United Kingdom,0.24730621,156443,1.301056,0.33191085
2012,United Kingdom,0.24467662,155860,1.2869881,0.33090645
2013,United Kingdom,0.24445823,156767,1.2629087,0.32699567
2014,United Kingdom,0.24630047,159116,1.2911532,0.3314094
2015,United Kingdom,0.24924742,162300,1.3055524,0.33311963
2016,United Kingdom,0.24917287,163486,1.2894244,0.33109328
2017,United Kingdom,0.24929656,164682,1.2510027,0.32609162
2018,United Kingdom,0.49848223,331293,1.3272818,0.33691058
2019,United Kingdom,0.49803847,332871,1.2699081,0.32825133
2000,United States,0.74959534,2115076,1.8649676,0.40140685
2001,United States,0.7493069,2135292,1.912547,0.4059678
2002,United States,0.74891585,2154071,1.8851098,0.40354446
2003,United States,0.9974198,2893594,1.9242065,0.4077259
2004,United States,0.9998821,2927708,1.8761647,0.40253353
2005,United States,0.99973184,2954374,1.9482313,0.4096537
2006,United States,0.9989091,2980544,1.998448,0.41398576
2007,United States,0.99989045,3011982,1.9318398,0.4079857
2008,United States,0.99974924,3040177,1.9308434,0.4081219
2009,United States,0.9993861,3065832,1.911055,0.40610814
2010,United States,0.99972683,3092426,1.8401909,0.40010712
2011,United States,0.9989762,3112645,1.9395618,0.40937114
2012,United States,0.99847966,3134005,1.9433736,0.4093686
2013,United States,0.99546385,3146263,1.9118197,0.40652013
2014,United States,1.2489468,3976476,1.9834739,0.41511607
2015,United States,1.2491881,4006633,1.9580587,0.4123878
2016,United States,0.9993911,3228750,1.9563315,0.41121885
2017,United States,1.2499229,4063776,1.965033,0.4118056
2018,United States,0.9997919,3267702,1.9939733,0.41407844
2019,United States,0.99917054,3280576,2.0078287,0.41535568
2006,Uruguay,0.5640882,18741,2.5636027,0.4594159
2007,Uruguay,0.38097277,12681,2.628615,0.46405134
2008,Uruguay,0.22757798,7592,2.4405382,0.4508178
2009,Uruguay,0.28220025,9437,2.5125055,0.45541683
2010,Uruguay,0.16911623,5670,2.3608372,0.44475016
2011,Uruguay,0.13941857,4687,2.0818841,0.42175317
2012,Uruguay,0.1693853,5710,1.832165,0.3990057
2013,Uruguay,0.17424801,5892,1.8952827,0.4045091
2014,Uruguay,0.15346177,5205,1.8610924,0.40111083
2015,Uruguay,0.14976595,5096,1.8688357,0.4012877
2016,Uruguay,0.09227166,3150,1.8222536,0.396955
2017,Uruguay,0.06634591,2270,1.8004321,0.3946453
2018,Uruguay,0.055849954,1914,1.819505,0.3968724
2019,Uruguay,0.102072,3499,1.8233488,0.39676544
2000,Uzbekistan,81.34299,20051371,1.520987,0.36102813
2002,Uzbekistan,80.46969,20336180,1.3139805,0.3304368
2003,Uzbekistan,81.503525,20838537,1.4575814,0.35268798
2001,"Venezuela, Bolivarian Republic of",10.2914915,2560544,2.7583425,0.4723142
2002,"Venezuela, Bolivarian Republic of",16.381353,4149549,3.0798395,0.49013415
2003,"Venezuela, Bolivarian Republic of",19.652534,5066822,2.9362185,0.4810232
2004,"Venezuela, Bolivarian Republic of",16.60901,4356033,2.833818,0.47504124
2005,"Venezuela, Bolivarian Republic of",14.35571,3828493,3.2006516,0.49459177
2006,"Venezuela, Bolivarian Republic of",7.1300364,1932388,2.4064918,0.44770497
2002,Viet Nam,29.939255,24143706,1.5933121,0.37029624
2004,Viet Nam,20.142012,16579137,1.5620182,0.36785832
2006,Viet Nam,14.901668,12510218,1.4861197,0.35788617
2008,Viet Nam,11.139827,9535385,1.472673,0.35570312
2010,Viet Nam,2.8704822,2509118,1.7848465,0.39252725
2012,Viet Nam,1.6601624,1482547,1.4826205,0.35645887
2014,Viet Nam,1.9120458,1744465,1.407629,0.34755376
2016,Viet Nam,1.2634453,1176603,1.4443699,0.3526674
2018,Viet Nam,1.2314411,1168814,1.4794563,0.35715547
2005,Yemen,10.542901,2247817,1.4414304,0.34732336
2014,Yemen,19.802757,5495919,1.5691642,0.36707094
2002,Zambia,56.388855,5925507,2.0679865,0.42061925
2004,Zambia,61.062454,6831692,4.0939803,0.5429478
2006,Zambia,64.69803,7745368,4.1776333,0.54617506
2010,Zambia,64.4019,8882366,3.55796,0.52034676
2015,Zambia,60.793095,9877802,4.619834,0.55936635
2011,Zimbabwe,21.580063,2810973,2.207938,0.43153575
2017,Zimbabwe,34.206043,5045768,2.3073597,0.44337082
2019,Zimbabwe,39.75453,6104153,3.1996987,0.5025645
