Entity,Code,Year,suicides_rate_100k
Albania,ALB,2000,5.23
Albania,ALB,2001,4.74
Albania,ALB,2002,4.82
Albania,ALB,2003,4.94
Albania,ALB,2004,4.86
Albania,ALB,2005,7.68
Albania,ALB,2006,7.83
Albania,ALB,2007,8.05
Albania,ALB,2008,8.09
Albania,ALB,2009,7.96
Albania,ALB,2010,7.63
Albania,ALB,2011,7.63
Albania,ALB,2012,4.82
Albania,ALB,2013,4.84
Albania,ALB,2014,4.52
Albania,ALB,2015,4.23
Albania,ALB,2016,4.17
Albania,ALB,2017,4.11
Albania,ALB,2018,3.94
Albania,ALB,2019,3.72
Algeria,DZA,2000,4.68
Algeria,DZA,2001,4.58
Algeria,DZA,2002,4.43
Algeria,DZA,2003,4.12
Algeria,DZA,2004,3.97
Algeria,DZA,2005,3.82
Algeria,DZA,2006,3.65
Algeria,DZA,2007,3.46
Algeria,DZA,2008,3.31
Algeria,DZA,2009,3.15
Algeria,DZA,2010,3.0
Algeria,DZA,2011,2.94
Algeria,DZA,2012,2.89
Algeria,DZA,2013,2.85
Algeria,DZA,2014,2.78
Algeria,DZA,2015,2.72
Algeria,DZA,2016,2.61
Algeria,DZA,2017,2.54
Algeria,DZA,2018,2.58
Algeria,DZA,2019,2.6
Angola,AGO,2000,17.5554
Angola,AGO,2001,17.4593
Angola,AGO,2002,17.2385
Angola,AGO,2003,17.4684
Angola,AGO,2004,17.1937
Angola,AGO,2005,16.2643
Angola,AGO,2006,17.0635
Angola,AGO,2007,15.023
Angola,AGO,2008,15.2736
Angola,AGO,2009,13.646
Angola,AGO,2010,14.2111
Angola,AGO,2011,13.4898
Angola,AGO,2012,14.1605
Angola,AGO,2013,14.156
Angola,AGO,2014,13.1431
Angola,AGO,2015,13.2696
Angola,AGO,2016,12.8709
Angola,AGO,2017,12.364
Angola,AGO,2018,12.3511
Angola,AGO,2019,12.5546
Armenia,ARM,2000,3.28
Armenia,ARM,2001,3.07
Armenia,ARM,2002,3.1
Armenia,ARM,2003,2.49
Armenia,ARM,2004,3.64
Armenia,ARM,2005,3.81
Armenia,ARM,2006,5.36
Armenia,ARM,2007,5.02
Armenia,ARM,2008,4.23
Armenia,ARM,2009,4.06
Armenia,ARM,2010,5.86
Armenia,ARM,2011,5.74
Armenia,ARM,2012,6.39
Armenia,ARM,2013,5.31
Armenia,ARM,2014,4.63
Armenia,ARM,2015,4.7
Armenia,ARM,2016,4.43
Armenia,ARM,2017,2.43
Armenia,ARM,2018,1.65
Armenia,ARM,2019,2.66
Australia,AUS,2000,11.8476
Australia,AUS,2001,11.1879
Australia,AUS,2002,10.3849
Australia,AUS,2003,9.61
Australia,AUS,2004,9.21
Australia,AUS,2005,10.0728
Australia,AUS,2006,9.53
Australia,AUS,2007,9.82
Australia,AUS,2008,10.4492
Australia,AUS,2009,10.0127
Australia,AUS,2010,10.4083
Australia,AUS,2011,10.0623
Australia,AUS,2012,10.4771
Australia,AUS,2013,10.244
Australia,AUS,2014,11.3146
Australia,AUS,2015,11.8127
Australia,AUS,2016,10.9183
Australia,AUS,2017,11.7932
Australia,AUS,2018,11.2611
Australia,AUS,2019,11.2523
Austria,AUT,2000,15.8195
Austria,AUT,2001,14.6853
Austria,AUT,2002,15.1121
Austria,AUT,2003,14.2473
Austria,AUT,2004,13.6298
Austria,AUT,2005,13.2843
Austria,AUT,2006,12.4933
Austria,AUT,2007,12.1626
Austria,AUT,2008,11.6692
Austria,AUT,2009,11.8926
Austria,AUT,2010,12.2086
Austria,AUT,2011,12.2841
Austria,AUT,2012,11.7788
Austria,AUT,2013,11.4524
Austria,AUT,2014,12.043
Austria,AUT,2015,11.3898
Austria,AUT,2016,11.1316
Austria,AUT,2017,10.7721
Austria,AUT,2018,11.188
Austria,AUT,2019,10.4022
Azerbaijan,AZE,2000,3.42
Azerbaijan,AZE,2001,3.72
Azerbaijan,AZE,2002,3.88
Azerbaijan,AZE,2003,4.04
Azerbaijan,AZE,2004,4.5
Azerbaijan,AZE,2005,4.69
Azerbaijan,AZE,2006,4.85
Azerbaijan,AZE,2007,5.0
Azerbaijan,AZE,2008,4.79
Azerbaijan,AZE,2009,4.64
Azerbaijan,AZE,2010,4.53
Azerbaijan,AZE,2011,4.44
Azerbaijan,AZE,2012,4.31
Azerbaijan,AZE,2013,4.19
Azerbaijan,AZE,2014,4.1
Azerbaijan,AZE,2015,3.99
Azerbaijan,AZE,2016,3.92
Azerbaijan,AZE,2017,3.91
Azerbaijan,AZE,2018,3.92
Azerbaijan,AZE,2019,3.97
Bangladesh,BGD,2000,6.87
Bangladesh,BGD,2001,6.45
Bangladesh,BGD,2002,6.1
Bangladesh,BGD,2003,5.81
Bangladesh,BGD,2004,5.56
Bangladesh,BGD,2005,5.57
Bangladesh,BGD,2006,5.6
Bangladesh,BGD,2007,5.48
Bangladesh,BGD,2008,5.25
Bangladesh,BGD,2009,5.06
Bangladesh,BGD,2010,4.82
Bangladesh,BGD,2011,4.34
Bangladesh,BGD,2012,4.0
Bangladesh,BGD,2013,3.8
Bangladesh,BGD,2014,3.73
Bangladesh,BGD,2015,3.64
Bangladesh,BGD,2016,3.6
Bangladesh,BGD,2017,3.68
Bangladesh,BGD,2018,3.75
Bangladesh,BGD,2019,3.85
Belarus,BLR,2000,37.2581
Belarus,BLR,2001,38.3293
Belarus,BLR,2002,38.7155
Belarus,BLR,2003,37.0916
Belarus,BLR,2004,36.0549
Belarus,BLR,2005,37.2498
Belarus,BLR,2006,34.7593
Belarus,BLR,2007,30.9091
Belarus,BLR,2008,30.5771
Belarus,BLR,2009,30.4129
Belarus,BLR,2010,29.8878
Belarus,BLR,2011,30.1626
Belarus,BLR,2012,24.6284
Belarus,BLR,2013,22.8161
Belarus,BLR,2014,21.5857
Belarus,BLR,2015,19.5525
Belarus,BLR,2016,19.3953
Belarus,BLR,2017,18.4619
Belarus,BLR,2018,17.9443
Belarus,BLR,2019,16.4924
Belgium,BEL,2000,18.3015
Belgium,BEL,2001,18.4477
Belgium,BEL,2002,17.1173
Belgium,BEL,2003,17.8873
Belgium,BEL,2004,16.6673
Belgium,BEL,2005,16.7429
Belgium,BEL,2006,16.5796
Belgium,BEL,2007,15.0791
Belgium,BEL,2008,16.5806
Belgium,BEL,2009,16.7053
Belgium,BEL,2010,16.517
Belgium,BEL,2011,16.7076
Belgium,BEL,2012,16.4241
Belgium,BEL,2013,15.3826
Belgium,BEL,2014,15.1285
Belgium,BEL,2015,14.4114
Belgium,BEL,2016,15.0211
Belgium,BEL,2017,14.5945
Belgium,BEL,2018,14.3193
Belgium,BEL,2019,13.9283
Belize,BLZ,2000,10.0134
Belize,BLZ,2001,8.19
Belize,BLZ,2002,8.09
Belize,BLZ,2003,8.17
Belize,BLZ,2004,8.84
Belize,BLZ,2005,7.09
Belize,BLZ,2006,7.19
Belize,BLZ,2007,6.69
Belize,BLZ,2008,5.7
Belize,BLZ,2009,7.48
Belize,BLZ,2010,8.18
Belize,BLZ,2011,7.92
Belize,BLZ,2012,7.35
Belize,BLZ,2013,6.83
Belize,BLZ,2014,6.89
Belize,BLZ,2015,6.87
Belize,BLZ,2016,6.67
Belize,BLZ,2017,7.71
Belize,BLZ,2018,7.16
Belize,BLZ,2019,7.65
Bhutan,BTN,2000,6.91
Bhutan,BTN,2001,6.82
Bhutan,BTN,2002,6.46
Bhutan,BTN,2003,6.35
Bhutan,BTN,2004,6.12
Bhutan,BTN,2005,5.99
Bhutan,BTN,2006,5.85
Bhutan,BTN,2007,5.67
Bhutan,BTN,2008,5.52
Bhutan,BTN,2009,5.38
Bhutan,BTN,2010,5.24
Bhutan,BTN,2011,5.21
Bhutan,BTN,2012,5.22
Bhutan,BTN,2013,5.2
Bhutan,BTN,2014,5.19
Bhutan,BTN,2015,5.16
Bhutan,BTN,2016,5.05
Bhutan,BTN,2017,5.14
Bhutan,BTN,2018,5.11
Bhutan,BTN,2019,5.07
"Bolivia, Plurinational State of",BOL,2000,8.37
"Bolivia, Plurinational State of",BOL,2001,8.05
"Bolivia, Plurinational State of",BOL,2002,7.93
"Bolivia, Plurinational State of",BOL,2003,7.72
"Bolivia, Plurinational State of",BOL,2004,7.53
"Bolivia, Plurinational State of",BOL,2005,7.41
"Bolivia, Plurinational State of",BOL,2006,7.0
"Bolivia, Plurinational State of",BOL,2007,7.17
"Bolivia, Plurinational State of",BOL,2008,7.01
"Bolivia, Plurinational State of",BOL,2009,6.99
"Bolivia, Plurinational State of",BOL,2010,7.0
"Bolivia, Plurinational State of",BOL,2011,7.05
"Bolivia, Plurinational State of",BOL,2012,6.9
"Bolivia, Plurinational State of",BOL,2013,6.87
"Bolivia, Plurinational State of",BOL,2014,7.04
"Bolivia, Plurinational State of",BOL,2015,7.2
"Bolivia, Plurinational State of",BOL,2016,7.43
"Bolivia, Plurinational State of",BOL,2017,7.17
"Bolivia, Plurinational State of",BOL,2018,6.97
"Bolivia, Plurinational State of",BOL,2019,6.82
Botswana,BWA,2000,46.2526
Botswana,BWA,2001,44.6795
Botswana,BWA,2002,42.1921
Botswana,BWA,2003,40.3419
Botswana,BWA,2004,40.944
Botswana,BWA,2005,43.434
Botswana,BWA,2006,40.9431
Botswana,BWA,2007,37.4499
Botswana,BWA,2008,36.0592
Botswana,BWA,2009,32.1327
Botswana,BWA,2010,31.1989
Botswana,BWA,2011,29.086
Botswana,BWA,2012,28.9869
Botswana,BWA,2013,27.7511
Botswana,BWA,2014,25.3485
Botswana,BWA,2015,24.5486
Botswana,BWA,2016,22.9024
Botswana,BWA,2017,22.3226
Botswana,BWA,2018,22.059
Botswana,BWA,2019,20.2166
Brazil,BRA,2000,4.47
Brazil,BRA,2001,4.88
Brazil,BRA,2002,4.77
Brazil,BRA,2003,4.69
Brazil,BRA,2004,4.73
Brazil,BRA,2005,4.96
Brazil,BRA,2006,4.9
Brazil,BRA,2007,5.05
Brazil,BRA,2008,5.22
Brazil,BRA,2009,5.19
Brazil,BRA,2010,5.0
Brazil,BRA,2011,5.19
Brazil,BRA,2012,5.29
Brazil,BRA,2013,5.41
Brazil,BRA,2014,5.4
Brazil,BRA,2015,5.6
Brazil,BRA,2016,5.67
Brazil,BRA,2017,6.19
Brazil,BRA,2018,6.51
Brazil,BRA,2019,6.41
Bulgaria,BGR,2000,14.0476
Bulgaria,BGR,2001,13.158
Bulgaria,BGR,2002,12.9651
Bulgaria,BGR,2003,11.1807
Bulgaria,BGR,2004,10.5158
Bulgaria,BGR,2005,9.56
Bulgaria,BGR,2006,9.46
Bulgaria,BGR,2007,8.57
Bulgaria,BGR,2008,9.19
Bulgaria,BGR,2009,8.51
Bulgaria,BGR,2010,8.45
Bulgaria,BGR,2011,7.9
Bulgaria,BGR,2012,8.75
Bulgaria,BGR,2013,7.35
Bulgaria,BGR,2014,7.13
Bulgaria,BGR,2015,6.77
Bulgaria,BGR,2016,6.57
Bulgaria,BGR,2017,6.65
Bulgaria,BGR,2018,6.6
Bulgaria,BGR,2019,6.5
Burundi,BDI,2000,23.428
Burundi,BDI,2001,21.6382
Burundi,BDI,2002,20.5142
Burundi,BDI,2003,19.3818
Burundi,BDI,2004,18.5496
Burundi,BDI,2005,17.9364
Burundi,BDI,2006,17.5338
Burundi,BDI,2007,16.4842
Burundi,BDI,2008,15.6584
Burundi,BDI,2009,15.2217
Burundi,BDI,2010,14.9155
Burundi,BDI,2011,14.5149
Burundi,BDI,2012,14.0871
Burundi,BDI,2013,13.7528
Burundi,BDI,2014,13.139
Burundi,BDI,2015,12.7543
Burundi,BDI,2016,12.6147
Burundi,BDI,2017,12.4632
Burundi,BDI,2018,12.313
Burundi,BDI,2019,12.1224
Cameroon,CMR,2000,19.124
Cameroon,CMR,2001,19.4279
Cameroon,CMR,2002,19.2288
Cameroon,CMR,2003,19.4853
Cameroon,CMR,2004,19.3703
Cameroon,CMR,2005,20.5578
Cameroon,CMR,2006,20.9197
Cameroon,CMR,2007,20.3976
Cameroon,CMR,2008,20.1161
Cameroon,CMR,2009,19.9693
Cameroon,CMR,2010,19.5067
Cameroon,CMR,2011,19.4055
Cameroon,CMR,2012,19.1532
Cameroon,CMR,2013,18.7119
Cameroon,CMR,2014,17.9391
Cameroon,CMR,2015,17.0898
Cameroon,CMR,2016,16.6157
Cameroon,CMR,2017,16.1482
Cameroon,CMR,2018,15.9267
Cameroon,CMR,2019,15.9215
Canada,CAN,2000,10.7058
Canada,CAN,2001,10.8584
Canada,CAN,2002,10.5269
Canada,CAN,2003,10.8902
Canada,CAN,2004,10.2712
Canada,CAN,2005,10.5804
Canada,CAN,2006,9.56
Canada,CAN,2007,9.86
Canada,CAN,2008,9.88
Canada,CAN,2009,10.2376
Canada,CAN,2010,10.2561
Canada,CAN,2011,9.63
Canada,CAN,2012,10.0738
Canada,CAN,2013,10.1898
Canada,CAN,2014,10.8637
Canada,CAN,2015,11.1557
Canada,CAN,2016,10.3666
Canada,CAN,2017,11.6755
Canada,CAN,2018,10.4952
Canada,CAN,2019,10.3408
Chile,CHL,2000,10.5216
Chile,CHL,2001,10.3841
Chile,CHL,2002,9.68
Chile,CHL,2003,9.69
Chile,CHL,2004,10.0055
Chile,CHL,2005,9.49
Chile,CHL,2006,9.72
Chile,CHL,2007,10.6458
Chile,CHL,2008,11.759
Chile,CHL,2009,12.117
Chile,CHL,2010,11.0055
Chile,CHL,2011,11.0036
Chile,CHL,2012,9.86
Chile,CHL,2013,9.15
Chile,CHL,2014,9.13
Chile,CHL,2015,9.17
Chile,CHL,2016,9.18
Chile,CHL,2017,8.39
Chile,CHL,2018,7.96
Chile,CHL,2019,8.04
China,CHN,2000,14.852
China,CHN,2001,13.3406
China,CHN,2002,12.5215
China,CHN,2003,12.9986
China,CHN,2004,13.3901
China,CHN,2005,12.8269
China,CHN,2006,11.8766
China,CHN,2007,11.1017
China,CHN,2008,10.5933
China,CHN,2009,10.094
China,CHN,2010,9.59
China,CHN,2011,8.84
China,CHN,2012,8.14
China,CHN,2013,7.65
China,CHN,2014,7.35
China,CHN,2015,7.08
China,CHN,2016,6.99
China,CHN,2017,6.89
China,CHN,2018,6.81
China,CHN,2019,6.67
Colombia,COL,2000,5.3
Colombia,COL,2001,5.23
Colombia,COL,2002,4.88
Colombia,COL,2003,4.81
Colombia,COL,2004,4.7
Colombia,COL,2005,4.33
Colombia,COL,2006,4.3
Colombia,COL,2007,4.25
Colombia,COL,2008,4.27
Colombia,COL,2009,4.15
Colombia,COL,2010,3.85
Colombia,COL,2011,3.67
Colombia,COL,2012,3.81
Colombia,COL,2013,3.62
Colombia,COL,2014,3.69
Colombia,COL,2015,4.04
Colombia,COL,2016,4.11
Colombia,COL,2017,4.5
Colombia,COL,2018,3.87
Colombia,COL,2019,3.74
Costa Rica,CRI,2000,6.85
Costa Rica,CRI,2001,5.57
Costa Rica,CRI,2002,7.25
Costa Rica,CRI,2003,8.14
Costa Rica,CRI,2004,8.37
Costa Rica,CRI,2005,6.69
Costa Rica,CRI,2006,8.43
Costa Rica,CRI,2007,5.64
Costa Rica,CRI,2008,5.49
Costa Rica,CRI,2009,5.55
Costa Rica,CRI,2010,6.76
Costa Rica,CRI,2011,6.7
Costa Rica,CRI,2012,6.34
Costa Rica,CRI,2013,6.42
Costa Rica,CRI,2014,5.35
Costa Rica,CRI,2015,6.41
Costa Rica,CRI,2016,7.29
Costa Rica,CRI,2017,5.79
Costa Rica,CRI,2018,6.79
Costa Rica,CRI,2019,7.62
Croatia,HRV,2000,16.2999
Croatia,HRV,2001,15.3325
Croatia,HRV,2002,14.9037
Croatia,HRV,2003,15.1274
Croatia,HRV,2004,15.1018
Croatia,HRV,2005,15.0349
Croatia,HRV,2006,13.7015
Croatia,HRV,2007,13.3783
Croatia,HRV,2008,13.3629
Croatia,HRV,2009,13.2388
Croatia,HRV,2010,13.2019
Croatia,HRV,2011,11.7574
Croatia,HRV,2012,13.1117
Croatia,HRV,2013,12.3065
Croatia,HRV,2014,12.404
Croatia,HRV,2015,12.1535
Croatia,HRV,2016,11.4808
Croatia,HRV,2017,10.8687
Croatia,HRV,2018,11.0976
Croatia,HRV,2019,11.0095
Cyprus,CYP,2000,1.92
Cyprus,CYP,2001,1.98
Cyprus,CYP,2002,2.03
Cyprus,CYP,2003,2.06
Cyprus,CYP,2004,0.819
Cyprus,CYP,2005,2.34
Cyprus,CYP,2006,3.22
Cyprus,CYP,2007,2.82
Cyprus,CYP,2008,5.55
Cyprus,CYP,2009,3.99
Cyprus,CYP,2010,4.63
Cyprus,CYP,2011,3.7
Cyprus,CYP,2012,4.9
Cyprus,CYP,2013,5.1
Cyprus,CYP,2014,4.77
Cyprus,CYP,2015,4.17
Cyprus,CYP,2016,4.15
Cyprus,CYP,2017,3.28
Cyprus,CYP,2018,3.64
Cyprus,CYP,2019,3.18
Czechia,CZE,2000,13.4184
Czechia,CZE,2001,13.2271
Czechia,CZE,2002,12.3653
Czechia,CZE,2003,13.6861
Czechia,CZE,2004,13.1212
Czechia,CZE,2005,12.6079
Czechia,CZE,2006,11.4653
Czechia,CZE,2007,11.2489
Czechia,CZE,2008,11.326
Czechia,CZE,2009,11.829
Czechia,CZE,2010,11.926
Czechia,CZE,2011,12.8985
Czechia,CZE,2012,13.0539
Czechia,CZE,2013,12.7652
Czechia,CZE,2014,11.6959
Czechia,CZE,2015,10.492
Czechia,CZE,2016,10.3358
Czechia,CZE,2017,11.1969
Czechia,CZE,2018,10.8278
Czechia,CZE,2019,9.48
Denmark,DNK,2000,12.5031
Denmark,DNK,2001,12.3463
Denmark,DNK,2002,11.184
Denmark,DNK,2003,10.3062
Denmark,DNK,2004,11.1146
Denmark,DNK,2005,11.0954
Denmark,DNK,2006,11.2006
Denmark,DNK,2007,9.5
Denmark,DNK,2008,10.0425
Denmark,DNK,2009,9.81
Denmark,DNK,2010,8.92
Denmark,DNK,2011,9.67
Denmark,DNK,2012,9.82
Denmark,DNK,2013,8.98
Denmark,DNK,2014,9.09
Denmark,DNK,2015,8.07
Denmark,DNK,2016,8.24
Denmark,DNK,2017,8.28
Denmark,DNK,2018,8.18
Denmark,DNK,2019,7.63
Ecuador,ECU,2000,6.84
Ecuador,ECU,2001,7.3
Ecuador,ECU,2002,8.36
Ecuador,ECU,2003,8.89
Ecuador,ECU,2004,9.43
Ecuador,ECU,2005,10.297
Ecuador,ECU,2006,10.3894
Ecuador,ECU,2007,10.5366
Ecuador,ECU,2008,10.8276
Ecuador,ECU,2009,10.7553
Ecuador,ECU,2010,10.1807
Ecuador,ECU,2011,10.0113
Ecuador,ECU,2012,10.2622
Ecuador,ECU,2013,9.68
Ecuador,ECU,2014,8.9
Ecuador,ECU,2015,8.88
Ecuador,ECU,2016,9.06
Ecuador,ECU,2017,9.26
Ecuador,ECU,2018,8.12
Ecuador,ECU,2019,7.68
Egypt,EGY,2000,3.62
Egypt,EGY,2001,3.75
Egypt,EGY,2002,3.74
Egypt,EGY,2003,3.71
Egypt,EGY,2004,3.66
Egypt,EGY,2005,3.59
Egypt,EGY,2006,3.56
Egypt,EGY,2007,3.51
Egypt,EGY,2008,3.51
Egypt,EGY,2009,3.55
Egypt,EGY,2010,3.62
Egypt,EGY,2011,3.69
Egypt,EGY,2012,3.83
Egypt,EGY,2013,3.77
Egypt,EGY,2014,3.69
Egypt,EGY,2015,3.72
Egypt,EGY,2016,3.63
Egypt,EGY,2017,3.39
Egypt,EGY,2018,3.37
Egypt,EGY,2019,3.41
El Salvador,SLV,2000,6.73
El Salvador,SLV,2001,7.42
El Salvador,SLV,2002,5.92
El Salvador,SLV,2003,7.22
El Salvador,SLV,2004,7.34
El Salvador,SLV,2005,8.2
El Salvador,SLV,2006,6.99
El Salvador,SLV,2007,8.48
El Salvador,SLV,2008,7.28
El Salvador,SLV,2009,8.95
El Salvador,SLV,2010,6.4
El Salvador,SLV,2011,8.02
El Salvador,SLV,2012,6.97
El Salvador,SLV,2013,6.72
El Salvador,SLV,2014,5.96
El Salvador,SLV,2015,6.78
El Salvador,SLV,2016,5.77
El Salvador,SLV,2017,6.16
El Salvador,SLV,2018,6.07
El Salvador,SLV,2019,6.11
Estonia,EST,2000,24.9828
Estonia,EST,2001,26.1351
Estonia,EST,2002,25.7641
Estonia,EST,2003,22.3247
Estonia,EST,2004,23.1477
Estonia,EST,2005,19.0512
Estonia,EST,2006,16.8192
Estonia,EST,2007,17.4709
Estonia,EST,2008,16.2408
Estonia,EST,2009,19.2075
Estonia,EST,2010,15.4209
Estonia,EST,2011,14.7455
Estonia,EST,2012,17.1528
Estonia,EST,2013,14.8978
Estonia,EST,2014,16.1584
Estonia,EST,2015,13.3612
Estonia,EST,2016,12.4886
Estonia,EST,2017,15.1706
Estonia,EST,2018,11.5565
Estonia,EST,2019,11.9633
Ethiopia,ETH,2000,18.3947
Ethiopia,ETH,2001,17.5058
Ethiopia,ETH,2002,16.931
Ethiopia,ETH,2003,16.3415
Ethiopia,ETH,2004,15.7861
Ethiopia,ETH,2005,15.3443
Ethiopia,ETH,2006,14.8545
Ethiopia,ETH,2007,14.517
Ethiopia,ETH,2008,14.2423
Ethiopia,ETH,2009,13.674
Ethiopia,ETH,2010,13.0987
Ethiopia,ETH,2011,12.3783
Ethiopia,ETH,2012,11.336
Ethiopia,ETH,2013,10.4348
Ethiopia,ETH,2014,10.0169
Ethiopia,ETH,2015,9.98
Ethiopia,ETH,2016,9.78
Ethiopia,ETH,2017,9.63
Ethiopia,ETH,2018,9.54
Ethiopia,ETH,2019,9.45
Fiji,FJI,2000,11.6895
Fiji,FJI,2001,11.3599
Fiji,FJI,2002,10.9577
Fiji,FJI,2003,10.4846
Fiji,FJI,2004,10.042
Fiji,FJI,2005,10.1552
Fiji,FJI,2006,9.86
Fiji,FJI,2007,10.0524
Fiji,FJI,2008,10.2007
Fiji,FJI,2009,10.1623
Fiji,FJI,2010,10.1216
Fiji,FJI,2011,10.3294
Fiji,FJI,2012,10.4986
Fiji,FJI,2013,10.5063
Fiji,FJI,2014,10.2661
Fiji,FJI,2015,10.0142
Fiji,FJI,2016,10.0272
Fiji,FJI,2017,9.91
Fiji,FJI,2018,9.72
Fiji,FJI,2019,9.51
Finland,FIN,2000,21.7401
Finland,FIN,2001,21.1854
Finland,FIN,2002,19.1809
Finland,FIN,2003,18.9167
Finland,FIN,2004,18.8647
Finland,FIN,2005,16.8822
Finland,FIN,2006,18.2465
Finland,FIN,2007,16.9785
Finland,FIN,2008,18.1245
Finland,FIN,2009,17.8897
Finland,FIN,2010,16.4366
Finland,FIN,2011,15.6825
Finland,FIN,2012,14.9051
Finland,FIN,2013,15.0442
Finland,FIN,2014,13.6546
Finland,FIN,2015,12.1491
Finland,FIN,2016,13.2613
Finland,FIN,2017,14.3984
Finland,FIN,2018,14.4052
Finland,FIN,2019,13.4337
France,FRA,2000,15.8114
France,FRA,2001,15.3714
France,FRA,2002,15.5945
France,FRA,2003,15.7493
France,FRA,2004,15.2886
France,FRA,2005,14.8165
France,FRA,2006,14.3635
France,FRA,2007,13.7779
France,FRA,2008,13.9587
France,FRA,2009,14.0846
France,FRA,2010,13.8879
France,FRA,2011,13.5949
France,FRA,2012,13.3581
France,FRA,2013,12.4953
France,FRA,2014,11.4486
France,FRA,2015,11.4792
France,FRA,2016,10.6987
France,FRA,2017,10.4047
France,FRA,2018,10.0491
France,FRA,2019,9.65
Georgia,GEO,2000,6.6
Georgia,GEO,2001,6.1
Georgia,GEO,2002,7.34
Georgia,GEO,2003,5.69
Georgia,GEO,2004,6.4
Georgia,GEO,2005,5.45
Georgia,GEO,2006,5.34
Georgia,GEO,2007,5.18
Georgia,GEO,2008,6.52
Georgia,GEO,2009,7.36
Georgia,GEO,2010,6.98
Georgia,GEO,2011,7.2
Georgia,GEO,2012,7.65
Georgia,GEO,2013,8.17
Georgia,GEO,2014,8.58
Georgia,GEO,2015,8.79
Georgia,GEO,2016,9.03
Georgia,GEO,2017,8.07
Georgia,GEO,2018,7.85
Georgia,GEO,2019,7.65
Germany,DEU,2000,11.1552
Germany,DEU,2001,11.1178
Germany,DEU,2002,10.9958
Germany,DEU,2003,10.7872
Germany,DEU,2004,10.3769
Germany,DEU,2005,9.81
Germany,DEU,2006,9.25
Germany,DEU,2007,8.94
Germany,DEU,2008,9.06
Germany,DEU,2009,9.13
Germany,DEU,2010,9.5
Germany,DEU,2011,9.25
Germany,DEU,2012,8.98
Germany,DEU,2013,9.22
Germany,DEU,2014,9.19
Germany,DEU,2015,9.0
Germany,DEU,2016,8.82
Germany,DEU,2017,8.34
Germany,DEU,2018,8.46
Germany,DEU,2019,8.27
Ghana,GHA,2000,9.75
Ghana,GHA,2001,10.4612
Ghana,GHA,2002,10.9584
Ghana,GHA,2003,11.443
Ghana,GHA,2004,11.9059
Ghana,GHA,2005,12.1642
Ghana,GHA,2006,12.3477
Ghana,GHA,2007,12.4245
Ghana,GHA,2008,12.8632
Ghana,GHA,2009,13.0339
Ghana,GHA,2010,13.2592
Ghana,GHA,2011,13.1144
Ghana,GHA,2012,12.9918
Ghana,GHA,2013,12.7869
Ghana,GHA,2014,12.4007
Ghana,GHA,2015,12.0199
Ghana,GHA,2016,11.7367
Ghana,GHA,2017,11.3105
Ghana,GHA,2018,10.7872
Ghana,GHA,2019,10.5411
Greece,GRC,2000,2.86
Greece,GRC,2001,2.52
Greece,GRC,2002,2.29
Greece,GRC,2003,2.7
Greece,GRC,2004,2.48
Greece,GRC,2005,2.87
Greece,GRC,2006,2.9
Greece,GRC,2007,2.45
Greece,GRC,2008,2.63
Greece,GRC,2009,2.87
Greece,GRC,2010,2.72
Greece,GRC,2011,3.51
Greece,GRC,2012,3.73
Greece,GRC,2013,3.96
Greece,GRC,2014,4.04
Greece,GRC,2015,3.78
Greece,GRC,2016,3.42
Greece,GRC,2017,3.79
Greece,GRC,2018,3.65
Greece,GRC,2019,3.62
Guatemala,GTM,2000,13.4838
Guatemala,GTM,2001,14.0853
Guatemala,GTM,2002,13.6718
Guatemala,GTM,2003,13.857
Guatemala,GTM,2004,13.9434
Guatemala,GTM,2005,14.1607
Guatemala,GTM,2006,13.3059
Guatemala,GTM,2007,10.3613
Guatemala,GTM,2008,9.87
Guatemala,GTM,2009,9.46
Guatemala,GTM,2010,8.66
Guatemala,GTM,2011,7.63
Guatemala,GTM,2012,7.01
Guatemala,GTM,2013,6.67
Guatemala,GTM,2014,6.41
Guatemala,GTM,2015,6.4
Guatemala,GTM,2016,6.21
Guatemala,GTM,2017,6.01
Guatemala,GTM,2018,6.31
Guatemala,GTM,2019,6.23
Guinea-Bissau,GNB,2000,17.5428
Guinea-Bissau,GNB,2001,17.1648
Guinea-Bissau,GNB,2002,16.744
Guinea-Bissau,GNB,2003,16.2792
Guinea-Bissau,GNB,2004,16.2016
Guinea-Bissau,GNB,2005,15.6112
Guinea-Bissau,GNB,2006,15.4856
Guinea-Bissau,GNB,2007,15.4641
Guinea-Bissau,GNB,2008,15.5094
Guinea-Bissau,GNB,2009,15.6432
Guinea-Bissau,GNB,2010,15.3916
Guinea-Bissau,GNB,2011,15.0789
Guinea-Bissau,GNB,2012,14.6856
Guinea-Bissau,GNB,2013,14.7925
Guinea-Bissau,GNB,2014,14.1289
Guinea-Bissau,GNB,2015,13.0794
Guinea-Bissau,GNB,2016,13.1489
Guinea-Bissau,GNB,2017,13.0907
Guinea-Bissau,GNB,2018,12.9008
Guinea-Bissau,GNB,2019,12.3787
Guyana,GUY,2000,35.7503
Guyana,GUY,2001,39.8643
Guyana,GUY,2002,39.767
Guyana,GUY,2003,38.1258
Guyana,GUY,2004,37.3065
Guyana,GUY,2005,35.5762
Guyana,GUY,2006,34.9621
Guyana,GUY,2007,35.06
Guyana,GUY,2008,33.6836
Guyana,GUY,2009,36.3115
Guyana,GUY,2010,36.3694
Guyana,GUY,2011,35.3118
Guyana,GUY,2012,37.6222
Guyana,GUY,2013,40.7126
Guyana,GUY,2014,39.5172
Guyana,GUY,2015,39.2983
Guyana,GUY,2016,39.6461
Guyana,GUY,2017,39.861
Guyana,GUY,2018,40.4106
Guyana,GUY,2019,40.8524
Haiti,HTI,2000,12.7198
Haiti,HTI,2001,12.3636
Haiti,HTI,2002,12.0916
Haiti,HTI,2003,12.0086
Haiti,HTI,2004,11.6563
Haiti,HTI,2005,11.9895
Haiti,HTI,2006,12.1182
Haiti,HTI,2007,12.5847
Haiti,HTI,2008,12.5859
Haiti,HTI,2009,12.7614
Haiti,HTI,2010,13.2009
Haiti,HTI,2011,12.4551
Haiti,HTI,2012,12.1786
Haiti,HTI,2013,12.028
Haiti,HTI,2014,12.0012
Haiti,HTI,2015,11.9741
Haiti,HTI,2016,11.6425
Haiti,HTI,2017,11.4465
Haiti,HTI,2018,11.3724
Haiti,HTI,2019,11.1732
Honduras,HND,2000,3.01
Honduras,HND,2001,2.99
Honduras,HND,2002,3.02
Honduras,HND,2003,3.04
Honduras,HND,2004,2.97
Honduras,HND,2005,2.98
Honduras,HND,2006,2.97
Honduras,HND,2007,2.92
Honduras,HND,2008,2.84
Honduras,HND,2009,2.72
Honduras,HND,2010,2.66
Honduras,HND,2011,2.59
Honduras,HND,2012,3.95
Honduras,HND,2013,3.9
Honduras,HND,2014,4.07
Honduras,HND,2015,4.57
Honduras,HND,2016,2.66
Honduras,HND,2017,2.71
Honduras,HND,2018,2.6
Honduras,HND,2019,2.58
Hungary,HUN,2000,26.6231
Hungary,HUN,2001,23.7594
Hungary,HUN,2002,22.7867
Hungary,HUN,2003,21.7934
Hungary,HUN,2004,21.5952
Hungary,HUN,2005,20.4817
Hungary,HUN,2006,19.2226
Hungary,HUN,2007,18.8932
Hungary,HUN,2008,19.1299
Hungary,HUN,2009,19.5367
Hungary,HUN,2010,19.168
Hungary,HUN,2011,18.9487
Hungary,HUN,2012,18.3707
Hungary,HUN,2013,16.1359
Hungary,HUN,2014,14.9597
Hungary,HUN,2015,14.6034
Hungary,HUN,2016,13.3416
Hungary,HUN,2017,12.6186
Hungary,HUN,2018,12.5781
Hungary,HUN,2019,11.7749
Iceland,ISL,2000,12.6779
Iceland,ISL,2001,12.4363
Iceland,ISL,2002,11.752
Iceland,ISL,2003,12.0091
Iceland,ISL,2004,11.4824
Iceland,ISL,2005,10.8093
Iceland,ISL,2006,11.2559
Iceland,ISL,2007,13.4903
Iceland,ISL,2008,13.3457
Iceland,ISL,2009,12.8799
Iceland,ISL,2010,11.7934
Iceland,ISL,2011,10.6851
Iceland,ISL,2012,12.5297
Iceland,ISL,2013,12.4502
Iceland,ISL,2014,14.3706
Iceland,ISL,2015,13.1691
Iceland,ISL,2016,12.2644
Iceland,ISL,2017,11.6645
Iceland,ISL,2018,10.118
Iceland,ISL,2019,11.1504
India,IND,2000,19.0894
India,IND,2001,18.6797
India,IND,2002,18.1643
India,IND,2003,17.2549
India,IND,2004,16.8191
India,IND,2005,17.0138
India,IND,2006,17.1433
India,IND,2007,16.6861
India,IND,2008,16.3159
India,IND,2009,15.5866
India,IND,2010,15.5634
India,IND,2011,15.5038
India,IND,2012,15.0725
India,IND,2013,14.4474
India,IND,2014,13.4931
India,IND,2015,12.9173
India,IND,2016,12.6014
India,IND,2017,12.4847
India,IND,2018,12.8753
India,IND,2019,12.9087
Indonesia,IDN,2000,3.79
Indonesia,IDN,2001,3.71
Indonesia,IDN,2002,3.64
Indonesia,IDN,2003,3.55
Indonesia,IDN,2004,3.47
Indonesia,IDN,2005,3.33
Indonesia,IDN,2006,3.22
Indonesia,IDN,2007,3.15
Indonesia,IDN,2008,3.06
Indonesia,IDN,2009,2.98
Indonesia,IDN,2010,2.92
Indonesia,IDN,2011,2.85
Indonesia,IDN,2012,2.76
Indonesia,IDN,2013,2.69
Indonesia,IDN,2014,2.62
Indonesia,IDN,2015,2.57
Indonesia,IDN,2016,2.58
Indonesia,IDN,2017,2.58
Indonesia,IDN,2018,2.56
Indonesia,IDN,2019,2.55
"Iran, Islamic Republic of",IRN,2000,8.04
"Iran, Islamic Republic of",IRN,2001,7.69
"Iran, Islamic Republic of",IRN,2002,7.33
"Iran, Islamic Republic of",IRN,2003,6.75
"Iran, Islamic Republic of",IRN,2004,6.45
"Iran, Islamic Republic of",IRN,2005,5.97
"Iran, Islamic Republic of",IRN,2006,5.68
"Iran, Islamic Republic of",IRN,2007,5.98
"Iran, Islamic Republic of",IRN,2008,5.74
"Iran, Islamic Republic of",IRN,2009,5.71
"Iran, Islamic Republic of",IRN,2010,5.78
"Iran, Islamic Republic of",IRN,2011,6.14
"Iran, Islamic Republic of",IRN,2012,6.16
"Iran, Islamic Republic of",IRN,2013,6.1
"Iran, Islamic Republic of",IRN,2014,6.06
"Iran, Islamic Republic of",IRN,2015,5.96
"Iran, Islamic Republic of",IRN,2016,5.92
"Iran, Islamic Republic of",IRN,2017,5.8
"Iran, Islamic Republic of",IRN,2018,5.49
"Iran, Islamic Republic of",IRN,2019,5.13
Iraq,IRQ,2000,5.25
Iraq,IRQ,2001,5.19
Iraq,IRQ,2002,5.18
Iraq,IRQ,2003,5.21
Iraq,IRQ,2004,5.16
Iraq,IRQ,2005,5.13
Iraq,IRQ,2006,5.15
Iraq,IRQ,2007,5.02
Iraq,IRQ,2008,4.86
Iraq,IRQ,2009,5.13
Iraq,IRQ,2010,5.34
Iraq,IRQ,2011,5.52
Iraq,IRQ,2012,5.58
Iraq,IRQ,2013,5.7
Iraq,IRQ,2014,5.49
Iraq,IRQ,2015,5.4
Iraq,IRQ,2016,5.33
Iraq,IRQ,2017,5.17
Iraq,IRQ,2018,4.88
Iraq,IRQ,2019,4.74
Ireland,IRL,2000,12.0547
Ireland,IRL,2001,12.4688
Ireland,IRL,2002,11.5294
Ireland,IRL,2003,11.2587
Ireland,IRL,2004,11.0677
Ireland,IRL,2005,10.9755
Ireland,IRL,2006,10.221
Ireland,IRL,2007,10.7603
Ireland,IRL,2008,11.4488
Ireland,IRL,2009,13.3035
Ireland,IRL,2010,11.1685
Ireland,IRL,2011,11.8307
Ireland,IRL,2012,11.6683
Ireland,IRL,2013,10.5032
Ireland,IRL,2014,10.5029
Ireland,IRL,2015,8.71
Ireland,IRL,2016,9.37
Ireland,IRL,2017,9.33
Ireland,IRL,2018,9.17
Ireland,IRL,2019,8.9
Israel,ISR,2000,6.76
Israel,ISR,2001,6.31
Israel,ISR,2002,5.83
Israel,ISR,2003,6.4
Israel,ISR,2004,6.12
Israel,ISR,2005,6.62
Israel,ISR,2006,5.47
Israel,ISR,2007,5.17
Israel,ISR,2008,5.06
Israel,ISR,2009,5.91
Israel,ISR,2010,6.56
Israel,ISR,2011,5.45
Israel,ISR,2012,5.99
Israel,ISR,2013,5.06
Israel,ISR,2014,5.03
Israel,ISR,2015,4.45
Israel,ISR,2016,5.03
Israel,ISR,2017,4.96
Israel,ISR,2018,5.26
Israel,ISR,2019,5.15
Italy,ITA,2000,5.53
Italy,ITA,2001,5.37
Italy,ITA,2002,5.41
Italy,ITA,2003,5.27
Italy,ITA,2004,5.14
Italy,ITA,2005,4.81
Italy,ITA,2006,4.68
Italy,ITA,2007,4.7
Italy,ITA,2008,4.85
Italy,ITA,2009,4.87
Italy,ITA,2010,4.82
Italy,ITA,2011,5.13
Italy,ITA,2012,5.36
Italy,ITA,2013,5.27
Italy,ITA,2014,5.03
Italy,ITA,2015,4.83
Italy,ITA,2016,4.35
Italy,ITA,2017,4.84
Italy,ITA,2018,4.42
Italy,ITA,2019,4.33
Jamaica,JAM,2000,2.05
Jamaica,JAM,2001,2.01
Jamaica,JAM,2002,1.95
Jamaica,JAM,2003,1.87
Jamaica,JAM,2004,1.72
Jamaica,JAM,2005,1.6
Jamaica,JAM,2006,1.63
Jamaica,JAM,2007,1.85
Jamaica,JAM,2008,2.29
Jamaica,JAM,2009,2.39
Jamaica,JAM,2010,1.97
Jamaica,JAM,2011,2.28
Jamaica,JAM,2012,2.09
Jamaica,JAM,2013,2.01
Jamaica,JAM,2014,2.18
Jamaica,JAM,2015,2.17
Jamaica,JAM,2016,2.18
Jamaica,JAM,2017,2.19
Jamaica,JAM,2018,2.21
Jamaica,JAM,2019,2.28
Japan,JPN,2000,18.0794
Japan,JPN,2001,17.4565
Japan,JPN,2002,17.8796
Japan,JPN,2003,19.5243
Japan,JPN,2004,18.421
Japan,JPN,2005,18.8102
Japan,JPN,2006,18.443
Japan,JPN,2007,19.1411
Japan,JPN,2008,19.0277
Japan,JPN,2009,19.4888
Japan,JPN,2010,18.8135
Japan,JPN,2011,18.4317
Japan,JPN,2012,17.0166
Japan,JPN,2013,16.6925
Japan,JPN,2014,15.7798
Japan,JPN,2015,14.8941
Japan,JPN,2016,13.7491
Japan,JPN,2017,13.5067
Japan,JPN,2018,13.3694
Japan,JPN,2019,12.2413
Jordan,JOR,2000,3.5
Jordan,JOR,2001,3.37
Jordan,JOR,2002,3.2
Jordan,JOR,2003,3.13
Jordan,JOR,2004,2.99
Jordan,JOR,2005,2.75
Jordan,JOR,2006,2.56
Jordan,JOR,2007,2.37
Jordan,JOR,2008,2.22
Jordan,JOR,2009,2.09
Jordan,JOR,2010,2.02
Jordan,JOR,2011,1.98
Jordan,JOR,2012,1.96
Jordan,JOR,2013,1.89
Jordan,JOR,2014,1.86
Jordan,JOR,2015,1.85
Jordan,JOR,2016,1.86
Jordan,JOR,2017,1.87
Jordan,JOR,2018,1.94
Jordan,JOR,2019,1.98
Kazakhstan,KAZ,2000,39.4256
Kazakhstan,KAZ,2001,39.3745
Kazakhstan,KAZ,2002,38.3135
Kazakhstan,KAZ,2003,39.049
Kazakhstan,KAZ,2004,39.2829
Kazakhstan,KAZ,2005,38.5854
Kazakhstan,KAZ,2006,37.2296
Kazakhstan,KAZ,2007,37.2101
Kazakhstan,KAZ,2008,33.7604
Kazakhstan,KAZ,2009,29.6119
Kazakhstan,KAZ,2010,29.4073
Kazakhstan,KAZ,2011,28.2918
Kazakhstan,KAZ,2012,27.3275
Kazakhstan,KAZ,2013,26.1559
Kazakhstan,KAZ,2014,24.2292
Kazakhstan,KAZ,2015,23.4201
Kazakhstan,KAZ,2016,22.0118
Kazakhstan,KAZ,2017,21.1923
Kazakhstan,KAZ,2018,19.41
Kazakhstan,KAZ,2019,18.0523
Kenya,KEN,2000,15.8067
Kenya,KEN,2001,14.6949
Kenya,KEN,2002,13.9079
Kenya,KEN,2003,13.198
Kenya,KEN,2004,12.2192
Kenya,KEN,2005,12.917
Kenya,KEN,2006,12.6807
Kenya,KEN,2007,13.0081
Kenya,KEN,2008,12.7706
Kenya,KEN,2009,12.1259
Kenya,KEN,2010,11.8535
Kenya,KEN,2011,11.7685
Kenya,KEN,2012,11.6708
Kenya,KEN,2013,11.5654
Kenya,KEN,2014,11.0777
Kenya,KEN,2015,10.6368
Kenya,KEN,2016,10.4524
Kenya,KEN,2017,10.598
Kenya,KEN,2018,11.0264
Kenya,KEN,2019,11.0129
Latvia,LVA,2000,29.6331
Latvia,LVA,2001,27.5054
Latvia,LVA,2002,27.1239
Latvia,LVA,2003,24.4578
Latvia,LVA,2004,22.053
Latvia,LVA,2005,22.0667
Latvia,LVA,2006,19.0897
Latvia,LVA,2007,16.9967
Latvia,LVA,2008,21.6645
Latvia,LVA,2009,21.6712
Latvia,LVA,2010,18.5949
Latvia,LVA,2011,18.1533
Latvia,LVA,2012,19.3927
Latvia,LVA,2013,16.7007
Latvia,LVA,2014,17.1758
Latvia,LVA,2015,17.1391
Latvia,LVA,2016,17.1457
Latvia,LVA,2017,17.1362
Latvia,LVA,2018,14.2948
Latvia,LVA,2019,16.0631
Lebanon,LBN,2000,2.99
Lebanon,LBN,2001,2.91
Lebanon,LBN,2002,2.88
Lebanon,LBN,2003,2.86
Lebanon,LBN,2004,2.88
Lebanon,LBN,2005,2.89
Lebanon,LBN,2006,2.67
Lebanon,LBN,2007,2.99
Lebanon,LBN,2008,3.01
Lebanon,LBN,2009,3.04
Lebanon,LBN,2010,3.04
Lebanon,LBN,2011,3.06
Lebanon,LBN,2012,2.99
Lebanon,LBN,2013,3.01
Lebanon,LBN,2014,2.84
Lebanon,LBN,2015,2.87
Lebanon,LBN,2016,2.78
Lebanon,LBN,2017,2.99
Lebanon,LBN,2018,2.53
Lebanon,LBN,2019,2.76
Lesotho,LSO,2000,42.604
Lesotho,LSO,2001,40.4066
Lesotho,LSO,2002,42.5535
Lesotho,LSO,2003,45.6768
Lesotho,LSO,2004,47.0599
Lesotho,LSO,2005,46.7412
Lesotho,LSO,2006,55.3566
Lesotho,LSO,2007,61.2674
Lesotho,LSO,2008,77.7903
Lesotho,LSO,2009,84.627
Lesotho,LSO,2010,86.8905
Lesotho,LSO,2011,91.0699
Lesotho,LSO,2012,101.9589
Lesotho,LSO,2013,111.4236
Lesotho,LSO,2014,116.1953
Lesotho,LSO,2015,114.4881
Lesotho,LSO,2016,107.1207
Lesotho,LSO,2017,96.2889
Lesotho,LSO,2018,93.0725
Lesotho,LSO,2019,87.4824
Liberia,LBR,2000,8.79
Liberia,LBR,2001,8.35
Liberia,LBR,2002,8.35
Liberia,LBR,2003,8.27
Liberia,LBR,2004,8.48
Liberia,LBR,2005,8.28
Liberia,LBR,2006,8.45
Liberia,LBR,2007,8.73
Liberia,LBR,2008,8.62
Liberia,LBR,2009,8.58
Liberia,LBR,2010,8.68
Liberia,LBR,2011,8.84
Liberia,LBR,2012,8.73
Liberia,LBR,2013,8.5
Liberia,LBR,2014,8.46
Liberia,LBR,2015,7.71
Liberia,LBR,2016,7.62
Liberia,LBR,2017,7.56
Liberia,LBR,2018,7.42
Liberia,LBR,2019,7.37
Lithuania,LTU,2000,45.7516
Lithuania,LTU,2001,42.0958
Lithuania,LTU,2002,42.2556
Lithuania,LTU,2003,40.1911
Lithuania,LTU,2004,38.0845
Lithuania,LTU,2005,36.8766
Lithuania,LTU,2006,29.7286
Lithuania,LTU,2007,29.872
Lithuania,LTU,2008,32.6457
Lithuania,LTU,2009,33.0874
Lithuania,LTU,2010,31.318
Lithuania,LTU,2011,31.8499
Lithuania,LTU,2012,29.22
Lithuania,LTU,2013,33.969
Lithuania,LTU,2014,29.4396
Lithuania,LTU,2015,28.9273
Lithuania,LTU,2016,26.2069
Lithuania,LTU,2017,23.4923
Lithuania,LTU,2018,21.0806
Lithuania,LTU,2019,20.1545
Luxembourg,LUX,2000,13.446
Luxembourg,LUX,2001,13.52
Luxembourg,LUX,2002,13.2191
Luxembourg,LUX,2003,12.8518
Luxembourg,LUX,2004,9.81
Luxembourg,LUX,2005,10.8684
Luxembourg,LUX,2006,12.7729
Luxembourg,LUX,2007,11.2165
Luxembourg,LUX,2008,10.8067
Luxembourg,LUX,2009,8.9
Luxembourg,LUX,2010,9.62
Luxembourg,LUX,2011,9.32
Luxembourg,LUX,2012,8.95
Luxembourg,LUX,2013,8.83
Luxembourg,LUX,2014,10.056
Luxembourg,LUX,2015,9.57
Luxembourg,LUX,2016,7.55
Luxembourg,LUX,2017,7.53
Luxembourg,LUX,2018,8.03
Luxembourg,LUX,2019,8.62
Malawi,MWI,2000,19.2215
Malawi,MWI,2001,17.9218
Malawi,MWI,2002,16.5388
Malawi,MWI,2003,15.6683
Malawi,MWI,2004,15.0427
Malawi,MWI,2005,14.3227
Malawi,MWI,2006,14.8323
Malawi,MWI,2007,15.3746
Malawi,MWI,2008,15.2269
Malawi,MWI,2009,15.8657
Malawi,MWI,2010,16.0307
Malawi,MWI,2011,14.594
Malawi,MWI,2012,13.6973
Malawi,MWI,2013,13.0397
Malawi,MWI,2014,12.7697
Malawi,MWI,2015,12.5862
Malawi,MWI,2016,12.2463
Malawi,MWI,2017,11.6746
Malawi,MWI,2018,11.0418
Malawi,MWI,2019,10.5762
Malaysia,MYS,2000,6.1
Malaysia,MYS,2001,5.83
Malaysia,MYS,2002,5.77
Malaysia,MYS,2003,5.91
Malaysia,MYS,2004,5.81
Malaysia,MYS,2005,5.65
Malaysia,MYS,2006,5.47
Malaysia,MYS,2007,5.33
Malaysia,MYS,2008,5.43
Malaysia,MYS,2009,5.47
Malaysia,MYS,2010,5.3
Malaysia,MYS,2011,5.24
Malaysia,MYS,2012,5.17
Malaysia,MYS,2013,4.9
Malaysia,MYS,2014,5.1
Malaysia,MYS,2015,5.22
Malaysia,MYS,2016,5.37
Malaysia,MYS,2017,5.57
Malaysia,MYS,2018,5.58
Malaysia,MYS,2019,5.77
Mauritania,MRT,2000,6.39
Mauritania,MRT,2001,6.25
Mauritania,MRT,2002,6.1
Mauritania,MRT,2003,5.93
Mauritania,MRT,2004,6.01
Mauritania,MRT,2005,5.73
Mauritania,MRT,2006,5.75
Mauritania,MRT,2007,5.71
Mauritania,MRT,2008,5.55
Mauritania,MRT,2009,5.56
Mauritania,MRT,2010,5.49
Mauritania,MRT,2011,5.34
Mauritania,MRT,2012,5.53
Mauritania,MRT,2013,5.43
Mauritania,MRT,2014,5.4
Mauritania,MRT,2015,5.33
Mauritania,MRT,2016,5.36
Mauritania,MRT,2017,5.38
Mauritania,MRT,2018,5.42
Mauritania,MRT,2019,5.47
Mexico,MEX,2000,3.86
Mexico,MEX,2001,4.16
Mexico,MEX,2002,4.15
Mexico,MEX,2003,4.27
Mexico,MEX,2004,4.26
Mexico,MEX,2005,4.35
Mexico,MEX,2006,4.25
Mexico,MEX,2007,4.3
Mexico,MEX,2008,4.58
Mexico,MEX,2009,4.81
Mexico,MEX,2010,4.66
Mexico,MEX,2011,5.36
Mexico,MEX,2012,4.95
Mexico,MEX,2013,5.28
Mexico,MEX,2014,5.72
Mexico,MEX,2015,5.6
Mexico,MEX,2016,5.57
Mexico,MEX,2017,5.89
Mexico,MEX,2018,5.36
Mexico,MEX,2019,5.29
"Moldova, Republic of",MDA,2000,16.3208
"Moldova, Republic of",MDA,2001,17.6774
"Moldova, Republic of",MDA,2002,16.5931
"Moldova, Republic of",MDA,2003,17.1287
"Moldova, Republic of",MDA,2004,16.5744
"Moldova, Republic of",MDA,2005,17.0587
"Moldova, Republic of",MDA,2006,17.5052
"Moldova, Republic of",MDA,2007,15.2802
"Moldova, Republic of",MDA,2008,16.8447
"Moldova, Republic of",MDA,2009,17.0734
"Moldova, Republic of",MDA,2010,17.6363
"Moldova, Republic of",MDA,2011,13.2516
"Moldova, Republic of",MDA,2012,14.6133
"Moldova, Republic of",MDA,2013,14.399
"Moldova, Republic of",MDA,2014,14.4705
"Moldova, Republic of",MDA,2015,13.6824
"Moldova, Republic of",MDA,2016,13.4222
"Moldova, Republic of",MDA,2017,12.4382
"Moldova, Republic of",MDA,2018,11.877
"Moldova, Republic of",MDA,2019,12.1666
Mongolia,MNG,2000,23.6307
Mongolia,MNG,2001,23.7091
Mongolia,MNG,2002,22.8869
Mongolia,MNG,2003,23.8369
Mongolia,MNG,2004,23.9235
Mongolia,MNG,2005,23.9082
Mongolia,MNG,2006,23.372
Mongolia,MNG,2007,22.9994
Mongolia,MNG,2008,22.8988
Mongolia,MNG,2009,22.6924
Mongolia,MNG,2010,22.3994
Mongolia,MNG,2011,21.8693
Mongolia,MNG,2012,20.9886
Mongolia,MNG,2013,20.4299
Mongolia,MNG,2014,19.6032
Mongolia,MNG,2015,19.6771
Mongolia,MNG,2016,19.8206
Mongolia,MNG,2017,19.1132
Mongolia,MNG,2018,18.6733
Mongolia,MNG,2019,18.0245
Montenegro,MNE,2000,18.9392
Montenegro,MNE,2001,17.6878
Montenegro,MNE,2002,17.8126
Montenegro,MNE,2003,18.3353
Montenegro,MNE,2004,18.4499
Montenegro,MNE,2005,18.7202
Montenegro,MNE,2006,19.165
Montenegro,MNE,2007,17.5744
Montenegro,MNE,2008,17.3188
Montenegro,MNE,2009,17.228
Montenegro,MNE,2010,16.519
Montenegro,MNE,2011,17.0195
Montenegro,MNE,2012,17.0613
Montenegro,MNE,2013,16.3377
Montenegro,MNE,2014,16.3476
Montenegro,MNE,2015,16.3497
Montenegro,MNE,2016,16.0755
Montenegro,MNE,2017,16.2725
Montenegro,MNE,2018,16.4483
Montenegro,MNE,2019,16.2247
Morocco,MAR,2000,10.8468
Morocco,MAR,2001,10.7512
Morocco,MAR,2002,10.3757
Morocco,MAR,2003,10.3425
Morocco,MAR,2004,10.214
Morocco,MAR,2005,10.0524
Morocco,MAR,2006,9.87
Morocco,MAR,2007,9.86
Morocco,MAR,2008,9.76
Morocco,MAR,2009,9.66
Morocco,MAR,2010,9.53
Morocco,MAR,2011,9.49
Morocco,MAR,2012,9.15
Morocco,MAR,2013,8.24
Morocco,MAR,2014,7.9
Morocco,MAR,2015,7.63
Morocco,MAR,2016,7.41
Morocco,MAR,2017,7.27
Morocco,MAR,2018,7.3
Morocco,MAR,2019,7.29
Mozambique,MOZ,2000,20.9055
Mozambique,MOZ,2001,20.7949
Mozambique,MOZ,2002,20.8273
Mozambique,MOZ,2003,20.8772
Mozambique,MOZ,2004,21.1228
Mozambique,MOZ,2005,21.4269
Mozambique,MOZ,2006,21.6195
Mozambique,MOZ,2007,21.7642
Mozambique,MOZ,2008,23.0849
Mozambique,MOZ,2009,24.6401
Mozambique,MOZ,2010,25.3127
Mozambique,MOZ,2011,25.8642
Mozambique,MOZ,2012,26.5421
Mozambique,MOZ,2013,26.0064
Mozambique,MOZ,2014,24.6784
Mozambique,MOZ,2015,23.966
Mozambique,MOZ,2016,23.3961
Mozambique,MOZ,2017,23.0908
Mozambique,MOZ,2018,23.1854
Mozambique,MOZ,2019,23.1947
Myanmar,MMR,2000,5.14
Myanmar,MMR,2001,4.86
Myanmar,MMR,2002,4.78
Myanmar,MMR,2003,4.67
Myanmar,MMR,2004,4.63
Myanmar,MMR,2005,4.49
Myanmar,MMR,2006,4.44
Myanmar,MMR,2007,4.23
Myanmar,MMR,2008,3.91
Myanmar,MMR,2009,3.88
Myanmar,MMR,2010,3.75
Myanmar,MMR,2011,3.67
Myanmar,MMR,2012,3.54
Myanmar,MMR,2013,3.46
Myanmar,MMR,2014,3.41
Myanmar,MMR,2015,3.34
Myanmar,MMR,2016,3.33
Myanmar,MMR,2017,3.1
Myanmar,MMR,2018,2.96
Myanmar,MMR,2019,2.96
Namibia,NAM,2000,27.4892
Namibia,NAM,2001,26.7353
Namibia,NAM,2002,26.2867
Namibia,NAM,2003,25.4574
Namibia,NAM,2004,23.3842
Namibia,NAM,2005,24.6886
Namibia,NAM,2006,24.5159
Namibia,NAM,2007,23.7422
Namibia,NAM,2008,19.6556
Namibia,NAM,2009,18.4163
Namibia,NAM,2010,17.9939
Namibia,NAM,2011,16.1368
Namibia,NAM,2012,14.5042
Namibia,NAM,2013,14.3848
Namibia,NAM,2014,15.3179
Namibia,NAM,2015,16.2875
Namibia,NAM,2016,14.9151
Namibia,NAM,2017,15.2243
Namibia,NAM,2018,13.7367
Namibia,NAM,2019,13.5141
Nepal,NPL,2000,10.8651
Nepal,NPL,2001,10.3906
Nepal,NPL,2002,10.1431
Nepal,NPL,2003,9.95
Nepal,NPL,2004,9.83
Nepal,NPL,2005,9.98
Nepal,NPL,2006,9.74
Nepal,NPL,2007,9.97
Nepal,NPL,2008,10.2096
Nepal,NPL,2009,10.4615
Nepal,NPL,2010,10.5211
Nepal,NPL,2011,10.7315
Nepal,NPL,2012,10.5922
Nepal,NPL,2013,10.2609
Nepal,NPL,2014,9.93
Nepal,NPL,2015,9.83
Nepal,NPL,2016,9.68
Nepal,NPL,2017,9.63
Nepal,NPL,2018,9.69
Nepal,NPL,2019,9.77
Netherlands,NLD,2000,8.09
Netherlands,NLD,2001,8.01
Netherlands,NLD,2002,8.39
Netherlands,NLD,2003,8.01
Netherlands,NLD,2004,8.13
Netherlands,NLD,2005,8.26
Netherlands,NLD,2006,8.08
Netherlands,NLD,2007,7.06
Netherlands,NLD,2008,7.44
Netherlands,NLD,2009,7.78
Netherlands,NLD,2010,8.06
Netherlands,NLD,2011,8.4
Netherlands,NLD,2012,8.88
Netherlands,NLD,2013,9.47
Netherlands,NLD,2014,9.28
Netherlands,NLD,2015,9.31
Netherlands,NLD,2016,9.33
Netherlands,NLD,2017,9.61
Netherlands,NLD,2018,9.09
Netherlands,NLD,2019,9.27
Nicaragua,NIC,2000,6.28
Nicaragua,NIC,2001,6.21
Nicaragua,NIC,2002,5.85
Nicaragua,NIC,2003,6.65
Nicaragua,NIC,2004,6.43
Nicaragua,NIC,2005,6.07
Nicaragua,NIC,2006,5.27
Nicaragua,NIC,2007,5.4
Nicaragua,NIC,2008,5.57
Nicaragua,NIC,2009,5.47
Nicaragua,NIC,2010,5.37
Nicaragua,NIC,2011,5.94
Nicaragua,NIC,2012,4.86
Nicaragua,NIC,2013,5.87
Nicaragua,NIC,2014,4.95
Nicaragua,NIC,2015,4.47
Nicaragua,NIC,2016,4.59
Nicaragua,NIC,2017,4.73
Nicaragua,NIC,2018,5.04
Nicaragua,NIC,2019,4.66
Niger,NER,2000,9.51
Niger,NER,2001,9.78
Niger,NER,2002,9.72
Niger,NER,2003,10.0178
Niger,NER,2004,9.83
Niger,NER,2005,10.1206
Niger,NER,2006,10.0872
Niger,NER,2007,10.2478
Niger,NER,2008,10.1364
Niger,NER,2009,10.2337
Niger,NER,2010,10.3899
Niger,NER,2011,10.438
Niger,NER,2012,10.5799
Niger,NER,2013,10.6638
Niger,NER,2014,10.6526
Niger,NER,2015,10.3889
Niger,NER,2016,10.2239
Niger,NER,2017,10.1516
Niger,NER,2018,10.1255
Niger,NER,2019,10.1456
Nigeria,NGA,2000,9.18
Nigeria,NGA,2001,9.34
Nigeria,NGA,2002,9.21
Nigeria,NGA,2003,9.16
Nigeria,NGA,2004,9.25
Nigeria,NGA,2005,9.21
Nigeria,NGA,2006,9.16
Nigeria,NGA,2007,9.22
Nigeria,NGA,2008,9.14
Nigeria,NGA,2009,8.97
Nigeria,NGA,2010,8.79
Nigeria,NGA,2011,8.65
Nigeria,NGA,2012,8.33
Nigeria,NGA,2013,8.01
Nigeria,NGA,2014,7.59
Nigeria,NGA,2015,7.31
Nigeria,NGA,2016,7.22
Nigeria,NGA,2017,7.06
Nigeria,NGA,2018,6.95
Nigeria,NGA,2019,6.87
North Macedonia,MKD,2000,8.66
North Macedonia,MKD,2001,11.8735
North Macedonia,MKD,2002,9.0
North Macedonia,MKD,2003,8.27
North Macedonia,MKD,2004,9.43
North Macedonia,MKD,2005,7.65
North Macedonia,MKD,2006,8.47
North Macedonia,MKD,2007,8.07
North Macedonia,MKD,2008,7.93
North Macedonia,MKD,2009,8.11
North Macedonia,MKD,2010,5.82
North Macedonia,MKD,2011,5.91
North Macedonia,MKD,2012,8.15
North Macedonia,MKD,2013,8.05
North Macedonia,MKD,2014,7.43
North Macedonia,MKD,2015,7.28
North Macedonia,MKD,2016,7.27
North Macedonia,MKD,2017,7.23
North Macedonia,MKD,2018,7.22
North Macedonia,MKD,2019,7.15
Norway,NOR,2000,13.0216
Norway,NOR,2001,13.1714
Norway,NOR,2002,11.014
Norway,NOR,2003,10.9631
Norway,NOR,2004,11.7382
Norway,NOR,2005,11.4446
Norway,NOR,2006,11.6463
Norway,NOR,2007,10.5516
Norway,NOR,2008,10.6264
Norway,NOR,2009,11.3734
Norway,NOR,2010,10.8932
Norway,NOR,2011,11.8475
Norway,NOR,2012,9.94
Norway,NOR,2013,10.2912
Norway,NOR,2014,10.0608
Norway,NOR,2015,10.5871
Norway,NOR,2016,11.0784
Norway,NOR,2017,10.3772
Norway,NOR,2018,10.1298
Norway,NOR,2019,9.91
Pakistan,PAK,2000,11.1006
Pakistan,PAK,2001,11.2005
Pakistan,PAK,2002,11.2644
Pakistan,PAK,2003,11.2802
Pakistan,PAK,2004,11.2073
Pakistan,PAK,2005,10.9706
Pakistan,PAK,2006,11.0039
Pakistan,PAK,2007,10.7349
Pakistan,PAK,2008,10.5367
Pakistan,PAK,2009,10.3004
Pakistan,PAK,2010,10.1605
Pakistan,PAK,2011,10.0153
Pakistan,PAK,2012,9.97
Pakistan,PAK,2013,9.98
Pakistan,PAK,2014,9.96
Pakistan,PAK,2015,9.96
Pakistan,PAK,2016,10.0246
Pakistan,PAK,2017,9.98
Pakistan,PAK,2018,9.79
Pakistan,PAK,2019,9.77
Panama,PAN,2000,5.9
Panama,PAN,2001,6.16
Panama,PAN,2002,5.88
Panama,PAN,2003,6.32
Panama,PAN,2004,6.07
Panama,PAN,2005,5.31
Panama,PAN,2006,5.97
Panama,PAN,2007,5.15
Panama,PAN,2008,5.61
Panama,PAN,2009,5.06
Panama,PAN,2010,4.33
Panama,PAN,2011,3.95
Panama,PAN,2012,3.75
Panama,PAN,2013,3.54
Panama,PAN,2014,4.15
Panama,PAN,2015,2.95
Panama,PAN,2016,3.35
Panama,PAN,2017,3.21
Panama,PAN,2018,2.92
Panama,PAN,2019,2.86
Paraguay,PRY,2000,3.64
Paraguay,PRY,2001,3.48
Paraguay,PRY,2002,3.75
Paraguay,PRY,2003,3.71
Paraguay,PRY,2004,4.64
Paraguay,PRY,2005,4.61
Paraguay,PRY,2006,4.6
Paraguay,PRY,2007,4.16
Paraguay,PRY,2008,3.93
Paraguay,PRY,2009,4.74
Paraguay,PRY,2010,3.82
Paraguay,PRY,2011,4.68
Paraguay,PRY,2012,4.7
Paraguay,PRY,2013,5.07
Paraguay,PRY,2014,5.95
Paraguay,PRY,2015,5.85
Paraguay,PRY,2016,5.64
Paraguay,PRY,2017,6.13
Paraguay,PRY,2018,6.1
Paraguay,PRY,2019,6.16
Peru,PER,2000,3.43
Peru,PER,2001,3.18
Peru,PER,2002,3.17
Peru,PER,2003,3.24
Peru,PER,2004,3.06
Peru,PER,2005,2.96
Peru,PER,2006,2.89
Peru,PER,2007,2.82
Peru,PER,2008,2.89
Peru,PER,2009,3.44
Peru,PER,2010,3.63
Peru,PER,2011,3.45
Peru,PER,2012,3.32
Peru,PER,2013,3.19
Peru,PER,2014,2.98
Peru,PER,2015,2.77
Peru,PER,2016,2.66
Peru,PER,2017,2.74
Peru,PER,2018,2.74
Peru,PER,2019,2.73
Philippines,PHL,2000,2.26
Philippines,PHL,2001,1.87
Philippines,PHL,2002,2.11
Philippines,PHL,2003,2.27
Philippines,PHL,2004,2.2
Philippines,PHL,2005,2.36
Philippines,PHL,2006,2.45
Philippines,PHL,2007,2.19
Philippines,PHL,2008,2.36
Philippines,PHL,2009,2.78
Philippines,PHL,2010,2.89
Philippines,PHL,2011,3.37
Philippines,PHL,2012,2.85
Philippines,PHL,2013,2.88
Philippines,PHL,2014,2.69
Philippines,PHL,2015,2.71
Philippines,PHL,2016,2.67
Philippines,PHL,2017,2.63
Philippines,PHL,2018,2.58
Philippines,PHL,2019,2.54
Poland,POL,2000,15.305
Poland,POL,2001,15.2872
Poland,POL,2002,15.2401
Poland,POL,2003,14.909
Poland,POL,2004,15.2488
Poland,POL,2005,15.2212
Poland,POL,2006,14.4866
Poland,POL,2007,13.2654
Poland,POL,2008,14.4118
Poland,POL,2009,16.1071
Poland,POL,2010,15.5079
Poland,POL,2011,14.9836
Poland,POL,2012,15.2859
Poland,POL,2013,15.0567
Poland,POL,2014,14.5016
Poland,POL,2015,13.1516
Poland,POL,2016,11.371
Poland,POL,2017,11.0616
Poland,POL,2018,10.4013
Poland,POL,2019,9.3
Portugal,PRT,2000,5.45
Portugal,PRT,2001,6.54
Portugal,PRT,2002,9.32
Portugal,PRT,2003,8.7
Portugal,PRT,2004,7.45
Portugal,PRT,2005,7.91
Portugal,PRT,2006,7.93
Portugal,PRT,2007,8.33
Portugal,PRT,2008,8.6
Portugal,PRT,2009,8.65
Portugal,PRT,2010,8.83
Portugal,PRT,2011,7.94
Portugal,PRT,2012,8.48
Portugal,PRT,2013,7.98
Portugal,PRT,2014,9.23
Portugal,PRT,2015,8.31
Portugal,PRT,2016,7.38
Portugal,PRT,2017,7.86
Portugal,PRT,2018,7.5
Portugal,PRT,2019,7.22
Romania,ROU,2000,11.3266
Romania,ROU,2001,10.7577
Romania,ROU,2002,12.3193
Romania,ROU,2003,11.5657
Romania,ROU,2004,10.7717
Romania,ROU,2005,10.1982
Romania,ROU,2006,10.6321
Romania,ROU,2007,9.44
Romania,ROU,2008,9.53
Romania,ROU,2009,10.0419
Romania,ROU,2010,10.7085
Romania,ROU,2011,9.86
Romania,ROU,2012,10.3426
Romania,ROU,2013,9.86
Romania,ROU,2014,8.97
Romania,ROU,2015,9.06
Romania,ROU,2016,7.76
Romania,ROU,2017,7.83
Romania,ROU,2018,7.71
Romania,ROU,2019,7.33
Russian Federation,RUS,2000,48.8886
Russian Federation,RUS,2001,47.0948
Russian Federation,RUS,2002,46.1071
Russian Federation,RUS,2003,45.3522
Russian Federation,RUS,2004,43.9183
Russian Federation,RUS,2005,43.5635
Russian Federation,RUS,2006,39.071
Russian Federation,RUS,2007,36.2573
Russian Federation,RUS,2008,35.3817
Russian Federation,RUS,2009,33.3178
Russian Federation,RUS,2010,33.0142
Russian Federation,RUS,2011,31.1029
Russian Federation,RUS,2012,29.8338
Russian Federation,RUS,2013,29.1274
Russian Federation,RUS,2014,29.3725
Russian Federation,RUS,2015,27.8682
Russian Federation,RUS,2016,26.8888
Russian Federation,RUS,2017,24.4088
Russian Federation,RUS,2018,23.403
Russian Federation,RUS,2019,21.5962
Rwanda,RWA,2000,25.5557
Rwanda,RWA,2001,22.9471
Rwanda,RWA,2002,20.7299
Rwanda,RWA,2003,18.3562
Rwanda,RWA,2004,16.1977
Rwanda,RWA,2005,14.9688
Rwanda,RWA,2006,14.3087
Rwanda,RWA,2007,13.6711
Rwanda,RWA,2008,12.9363
Rwanda,RWA,2009,12.0584
Rwanda,RWA,2010,11.5024
Rwanda,RWA,2011,10.9301
Rwanda,RWA,2012,10.5559
Rwanda,RWA,2013,10.133
Rwanda,RWA,2014,10.0719
Rwanda,RWA,2015,9.89
Rwanda,RWA,2016,9.73
Rwanda,RWA,2017,9.62
Rwanda,RWA,2018,9.52
Rwanda,RWA,2019,9.45
Serbia,SRB,2000,18.9131
Serbia,SRB,2001,17.7717
Serbia,SRB,2002,17.8467
Serbia,SRB,2003,17.0463
Serbia,SRB,2004,16.6941
Serbia,SRB,2005,15.6407
Serbia,SRB,2006,14.9956
Serbia,SRB,2007,14.4261
Serbia,SRB,2008,13.9863
Serbia,SRB,2009,14.7962
Serbia,SRB,2010,12.4184
Serbia,SRB,2011,13.1718
Serbia,SRB,2012,13.2804
Serbia,SRB,2013,13.0321
Serbia,SRB,2014,12.0196
Serbia,SRB,2015,11.6904
Serbia,SRB,2016,10.5786
Serbia,SRB,2017,0.325
Serbia,SRB,2018,7.86
Serbia,SRB,2019,7.86
Sierra Leone,SLE,2000,10.133
Sierra Leone,SLE,2001,10.463
Sierra Leone,SLE,2002,10.7355
Sierra Leone,SLE,2003,10.9991
Sierra Leone,SLE,2004,10.9578
Sierra Leone,SLE,2005,10.9332
Sierra Leone,SLE,2006,11.6672
Sierra Leone,SLE,2007,11.6656
Sierra Leone,SLE,2008,11.831
Sierra Leone,SLE,2009,11.932
Sierra Leone,SLE,2010,12.158
Sierra Leone,SLE,2011,11.741
Sierra Leone,SLE,2012,11.8355
Sierra Leone,SLE,2013,11.3464
Sierra Leone,SLE,2014,10.9548
Sierra Leone,SLE,2015,10.5273
Sierra Leone,SLE,2016,10.8334
Sierra Leone,SLE,2017,10.9394
Sierra Leone,SLE,2018,11.1969
Sierra Leone,SLE,2019,11.2529
Slovakia,SVK,2000,12.6265
Slovakia,SVK,2001,12.342
Slovakia,SVK,2002,12.7431
Slovakia,SVK,2003,13.0133
Slovakia,SVK,2004,11.8638
Slovakia,SVK,2005,11.5608
Slovakia,SVK,2006,12.2289
Slovakia,SVK,2007,11.7253
Slovakia,SVK,2008,10.4985
Slovakia,SVK,2009,10.5405
Slovakia,SVK,2010,11.1371
Slovakia,SVK,2011,10.412
Slovakia,SVK,2012,10.2145
Slovakia,SVK,2013,9.92
Slovakia,SVK,2014,10.0166
Slovakia,SVK,2015,9.8
Slovakia,SVK,2016,9.66
Slovakia,SVK,2017,9.55
Slovakia,SVK,2018,9.43
Slovakia,SVK,2019,9.31
Slovenia,SVN,2000,25.6394
Slovenia,SVN,2001,24.6156
Slovenia,SVN,2002,22.9425
Slovenia,SVN,2003,23.1098
Slovenia,SVN,2004,22.288
Slovenia,SVN,2005,20.6436
Slovenia,SVN,2006,20.9718
Slovenia,SVN,2007,17.0211
Slovenia,SVN,2008,15.6328
Slovenia,SVN,2009,16.7768
Slovenia,SVN,2010,15.5552
Slovenia,SVN,2011,15.4581
Slovenia,SVN,2012,15.8963
Slovenia,SVN,2013,16.1595
Slovenia,SVN,2014,14.3636
Slovenia,SVN,2015,14.7524
Slovenia,SVN,2016,14.2867
Slovenia,SVN,2017,14.2857
Slovenia,SVN,2018,12.7934
Slovenia,SVN,2019,13.9658
South Africa,ZAF,2000,26.5553
South Africa,ZAF,2001,26.9215
South Africa,ZAF,2002,28.0224
South Africa,ZAF,2003,28.6676
South Africa,ZAF,2004,27.91
South Africa,ZAF,2005,27.456
South Africa,ZAF,2006,26.5351
South Africa,ZAF,2007,27.4165
South Africa,ZAF,2008,29.43
South Africa,ZAF,2009,29.2416
South Africa,ZAF,2010,26.9164
South Africa,ZAF,2011,24.4307
South Africa,ZAF,2012,24.6346
South Africa,ZAF,2013,25.1173
South Africa,ZAF,2014,25.2779
South Africa,ZAF,2015,25.5519
South Africa,ZAF,2016,25.3077
South Africa,ZAF,2017,25.8377
South Africa,ZAF,2018,24.3895
South Africa,ZAF,2019,23.4856
"Korea, Republic of",KOR,2000,13.8954
"Korea, Republic of",KOR,2001,14.776
"Korea, Republic of",KOR,2002,17.8095
"Korea, Republic of",KOR,2003,22.2741
"Korea, Republic of",KOR,2004,23.0826
"Korea, Republic of",KOR,2005,23.9716
"Korea, Republic of",KOR,2006,20.7773
"Korea, Republic of",KOR,2007,23.2415
"Korea, Republic of",KOR,2008,24.3824
"Korea, Republic of",KOR,2009,28.7773
"Korea, Republic of",KOR,2010,27.9763
"Korea, Republic of",KOR,2011,27.8899
"Korea, Republic of",KOR,2012,24.0125
"Korea, Republic of",KOR,2013,23.8405
"Korea, Republic of",KOR,2014,22.421
"Korea, Republic of",KOR,2015,21.2004
"Korea, Republic of",KOR,2016,20.4869
"Korea, Republic of",KOR,2017,19.3101
"Korea, Republic of",KOR,2018,21.272
"Korea, Republic of",KOR,2019,21.1625
Spain,ESP,2000,6.56
Spain,ESP,2001,6.09
Spain,ESP,2002,6.31
Spain,ESP,2003,6.42
Spain,ESP,2004,6.42
Spain,ESP,2005,5.97
Spain,ESP,2006,5.57
Spain,ESP,2007,5.4
Spain,ESP,2008,5.78
Spain,ESP,2009,5.62
Spain,ESP,2010,5.05
Spain,ESP,2011,5.1
Spain,ESP,2012,5.63
Spain,ESP,2013,6.16
Spain,ESP,2014,6.21
Spain,ESP,2015,5.64
Spain,ESP,2016,5.54
Spain,ESP,2017,5.77
Spain,ESP,2018,5.38
Spain,ESP,2019,5.28
Sri Lanka,LKA,2000,27.425
Sri Lanka,LKA,2001,22.3786
Sri Lanka,LKA,2002,21.4607
Sri Lanka,LKA,2003,21.1961
Sri Lanka,LKA,2004,22.084
Sri Lanka,LKA,2005,28.5767
Sri Lanka,LKA,2006,18.4051
Sri Lanka,LKA,2007,20.0794
Sri Lanka,LKA,2008,17.4714
Sri Lanka,LKA,2009,22.7246
Sri Lanka,LKA,2010,21.8653
Sri Lanka,LKA,2011,17.8453
Sri Lanka,LKA,2012,16.4027
Sri Lanka,LKA,2013,14.9791
Sri Lanka,LKA,2014,12.7173
Sri Lanka,LKA,2015,14.6994
Sri Lanka,LKA,2016,14.1734
Sri Lanka,LKA,2017,13.6742
Sri Lanka,LKA,2018,13.2443
Sri Lanka,LKA,2019,12.8878
Sweden,SWE,2000,12.2091
Sweden,SWE,2001,12.7629
Sweden,SWE,2002,12.6244
Sweden,SWE,2003,11.6806
Sweden,SWE,2004,11.9388
Sweden,SWE,2005,12.6871
Sweden,SWE,2006,12.0839
Sweden,SWE,2007,11.9026
Sweden,SWE,2008,12.3568
Sweden,SWE,2009,13.0935
Sweden,SWE,2010,12.0096
Sweden,SWE,2011,11.9985
Sweden,SWE,2012,12.2529
Sweden,SWE,2013,13.0353
Sweden,SWE,2014,12.284
Sweden,SWE,2015,13.0223
Sweden,SWE,2016,12.151
Sweden,SWE,2017,12.4964
Sweden,SWE,2018,12.6869
Sweden,SWE,2019,12.3731
Switzerland,CHE,2000,15.885
Switzerland,CHE,2001,15.0322
Switzerland,CHE,2002,15.9825
Switzerland,CHE,2003,13.8352
Switzerland,CHE,2004,13.6458
Switzerland,CHE,2005,14.0588
Switzerland,CHE,2006,13.9023
Switzerland,CHE,2007,13.9892
Switzerland,CHE,2008,13.4787
Switzerland,CHE,2009,12.1026
Switzerland,CHE,2010,10.5405
Switzerland,CHE,2011,10.5108
Switzerland,CHE,2012,10.4915
Switzerland,CHE,2013,10.7044
Switzerland,CHE,2014,10.0112
Switzerland,CHE,2015,10.5012
Switzerland,CHE,2016,9.76
Switzerland,CHE,2017,10.3683
Switzerland,CHE,2018,9.88
Switzerland,CHE,2019,9.83
Syrian Arab Republic,SYR,2000,2.01
Syrian Arab Republic,SYR,2001,1.91
Syrian Arab Republic,SYR,2002,1.9
Syrian Arab Republic,SYR,2003,1.8
Syrian Arab Republic,SYR,2004,1.8
Syrian Arab Republic,SYR,2005,1.78
Syrian Arab Republic,SYR,2006,1.75
Syrian Arab Republic,SYR,2007,1.77
Syrian Arab Republic,SYR,2008,1.81
Syrian Arab Republic,SYR,2009,1.79
Syrian Arab Republic,SYR,2010,1.81
Syrian Arab Republic,SYR,2011,1.8
Syrian Arab Republic,SYR,2012,1.89
Syrian Arab Republic,SYR,2013,2.01
Syrian Arab Republic,SYR,2014,2.06
Syrian Arab Republic,SYR,2015,1.95
Syrian Arab Republic,SYR,2016,1.83
Syrian Arab Republic,SYR,2017,1.98
Syrian Arab Republic,SYR,2018,2.1
Syrian Arab Republic,SYR,2019,2.11
Tajikistan,TJK,2000,5.08
Tajikistan,TJK,2001,4.83
Tajikistan,TJK,2002,4.63
Tajikistan,TJK,2003,4.55
Tajikistan,TJK,2004,4.55
Tajikistan,TJK,2005,4.71
Tajikistan,TJK,2006,4.74
Tajikistan,TJK,2007,4.81
Tajikistan,TJK,2008,4.86
Tajikistan,TJK,2009,4.9
Tajikistan,TJK,2010,4.98
Tajikistan,TJK,2011,5.06
Tajikistan,TJK,2012,5.08
Tajikistan,TJK,2013,5.04
Tajikistan,TJK,2014,5.11
Tajikistan,TJK,2015,5.19
Tajikistan,TJK,2016,5.38
Tajikistan,TJK,2017,5.29
Tajikistan,TJK,2018,5.29
Tajikistan,TJK,2019,5.32
"Tanzania, United Republic of",TZA,2000,15.5627
"Tanzania, United Republic of",TZA,2001,14.2068
"Tanzania, United Republic of",TZA,2002,12.7867
"Tanzania, United Republic of",TZA,2003,11.8894
"Tanzania, United Republic of",TZA,2004,10.8707
"Tanzania, United Republic of",TZA,2005,10.2962
"Tanzania, United Republic of",TZA,2006,10.2632
"Tanzania, United Republic of",TZA,2007,10.4346
"Tanzania, United Republic of",TZA,2008,11.0268
"Tanzania, United Republic of",TZA,2009,10.573
"Tanzania, United Republic of",TZA,2010,9.81
"Tanzania, United Republic of",TZA,2011,9.32
"Tanzania, United Republic of",TZA,2012,8.45
"Tanzania, United Republic of",TZA,2013,8.64
"Tanzania, United Republic of",TZA,2014,8.25
"Tanzania, United Republic of",TZA,2015,8.23
"Tanzania, United Republic of",TZA,2016,8.32
"Tanzania, United Republic of",TZA,2017,8.15
"Tanzania, United Republic of",TZA,2018,8.04
"Tanzania, United Republic of",TZA,2019,8.15
Thailand,THA,2000,11.5867
Thailand,THA,2001,10.4546
Thailand,THA,2002,10.4458
Thailand,THA,2003,10.1546
Thailand,THA,2004,9.89
Thailand,THA,2005,8.52
Thailand,THA,2006,8.26
Thailand,THA,2007,7.74
Thailand,THA,2008,7.42
Thailand,THA,2009,7.27
Thailand,THA,2010,7.29
Thailand,THA,2011,7.17
Thailand,THA,2012,7.03
Thailand,THA,2013,6.59
Thailand,THA,2014,6.87
Thailand,THA,2015,7.15
Thailand,THA,2016,7.59
Thailand,THA,2017,7.49
Thailand,THA,2018,7.9
Thailand,THA,2019,7.95
Trinidad and Tobago,TTO,2000,16.1939
Trinidad and Tobago,TTO,2001,16.0512
Trinidad and Tobago,TTO,2002,14.8517
Trinidad and Tobago,TTO,2003,12.9026
Trinidad and Tobago,TTO,2004,12.5825
Trinidad and Tobago,TTO,2005,12.046
Trinidad and Tobago,TTO,2006,10.6948
Trinidad and Tobago,TTO,2007,10.5013
Trinidad and Tobago,TTO,2008,12.774
Trinidad and Tobago,TTO,2009,10.421
Trinidad and Tobago,TTO,2010,10.5916
Trinidad and Tobago,TTO,2011,9.2
Trinidad and Tobago,TTO,2012,8.86
Trinidad and Tobago,TTO,2013,10.143
Trinidad and Tobago,TTO,2014,9.83
Trinidad and Tobago,TTO,2015,9.54
Trinidad and Tobago,TTO,2016,9.23
Trinidad and Tobago,TTO,2017,8.96
Trinidad and Tobago,TTO,2018,8.5
Trinidad and Tobago,TTO,2019,8.28
Tunisia,TUN,2000,3.9
Tunisia,TUN,2001,3.89
Tunisia,TUN,2002,3.88
Tunisia,TUN,2003,3.85
Tunisia,TUN,2004,3.78
Tunisia,TUN,2005,3.69
Tunisia,TUN,2006,3.65
Tunisia,TUN,2007,3.57
Tunisia,TUN,2008,3.47
Tunisia,TUN,2009,3.43
Tunisia,TUN,2010,3.37
Tunisia,TUN,2011,3.29
Tunisia,TUN,2012,3.24
Tunisia,TUN,2013,3.17
Tunisia,TUN,2014,3.1
Tunisia,TUN,2015,3.03
Tunisia,TUN,2016,2.98
Tunisia,TUN,2017,3.01
Tunisia,TUN,2018,3.09
Tunisia,TUN,2019,3.18
Türkiye,TUR,2000,4.21
Türkiye,TUR,2001,3.87
Türkiye,TUR,2002,3.43
Türkiye,TUR,2003,3.3
Türkiye,TUR,2004,3.16
Türkiye,TUR,2005,2.96
Türkiye,TUR,2006,2.79
Türkiye,TUR,2007,2.6
Türkiye,TUR,2008,2.47
Türkiye,TUR,2009,2.47
Türkiye,TUR,2010,2.47
Türkiye,TUR,2011,2.28
Türkiye,TUR,2012,2.24
Türkiye,TUR,2013,2.27
Türkiye,TUR,2014,2.3
Türkiye,TUR,2015,2.26
Türkiye,TUR,2016,2.26
Türkiye,TUR,2017,2.26
Türkiye,TUR,2018,2.25
Türkiye,TUR,2019,2.34
Turkmenistan,TKM,2000,13.8483
Turkmenistan,TKM,2001,14.6926
Turkmenistan,TKM,2002,15.1619
Turkmenistan,TKM,2003,15.3098
Turkmenistan,TKM,2004,15.1896
Turkmenistan,TKM,2005,15.8141
Turkmenistan,TKM,2006,15.5066
Turkmenistan,TKM,2007,13.5964
Turkmenistan,TKM,2008,11.6897
Turkmenistan,TKM,2009,9.6
Turkmenistan,TKM,2010,8.65
Turkmenistan,TKM,2011,7.82
Turkmenistan,TKM,2012,7.36
Turkmenistan,TKM,2013,7.42
Turkmenistan,TKM,2014,7.11
Turkmenistan,TKM,2015,6.62
Turkmenistan,TKM,2016,6.59
Turkmenistan,TKM,2017,6.23
Turkmenistan,TKM,2018,6.09
Turkmenistan,TKM,2019,6.07
Uganda,UGA,2000,21.6512
Uganda,UGA,2001,21.059
Uganda,UGA,2002,20.4827
Uganda,UGA,2003,20.3826
Uganda,UGA,2004,20.5185
Uganda,UGA,2005,20.8355
Uganda,UGA,2006,20.1469
Uganda,UGA,2007,17.683
Uganda,UGA,2008,16.0662
Uganda,UGA,2009,15.4791
Uganda,UGA,2010,14.6431
Uganda,UGA,2011,14.4737
Uganda,UGA,2012,13.2268
Uganda,UGA,2013,12.3833
Uganda,UGA,2014,11.3989
Uganda,UGA,2015,11.0416
Uganda,UGA,2016,11.0628
Uganda,UGA,2017,10.3393
Uganda,UGA,2018,10.2516
Uganda,UGA,2019,10.4467
Ukraine,UKR,2000,33.4823
Ukraine,UKR,2001,31.206
Ukraine,UKR,2002,30.5497
Ukraine,UKR,2003,28.9604
Ukraine,UKR,2004,28.3656
Ukraine,UKR,2005,28.2715
Ukraine,UKR,2006,25.6015
Ukraine,UKR,2007,26.3741
Ukraine,UKR,2008,25.9038
Ukraine,UKR,2009,21.8127
Ukraine,UKR,2010,20.1696
Ukraine,UKR,2011,18.9459
Ukraine,UKR,2012,19.0152
Ukraine,UKR,2013,18.6574
Ukraine,UKR,2014,20.3935
Ukraine,UKR,2015,17.8746
Ukraine,UKR,2016,17.5641
Ukraine,UKR,2017,16.9397
Ukraine,UKR,2018,17.9939
Ukraine,UKR,2019,17.7287
United Arab Emirates,ARE,2000,8.01
United Arab Emirates,ARE,2001,7.89
United Arab Emirates,ARE,2002,7.36
United Arab Emirates,ARE,2003,6.8
United Arab Emirates,ARE,2004,6.78
United Arab Emirates,ARE,2005,6.76
United Arab Emirates,ARE,2006,6.92
United Arab Emirates,ARE,2007,6.82
United Arab Emirates,ARE,2008,6.69
United Arab Emirates,ARE,2009,6.58
United Arab Emirates,ARE,2010,6.42
United Arab Emirates,ARE,2011,6.29
United Arab Emirates,ARE,2012,6.13
United Arab Emirates,ARE,2013,5.91
United Arab Emirates,ARE,2014,5.6
United Arab Emirates,ARE,2015,5.25
United Arab Emirates,ARE,2016,4.97
United Arab Emirates,ARE,2017,4.78
United Arab Emirates,ARE,2018,5.01
United Arab Emirates,ARE,2019,5.24
United Kingdom,GBR,2000,7.74
United Kingdom,GBR,2001,7.5
United Kingdom,GBR,2002,7.48
United Kingdom,GBR,2003,7.03
United Kingdom,GBR,2004,7.23
United Kingdom,GBR,2005,6.94
United Kingdom,GBR,2006,6.89
United Kingdom,GBR,2007,6.71
United Kingdom,GBR,2008,7.26
United Kingdom,GBR,2009,7.15
United Kingdom,GBR,2010,6.95
United Kingdom,GBR,2011,7.42
United Kingdom,GBR,2012,7.36
United Kingdom,GBR,2013,7.71
United Kingdom,GBR,2014,7.64
United Kingdom,GBR,2015,7.81
United Kingdom,GBR,2016,7.62
United Kingdom,GBR,2017,7.24
United Kingdom,GBR,2018,7.08
United Kingdom,GBR,2019,6.88
United States,USA,2000,10.0171
United States,USA,2001,10.3324
United States,USA,2002,10.6292
United States,USA,2003,10.5701
United States,USA,2004,10.7899
United States,USA,2005,10.6918
United States,USA,2006,10.9617
United States,USA,2007,11.1877
United States,USA,2008,11.3954
United States,USA,2009,11.4196
United States,USA,2010,11.7231
United States,USA,2011,12.0052
United States,USA,2012,12.0604
United States,USA,2013,12.0375
United States,USA,2014,12.3954
United States,USA,2015,12.8624
United States,USA,2016,13.6503
United States,USA,2017,14.4114
United States,USA,2018,14.0916
United States,USA,2019,14.5111
Uruguay,URY,2000,14.4975
Uruguay,URY,2001,13.2267
Uruguay,URY,2002,17.8998
Uruguay,URY,2003,14.1555
Uruguay,URY,2004,13.8695
Uruguay,URY,2005,13.256
Uruguay,URY,2006,13.7935
Uruguay,URY,2007,15.7926
Uruguay,URY,2008,13.512
Uruguay,URY,2009,13.3725
Uruguay,URY,2010,14.2563
Uruguay,URY,2011,15.024
Uruguay,URY,2012,16.0975
Uruguay,URY,2013,14.1573
Uruguay,URY,2014,15.7673
Uruguay,URY,2015,16.6639
Uruguay,URY,2016,18.7011
Uruguay,URY,2017,18.5447
Uruguay,URY,2018,18.8463
Uruguay,URY,2019,18.8276
Uzbekistan,UZB,2000,12.0487
Uzbekistan,UZB,2001,11.7327
Uzbekistan,UZB,2002,11.2971
Uzbekistan,UZB,2003,10.3873
Uzbekistan,UZB,2004,9.81
Uzbekistan,UZB,2005,10.2239
Uzbekistan,UZB,2006,9.59
Uzbekistan,UZB,2007,9.25
Uzbekistan,UZB,2008,8.9
Uzbekistan,UZB,2009,8.22
Uzbekistan,UZB,2010,8.3
Uzbekistan,UZB,2011,8.57
Uzbekistan,UZB,2012,8.98
Uzbekistan,UZB,2013,8.92
Uzbekistan,UZB,2014,9.03
Uzbekistan,UZB,2015,9.2
Uzbekistan,UZB,2016,9.21
Uzbekistan,UZB,2017,8.92
Uzbekistan,UZB,2018,8.73
Uzbekistan,UZB,2019,8.28
"Venezuela, Bolivarian Republic of",VEN,2000,6.35
"Venezuela, Bolivarian Republic of",VEN,2001,6.52
"Venezuela, Bolivarian Republic of",VEN,2002,6.18
"Venezuela, Bolivarian Republic of",VEN,2003,5.6
"Venezuela, Bolivarian Republic of",VEN,2004,5.06
"Venezuela, Bolivarian Republic of",VEN,2005,4.77
"Venezuela, Bolivarian Republic of",VEN,2006,4.29
"Venezuela, Bolivarian Republic of",VEN,2007,4.04
"Venezuela, Bolivarian Republic of",VEN,2008,3.74
"Venezuela, Bolivarian Republic of",VEN,2009,3.4
"Venezuela, Bolivarian Republic of",VEN,2010,3.6
"Venezuela, Bolivarian Republic of",VEN,2011,3.81
"Venezuela, Bolivarian Republic of",VEN,2012,3.41
"Venezuela, Bolivarian Republic of",VEN,2013,2.61
"Venezuela, Bolivarian Republic of",VEN,2014,2.26
"Venezuela, Bolivarian Republic of",VEN,2015,2.37
"Venezuela, Bolivarian Republic of",VEN,2016,2.29
"Venezuela, Bolivarian Republic of",VEN,2017,2.24
"Venezuela, Bolivarian Republic of",VEN,2018,2.21
"Venezuela, Bolivarian Republic of",VEN,2019,2.1
Viet Nam,VNM,2000,7.17
Viet Nam,VNM,2001,7.09
Viet Nam,VNM,2002,6.98
Viet Nam,VNM,2003,6.95
Viet Nam,VNM,2004,7.01
Viet Nam,VNM,2005,6.94
Viet Nam,VNM,2006,7.04
Viet Nam,VNM,2007,7.21
Viet Nam,VNM,2008,7.35
Viet Nam,VNM,2009,7.31
Viet Nam,VNM,2010,7.3
Viet Nam,VNM,2011,7.39
Viet Nam,VNM,2012,7.52
Viet Nam,VNM,2013,7.53
Viet Nam,VNM,2014,7.64
Viet Nam,VNM,2015,7.61
Viet Nam,VNM,2016,7.58
Viet Nam,VNM,2017,7.5
Viet Nam,VNM,2018,7.37
Viet Nam,VNM,2019,7.22
Yemen,YEM,2000,8.51
Yemen,YEM,2001,8.41
Yemen,YEM,2002,8.21
Yemen,YEM,2003,8.09
Yemen,YEM,2004,8.12
Yemen,YEM,2005,7.97
Yemen,YEM,2006,7.82
Yemen,YEM,2007,7.73
Yemen,YEM,2008,7.81
Yemen,YEM,2009,7.63
Yemen,YEM,2010,7.35
Yemen,YEM,2011,7.2
Yemen,YEM,2012,7.21
Yemen,YEM,2013,7.11
Yemen,YEM,2014,7.03
Yemen,YEM,2015,6.8
Yemen,YEM,2016,6.98
Yemen,YEM,2017,6.86
Yemen,YEM,2018,7.09
Yemen,YEM,2019,7.06
Zambia,ZMB,2000,24.0347
Zambia,ZMB,2001,22.6923
Zambia,ZMB,2002,22.3213
Zambia,ZMB,2003,21.5137
Zambia,ZMB,2004,22.4683
Zambia,ZMB,2005,22.1279
Zambia,ZMB,2006,21.8164
Zambia,ZMB,2007,19.8376
Zambia,ZMB,2008,19.0079
Zambia,ZMB,2009,19.02
Zambia,ZMB,2010,19.7074
Zambia,ZMB,2011,19.8241
Zambia,ZMB,2012,18.5188
Zambia,ZMB,2013,17.9084
Zambia,ZMB,2014,17.7448
Zambia,ZMB,2015,17.2602
Zambia,ZMB,2016,16.7134
Zambia,ZMB,2017,16.6746
Zambia,ZMB,2018,15.8985
Zambia,ZMB,2019,14.4258
Zimbabwe,ZWE,2000,19.9764
Zimbabwe,ZWE,2001,19.5311
Zimbabwe,ZWE,2002,20.3409
Zimbabwe,ZWE,2003,20.232
Zimbabwe,ZWE,2004,21.4657
Zimbabwe,ZWE,2005,21.9666
Zimbabwe,ZWE,2006,21.9746
Zimbabwe,ZWE,2007,27.2252
Zimbabwe,ZWE,2008,31.6979
Zimbabwe,ZWE,2009,35.2436
Zimbabwe,ZWE,2010,35.0142
Zimbabwe,ZWE,2011,34.3032
Zimbabwe,ZWE,2012,33.0652
Zimbabwe,ZWE,2013,31.3951
Zimbabwe,ZWE,2014,30.833
Zimbabwe,ZWE,2015,30.7352
Zimbabwe,ZWE,2016,28.6973
Zimbabwe,ZWE,2017,25.8514
Zimbabwe,ZWE,2018,23.8676
Zimbabwe,ZWE,2019,23.6286
